source_column,raw_value,python_normalized
customers.customer_city,abadia dos dourados,abadia dos dourados
customers.customer_city,abadiania,abadiania
customers.customer_city,abaete,abaete
customers.customer_city,abaetetuba,abaetetuba
customers.customer_city,abaiara,abaiara
customers.customer_city,abaira,abaira
customers.customer_city,abare,abare
customers.customer_city,abatia,abatia
customers.customer_city,abdon batista,abdon batista
customers.customer_city,abelardo luz,abelardo luz
customers.customer_city,abrantes,abrantes
customers.customer_city,abre campo,abre campo
customers.customer_city,abreu e lima,abreu e lima
customers.customer_city,acaiaca,acaiaca
customers.customer_city,acailandia,acailandia
customers.customer_city,acajutiba,acajutiba
customers.customer_city,acarau,acarau
customers.customer_city,acari,acari
customers.customer_city,acegua,acegua
customers.customer_city,acopiara,acopiara
customers.customer_city,acreuna,acreuna
customers.customer_city,acu,acu
customers.customer_city,acucena,acucena
customers.customer_city,adamantina,adamantina
customers.customer_city,adhemar de barros,adhemar de barros
customers.customer_city,adolfo,adolfo
customers.customer_city,adrianopolis,adrianopolis
customers.customer_city,adustina,adustina
customers.customer_city,afogados da ingazeira,afogados da ingazeira
customers.customer_city,afonso claudio,afonso claudio
customers.customer_city,afranio,afranio
customers.customer_city,agisse,agisse
customers.customer_city,agrestina,agrestina
customers.customer_city,agrolandia,agrolandia
customers.customer_city,agronomica,agronomica
customers.customer_city,agua boa,agua boa
customers.customer_city,agua branca,agua branca
customers.customer_city,agua clara,agua clara
customers.customer_city,agua comprida,agua comprida
customers.customer_city,agua doce,agua doce
customers.customer_city,agua doce do norte,agua doce do norte
customers.customer_city,agua fria de goias,agua fria de goias
customers.customer_city,agua limpa,agua limpa
customers.customer_city,agua nova,agua nova
customers.customer_city,agua preta,agua preta
customers.customer_city,agua santa,agua santa
customers.customer_city,aguai,aguai
customers.customer_city,aguas belas,aguas belas
customers.customer_city,aguas claras,aguas claras
customers.customer_city,aguas da prata,aguas da prata
customers.customer_city,aguas de lindoia,aguas de lindoia
customers.customer_city,aguas de santa barbara,aguas de santa barbara
customers.customer_city,aguas de sao pedro,aguas de sao pedro
customers.customer_city,aguas formosas,aguas formosas
customers.customer_city,aguas frias,aguas frias
customers.customer_city,aguas lindas de goias,aguas lindas de goias
customers.customer_city,aguas mornas,aguas mornas
customers.customer_city,aguas vermelhas,aguas vermelhas
customers.customer_city,agudo,agudo
customers.customer_city,agudos,agudos
customers.customer_city,aguia branca,aguia branca
customers.customer_city,aimores,aimores
customers.customer_city,aiuaba,aiuaba
customers.customer_city,aiuruoca,aiuruoca
customers.customer_city,ajapi,ajapi
customers.customer_city,ajuricaba,ajuricaba
customers.customer_city,alagoa,alagoa
customers.customer_city,alagoa grande,alagoa grande
customers.customer_city,alagoa nova,alagoa nova
customers.customer_city,alagoinha,alagoinha
customers.customer_city,alagoinhas,alagoinhas
customers.customer_city,alambari,alambari
customers.customer_city,alcantara,alcantara
customers.customer_city,alcinopolis,alcinopolis
customers.customer_city,alcobaca,alcobaca
customers.customer_city,alegre,alegre
customers.customer_city,alegrete,alegrete
customers.customer_city,alegrete do piaui,alegrete do piaui
customers.customer_city,alegria,alegria
customers.customer_city,alem paraiba,alem paraiba
customers.customer_city,alexandra,alexandra
customers.customer_city,alexandria,alexandria
customers.customer_city,alexandrita,alexandrita
customers.customer_city,alexania,alexania
customers.customer_city,alfenas,alfenas
customers.customer_city,alfredo chaves,alfredo chaves
customers.customer_city,alfredo marcondes,alfredo marcondes
customers.customer_city,alfredo vasconcelos,alfredo vasconcelos
customers.customer_city,alfredo wagner,alfredo wagner
customers.customer_city,alhandra,alhandra
customers.customer_city,alianca,alianca
customers.customer_city,alianca do tocantins,alianca do tocantins
customers.customer_city,almas,almas
customers.customer_city,almenara,almenara
customers.customer_city,almino afonso,almino afonso
customers.customer_city,almirante tamandare,almirante tamandare
customers.customer_city,almirante tamandare do sul,almirante tamandare do sul
customers.customer_city,alpercata,alpercata
customers.customer_city,alpestre,alpestre
customers.customer_city,alpinopolis,alpinopolis
customers.customer_city,alta floresta,alta floresta
customers.customer_city,alta floresta d'oeste,alta floresta d oeste
customers.customer_city,altamira,altamira
customers.customer_city,altamira do parana,altamira do parana
customers.customer_city,altaneira,altaneira
customers.customer_city,alterosa,alterosa
customers.customer_city,altinho,altinho
customers.customer_city,altinopolis,altinopolis
customers.customer_city,alto alegre,alto alegre
customers.customer_city,alto alegre do iguacu,alto alegre do iguacu
customers.customer_city,alto alegre do maranhao,alto alegre do maranhao
customers.customer_city,alto alegre do pindare,alto alegre do pindare
customers.customer_city,alto araguaia,alto araguaia
customers.customer_city,alto bela vista,alto bela vista
customers.customer_city,alto boa vista,alto boa vista
customers.customer_city,alto caparao,alto caparao
customers.customer_city,alto do rodrigues,alto do rodrigues
customers.customer_city,alto garcas,alto garcas
customers.customer_city,alto horizonte,alto horizonte
customers.customer_city,alto jequitiba,alto jequitiba
customers.customer_city,alto paraiso,alto paraiso
customers.customer_city,alto paraiso de goias,alto paraiso de goias
customers.customer_city,alto parana,alto parana
customers.customer_city,alto parnaiba,alto parnaiba
customers.customer_city,alto piquiri,alto piquiri
customers.customer_city,alto rio doce,alto rio doce
customers.customer_city,alto rio novo,alto rio novo
customers.customer_city,alto santo,alto santo
customers.customer_city,alto sao joao,alto sao joao
customers.customer_city,alto taquari,alto taquari
customers.customer_city,altonia,altonia
customers.customer_city,altos,altos
customers.customer_city,aluminio,aluminio
customers.customer_city,alvarenga,alvarenga
customers.customer_city,alvares florence,alvares florence
customers.customer_city,alvares machado,alvares machado
customers.customer_city,alvaro de carvalho,alvaro de carvalho
customers.customer_city,alvinopolis,alvinopolis
customers.customer_city,alvorada,alvorada
customers.customer_city,alvorada d'oeste,alvorada d oeste
customers.customer_city,alvorada do gurgueia,alvorada do gurgueia
customers.customer_city,alvorada do norte,alvorada do norte
customers.customer_city,amambai,amambai
customers.customer_city,amanari,amanari
customers.customer_city,amapa do maranhao,amapa do maranhao
customers.customer_city,amapora,amapora
customers.customer_city,amaraji,amaraji
customers.customer_city,amarante,amarante
customers.customer_city,amargosa,amargosa
customers.customer_city,amelia rodrigues,amelia rodrigues
customers.customer_city,america dourada,america dourada
customers.customer_city,americana,americana
customers.customer_city,americano do brasil,americano do brasil
customers.customer_city,americo brasiliense,americo brasiliense
customers.customer_city,americo de campos,americo de campos
customers.customer_city,ametista do sul,ametista do sul
customers.customer_city,amontada,amontada
customers.customer_city,amparo,amparo
customers.customer_city,amparo da serra,amparo da serra
customers.customer_city,ampere,ampere
customers.customer_city,anadia,anadia
customers.customer_city,anage,anage
customers.customer_city,analandia,analandia
customers.customer_city,ananas,ananas
customers.customer_city,ananindeua,ananindeua
customers.customer_city,anapolis,anapolis
customers.customer_city,anastacio,anastacio
customers.customer_city,anaurilandia,anaurilandia
customers.customer_city,anchieta,anchieta
customers.customer_city,andarai,andarai
customers.customer_city,andira,andira
customers.customer_city,andorinha,andorinha
customers.customer_city,andradas,andradas
customers.customer_city,andradina,andradina
customers.customer_city,andre da rocha,andre da rocha
customers.customer_city,andrelandia,andrelandia
customers.customer_city,andrequice,andrequice
customers.customer_city,angatuba,angatuba
customers.customer_city,angelica,angelica
customers.customer_city,angelina,angelina
customers.customer_city,angelo frechiani,angelo frechiani
customers.customer_city,angical,angical
customers.customer_city,angical do piaui,angical do piaui
customers.customer_city,angicos,angicos
customers.customer_city,angra dos reis,angra dos reis
customers.customer_city,anguera,anguera
customers.customer_city,angulo,angulo
customers.customer_city,angustura,angustura
customers.customer_city,anhandui,anhandui
customers.customer_city,anhembi,anhembi
customers.customer_city,anhumas,anhumas
customers.customer_city,anicuns,anicuns
customers.customer_city,anita garibaldi,anita garibaldi
customers.customer_city,anitapolis,anitapolis
customers.customer_city,anta,anta
customers.customer_city,anta gorda,anta gorda
customers.customer_city,antonina,antonina
customers.customer_city,antonina do norte,antonina do norte
customers.customer_city,antonio cardoso,antonio cardoso
customers.customer_city,antonio carlos,antonio carlos
customers.customer_city,antonio goncalves,antonio goncalves
customers.customer_city,antonio martins,antonio martins
customers.customer_city,antonio pereira,antonio pereira
customers.customer_city,antonio prado,antonio prado
customers.customer_city,antonio prado de minas,antonio prado de minas
customers.customer_city,antunes,antunes
customers.customer_city,aparecida,aparecida
customers.customer_city,aparecida d'oeste,aparecida d oeste
customers.customer_city,aparecida de goiania,aparecida de goiania
customers.customer_city,aparecida de monte alto,aparecida de monte alto
customers.customer_city,aparecida de sao manuel,aparecida de sao manuel
customers.customer_city,aparecida do rio negro,aparecida do rio negro
customers.customer_city,aparecida do taboado,aparecida do taboado
customers.customer_city,aperibe,aperibe
customers.customer_city,apiaca,apiaca
customers.customer_city,apiacas,apiacas
customers.customer_city,apiai,apiai
customers.customer_city,apiuna,apiuna
customers.customer_city,apodi,apodi
customers.customer_city,apora,apora
customers.customer_city,apore,apore
customers.customer_city,apuarema,apuarema
customers.customer_city,apucarana,apucarana
customers.customer_city,apuiares,apuiares
customers.customer_city,aquidaba,aquidaba
customers.customer_city,aquidauana,aquidauana
customers.customer_city,aquiraz,aquiraz
customers.customer_city,aracaju,aracaju
customers.customer_city,aracariguama,aracariguama
customers.customer_city,aracati,aracati
customers.customer_city,aracatu,aracatu
customers.customer_city,aracatuba,aracatuba
customers.customer_city,arace,arace
customers.customer_city,araci,araci
customers.customer_city,aracitaba,aracitaba
customers.customer_city,aracoiaba,aracoiaba
customers.customer_city,aracoiaba da serra,aracoiaba da serra
customers.customer_city,aracruz,aracruz
customers.customer_city,aracuai,aracuai
customers.customer_city,aragarcas,aragarcas
customers.customer_city,aragoiania,aragoiania
customers.customer_city,araguacu,araguacu
customers.customer_city,araguaia,araguaia
customers.customer_city,araguaina,araguaina
customers.customer_city,araguana,araguana
customers.customer_city,araguapaz,araguapaz
customers.customer_city,araguari,araguari
customers.customer_city,araguatins,araguatins
customers.customer_city,aramari,aramari
customers.customer_city,arame,arame
customers.customer_city,aramina,aramina
customers.customer_city,arandu,arandu
customers.customer_city,arantina,arantina
customers.customer_city,arapei,arapei
customers.customer_city,arapiraca,arapiraca
customers.customer_city,arapoema,arapoema
customers.customer_city,araponga,araponga
customers.customer_city,arapongas,arapongas
customers.customer_city,arapora,arapora
customers.customer_city,arapoti,arapoti
customers.customer_city,arapua,arapua
customers.customer_city,araputanga,araputanga
customers.customer_city,araquari,araquari
customers.customer_city,arara,arara
customers.customer_city,ararangua,ararangua
customers.customer_city,araraquara,araraquara
customers.customer_city,araras,araras
customers.customer_city,arari,arari
customers.customer_city,ararica,ararica
customers.customer_city,araripe,araripe
customers.customer_city,araripina,araripina
customers.customer_city,araruama,araruama
customers.customer_city,araruna,araruna
customers.customer_city,arataca,arataca
customers.customer_city,aratiba,aratiba
customers.customer_city,aratuba,aratuba
customers.customer_city,araucaria,araucaria
customers.customer_city,araujos,araujos
customers.customer_city,araxa,araxa
customers.customer_city,arceburgo,arceburgo
customers.customer_city,arcos,arcos
customers.customer_city,arcoverde,arcoverde
customers.customer_city,areado,areado
customers.customer_city,areal,areal
customers.customer_city,arealva,arealva
customers.customer_city,areia,areia
customers.customer_city,areia branca,areia branca
customers.customer_city,areia branca dos assis,areia branca dos assis
customers.customer_city,areial,areial
customers.customer_city,areias,areias
customers.customer_city,areiopolis,areiopolis
customers.customer_city,arembepe,arembepe
customers.customer_city,arenapolis,arenapolis
customers.customer_city,arenopolis,arenopolis
customers.customer_city,aribice,aribice
customers.customer_city,arinos,arinos
customers.customer_city,aripuana,aripuana
customers.customer_city,ariquemes,ariquemes
customers.customer_city,ariranha,ariranha
customers.customer_city,armacao dos buzios,armacao dos buzios
customers.customer_city,armazem,armazem
customers.customer_city,arneiroz,arneiroz
customers.customer_city,aroeiras,aroeiras
customers.customer_city,arraial d ajuda,arraial d ajuda
customers.customer_city,arraial d'ajuda,arraial d ajuda
customers.customer_city,arraial do cabo,arraial do cabo
customers.customer_city,arraias,arraias
customers.customer_city,arroio do meio,arroio do meio
customers.customer_city,arroio do sal,arroio do sal
customers.customer_city,arroio do tigre,arroio do tigre
customers.customer_city,arroio dos ratos,arroio dos ratos
customers.customer_city,arroio grande,arroio grande
customers.customer_city,arroio trinta,arroio trinta
customers.customer_city,arrozal,arrozal
customers.customer_city,artur nogueira,artur nogueira
customers.customer_city,aruana,aruana
customers.customer_city,aruja,aruja
customers.customer_city,arvoredo,arvoredo
customers.customer_city,arvorezinha,arvorezinha
customers.customer_city,ascurra,ascurra
customers.customer_city,assai,assai
customers.customer_city,assare,assare
customers.customer_city,assis,assis
customers.customer_city,assis chateaubriand,assis chateaubriand
customers.customer_city,assuncao,assuncao
customers.customer_city,astolfo dutra,astolfo dutra
customers.customer_city,astorga,astorga
customers.customer_city,atalaia,atalaia
customers.customer_city,atalanta,atalanta
customers.customer_city,ataleia,ataleia
customers.customer_city,atibaia,atibaia
customers.customer_city,atilio vivacqua,atilio vivacqua
customers.customer_city,augustinopolis,augustinopolis
customers.customer_city,augusto correa,augusto correa
customers.customer_city,augusto pestana,augusto pestana
customers.customer_city,aurea,aurea
customers.customer_city,auriflama,auriflama
customers.customer_city,aurilandia,aurilandia
customers.customer_city,aurora,aurora
customers.customer_city,aurora do para,aurora do para
customers.customer_city,avai,avai
customers.customer_city,avanhandava,avanhandava
customers.customer_city,avare,avare
customers.customer_city,avelar,avelar
customers.customer_city,avelino lopes,avelino lopes
customers.customer_city,azurita,azurita
customers.customer_city,bacabal,bacabal
customers.customer_city,bacaxa,bacaxa
customers.customer_city,bacuri,bacuri
customers.customer_city,bady bassitt,bady bassitt
customers.customer_city,baependi,baependi
customers.customer_city,bage,bage
customers.customer_city,baguari,baguari
customers.customer_city,baianopolis,baianopolis
customers.customer_city,baixa grande,baixa grande
customers.customer_city,baixa grande do ribeiro,baixa grande do ribeiro
customers.customer_city,baixo guandu,baixo guandu
customers.customer_city,balbinos,balbinos
customers.customer_city,baldim,baldim
customers.customer_city,balneario arroio do silva,balneario arroio do silva
customers.customer_city,balneario barra do sul,balneario barra do sul
customers.customer_city,balneario camboriu,balneario camboriu
customers.customer_city,balneario gaivota,balneario gaivota
customers.customer_city,balneario picarras,balneario picarras
customers.customer_city,balneario pinhal,balneario pinhal
customers.customer_city,balneario rincao,balneario rincao
customers.customer_city,balsa nova,balsa nova
customers.customer_city,balsamo,balsamo
customers.customer_city,balsas,balsas
customers.customer_city,bambui,bambui
customers.customer_city,banabuiu,banabuiu
customers.customer_city,bananal,bananal
customers.customer_city,bananeiras,bananeiras
customers.customer_city,bandeira,bandeira
customers.customer_city,bandeira do sul,bandeira do sul
customers.customer_city,bandeirantes,bandeirantes
customers.customer_city,bandeirantes d'oeste,bandeirantes d oeste
customers.customer_city,bandeirantes do tocantins,bandeirantes do tocantins
customers.customer_city,banzae,banzae
customers.customer_city,barao,barao
customers.customer_city,barao ataliba nogueira,barao ataliba nogueira
customers.customer_city,barao de cocais,barao de cocais
customers.customer_city,barao de cotegipe,barao de cotegipe
customers.customer_city,barao de juparana,barao de juparana
customers.customer_city,barao do triunfo,barao do triunfo
customers.customer_city,barauna,barauna
customers.customer_city,barbacena,barbacena
customers.customer_city,barbalha,barbalha
customers.customer_city,barbosa ferraz,barbosa ferraz
customers.customer_city,barcarena,barcarena
customers.customer_city,bariri,bariri
customers.customer_city,barra,barra
customers.customer_city,barra bonita,barra bonita
customers.customer_city,barra da estiva,barra da estiva
customers.customer_city,barra de guabiraba,barra de guabiraba
customers.customer_city,barra de santa rosa,barra de santa rosa
customers.customer_city,barra de santo antonio,barra de santo antonio
customers.customer_city,barra de sao francisco,barra de sao francisco
customers.customer_city,barra de sao joao,barra de sao joao
customers.customer_city,barra de sao miguel,barra de sao miguel
customers.customer_city,barra do bugres,barra do bugres
customers.customer_city,barra do choca,barra do choca
customers.customer_city,barra do corda,barra do corda
customers.customer_city,barra do garcas,barra do garcas
customers.customer_city,barra do jacare,barra do jacare
customers.customer_city,barra do mendes,barra do mendes
customers.customer_city,barra do pirai,barra do pirai
customers.customer_city,barra do ribeiro,barra do ribeiro
customers.customer_city,barra do rio azul,barra do rio azul
customers.customer_city,barra do tarrachil,barra do tarrachil
customers.customer_city,barra do turvo,barra do turvo
customers.customer_city,barra dos coqueiros,barra dos coqueiros
customers.customer_city,barra longa,barra longa
customers.customer_city,barra mansa,barra mansa
customers.customer_city,barra velha,barra velha
customers.customer_city,barracao,barracao
customers.customer_city,barras,barras
customers.customer_city,barreira,barreira
customers.customer_city,barreiras,barreiras
customers.customer_city,barreirinhas,barreirinhas
customers.customer_city,barreiros,barreiros
customers.customer_city,barretos,barretos
customers.customer_city,barrinha,barrinha
customers.customer_city,barro,barro
customers.customer_city,barro alto,barro alto
customers.customer_city,barro preto,barro preto
customers.customer_city,barrocas,barrocas
customers.customer_city,barrolandia,barrolandia
customers.customer_city,barros cassal,barros cassal
customers.customer_city,barroso,barroso
customers.customer_city,barueri,barueri
customers.customer_city,bastos,bastos
customers.customer_city,bataguassu,bataguassu
customers.customer_city,bataipora,bataipora
customers.customer_city,batalha,batalha
customers.customer_city,batatais,batatais
customers.customer_city,bataypora,bataypora
customers.customer_city,baturite,baturite
customers.customer_city,bauru,bauru
customers.customer_city,bayeux,bayeux
customers.customer_city,bebedouro,bebedouro
customers.customer_city,beberibe,beberibe
customers.customer_city,bela cruz,bela cruz
customers.customer_city,bela vista,bela vista
customers.customer_city,bela vista de goias,bela vista de goias
customers.customer_city,bela vista de minas,bela vista de minas
customers.customer_city,bela vista do maranhao,bela vista do maranhao
customers.customer_city,bela vista do paraiso,bela vista do paraiso
customers.customer_city,belem,belem
customers.customer_city,belem do sao francisco,belem do sao francisco
customers.customer_city,belford roxo,belford roxo
customers.customer_city,belmonte,belmonte
customers.customer_city,belo campo,belo campo
customers.customer_city,belo horizonte,belo horizonte
customers.customer_city,belo jardim,belo jardim
customers.customer_city,belo oriente,belo oriente
customers.customer_city,belo vale,belo vale
customers.customer_city,bemposta,bemposta
customers.customer_city,benedito leite,benedito leite
customers.customer_city,benedito novo,benedito novo
customers.customer_city,benevides,benevides
customers.customer_city,bento de abreu,bento de abreu
customers.customer_city,bento goncalves,bento goncalves
customers.customer_city,bequimao,bequimao
customers.customer_city,berilo,berilo
customers.customer_city,berizal,berizal
customers.customer_city,bernardino de campos,bernardino de campos
customers.customer_city,bertioga,bertioga
customers.customer_city,bertolinia,bertolinia
customers.customer_city,bertopolis,bertopolis
customers.customer_city,betim,betim
customers.customer_city,bezerros,bezerros
customers.customer_city,bias fortes,bias fortes
customers.customer_city,bicas,bicas
customers.customer_city,biguacu,biguacu
customers.customer_city,bilac,bilac
customers.customer_city,birigui,birigui
customers.customer_city,biritiba-mirim,biritiba mirim
customers.customer_city,biritinga,biritinga
customers.customer_city,bituruna,bituruna
customers.customer_city,blumenau,blumenau
customers.customer_city,boa esperanca,boa esperanca
customers.customer_city,boa esperanca do iguacu,boa esperanca do iguacu
customers.customer_city,boa esperanca do sul,boa esperanca do sul
customers.customer_city,boa ventura,boa ventura
customers.customer_city,boa viagem,boa viagem
customers.customer_city,boa vista,boa vista
customers.customer_city,boa vista da aparecida,boa vista da aparecida
customers.customer_city,boa vista das missoes,boa vista das missoes
customers.customer_city,boa vista do burica,boa vista do burica
customers.customer_city,boa vista do cadeado,boa vista do cadeado
customers.customer_city,boa vista do gurupi,boa vista do gurupi
customers.customer_city,boa vista do sul,boa vista do sul
customers.customer_city,boca da mata,boca da mata
customers.customer_city,bocaina,bocaina
customers.customer_city,bocaiuva,bocaiuva
customers.customer_city,bocaiuva do sul,bocaiuva do sul
customers.customer_city,bodo,bodo
customers.customer_city,bodoco,bodoco
customers.customer_city,bodoquena,bodoquena
customers.customer_city,bofete,bofete
customers.customer_city,boituva,boituva
customers.customer_city,bom conselho,bom conselho
customers.customer_city,bom despacho,bom despacho
customers.customer_city,bom jardim,bom jardim
customers.customer_city,bom jardim de goias,bom jardim de goias
customers.customer_city,bom jardim de minas,bom jardim de minas
customers.customer_city,bom jesus,bom jesus
customers.customer_city,bom jesus da lapa,bom jesus da lapa
customers.customer_city,bom jesus da penha,bom jesus da penha
customers.customer_city,bom jesus da serra,bom jesus da serra
customers.customer_city,bom jesus das selvas,bom jesus das selvas
customers.customer_city,bom jesus do amparo,bom jesus do amparo
customers.customer_city,bom jesus do araguaia,bom jesus do araguaia
customers.customer_city,bom jesus do galho,bom jesus do galho
customers.customer_city,bom jesus do itabapoana,bom jesus do itabapoana
customers.customer_city,bom jesus do norte,bom jesus do norte
customers.customer_city,bom jesus do querendo,bom jesus do querendo
customers.customer_city,bom jesus do sul,bom jesus do sul
customers.customer_city,bom jesus do tocantins,bom jesus do tocantins
customers.customer_city,bom jesus dos perdoes,bom jesus dos perdoes
customers.customer_city,bom principio,bom principio
customers.customer_city,bom repouso,bom repouso
customers.customer_city,bom retiro,bom retiro
customers.customer_city,bom retiro do sul,bom retiro do sul
customers.customer_city,bom sucesso,bom sucesso
customers.customer_city,bombinhas,bombinhas
customers.customer_city,bonfim,bonfim
customers.customer_city,bonfim paulista,bonfim paulista
customers.customer_city,bonfinopolis,bonfinopolis
customers.customer_city,bonfinopolis de minas,bonfinopolis de minas
customers.customer_city,boninal,boninal
customers.customer_city,bonito,bonito
customers.customer_city,bonito de minas,bonito de minas
customers.customer_city,bonito de santa fe,bonito de santa fe
customers.customer_city,boqueirao do leao,boqueirao do leao
customers.customer_city,boquim,boquim
customers.customer_city,boquira,boquira
customers.customer_city,bora,bora
customers.customer_city,boraceia,boraceia
customers.customer_city,borborema,borborema
customers.customer_city,borda da mata,borda da mata
customers.customer_city,borrazopolis,borrazopolis
customers.customer_city,bossoroca,bossoroca
customers.customer_city,botelho,botelho
customers.customer_city,botelhos,botelhos
customers.customer_city,botucatu,botucatu
customers.customer_city,botupora,botupora
customers.customer_city,botuvera,botuvera
customers.customer_city,braco do norte,braco do norte
customers.customer_city,braco do rio,braco do rio
customers.customer_city,braganca,braganca
customers.customer_city,braganca paulista,braganca paulista
customers.customer_city,bras pires,bras pires
customers.customer_city,brasil novo,brasil novo
customers.customer_city,brasilandia,brasilandia
customers.customer_city,brasilandia de minas,brasilandia de minas
customers.customer_city,brasileia,brasileia
customers.customer_city,brasilia,brasilia
customers.customer_city,brasilia de minas,brasilia de minas
customers.customer_city,brasopolis,brasopolis
customers.customer_city,brauna,brauna
customers.customer_city,braunas,braunas
customers.customer_city,brazabrantes,brazabrantes
customers.customer_city,brazopolis,brazopolis
customers.customer_city,brejetuba,brejetuba
customers.customer_city,brejo,brejo
customers.customer_city,brejo bonito,brejo bonito
customers.customer_city,brejo da madre de deus,brejo da madre de deus
customers.customer_city,brejo do cruz,brejo do cruz
customers.customer_city,brejo dos santos,brejo dos santos
customers.customer_city,brejo grande,brejo grande
customers.customer_city,brejo santo,brejo santo
customers.customer_city,brejoes,brejoes
customers.customer_city,brejolandia,brejolandia
customers.customer_city,breu branco,breu branco
customers.customer_city,breves,breves
customers.customer_city,britania,britania
customers.customer_city,brodowski,brodowski
customers.customer_city,brotas,brotas
customers.customer_city,brotas de macaubas,brotas de macaubas
customers.customer_city,brumadinho,brumadinho
customers.customer_city,brumado,brumado
customers.customer_city,brusque,brusque
customers.customer_city,bueno brandao,bueno brandao
customers.customer_city,buenopolis,buenopolis
customers.customer_city,buenos aires,buenos aires
customers.customer_city,buerarema,buerarema
customers.customer_city,bugre,bugre
customers.customer_city,buique,buique
customers.customer_city,buri,buri
customers.customer_city,buritama,buritama
customers.customer_city,buriti,buriti
customers.customer_city,buriti alegre,buriti alegre
customers.customer_city,buriti do tocantins,buriti do tocantins
customers.customer_city,buriti dos lopes,buriti dos lopes
customers.customer_city,buriticupu,buriticupu
customers.customer_city,buritirama,buritirama
customers.customer_city,buritis,buritis
customers.customer_city,buritizal,buritizal
customers.customer_city,buritizeiro,buritizeiro
customers.customer_city,butia,butia
customers.customer_city,caarapo,caarapo
customers.customer_city,cabaceiras do paraguacu,cabaceiras do paraguacu
customers.customer_city,cabeceira grande,cabeceira grande
customers.customer_city,cabeceiras,cabeceiras
customers.customer_city,cabedelo,cabedelo
customers.customer_city,cabixi,cabixi
customers.customer_city,cabo de santo agostinho,cabo de santo agostinho
customers.customer_city,cabo frio,cabo frio
customers.customer_city,cabo verde,cabo verde
customers.customer_city,cabralia paulista,cabralia paulista
customers.customer_city,cabreuva,cabreuva
customers.customer_city,cabrobo,cabrobo
customers.customer_city,cacador,cacador
customers.customer_city,cacapava,cacapava
customers.customer_city,cacapava do sul,cacapava do sul
customers.customer_city,cacaulandia,cacaulandia
customers.customer_city,cacequi,cacequi
customers.customer_city,caceres,caceres
customers.customer_city,cachoeira,cachoeira
customers.customer_city,cachoeira alta,cachoeira alta
customers.customer_city,cachoeira da prata,cachoeira da prata
customers.customer_city,cachoeira de minas,cachoeira de minas
customers.customer_city,cachoeira de pajeu,cachoeira de pajeu
customers.customer_city,cachoeira do brumado,cachoeira do brumado
customers.customer_city,cachoeira do campo,cachoeira do campo
customers.customer_city,cachoeira do sul,cachoeira do sul
customers.customer_city,cachoeira dourada,cachoeira dourada
customers.customer_city,cachoeira paulista,cachoeira paulista
customers.customer_city,cachoeiras de macacu,cachoeiras de macacu
customers.customer_city,cachoeirinha,cachoeirinha
customers.customer_city,cachoeiro de itapemirim,cachoeiro de itapemirim
customers.customer_city,cacimbinhas,cacimbinhas
customers.customer_city,cacoal,cacoal
customers.customer_city,caconde,caconde
customers.customer_city,cacu,cacu
customers.customer_city,cacule,cacule
customers.customer_city,caem,caem
customers.customer_city,caetanopolis,caetanopolis
customers.customer_city,caetanos,caetanos
customers.customer_city,caete,caete
customers.customer_city,caetes,caetes
customers.customer_city,caetite,caetite
customers.customer_city,cafeara,cafeara
customers.customer_city,cafelandia,cafelandia
customers.customer_city,caiana,caiana
customers.customer_city,caiaponia,caiaponia
customers.customer_city,caibate,caibate
customers.customer_city,caibi,caibi
customers.customer_city,caicara do norte,caicara do norte
customers.customer_city,caico,caico
customers.customer_city,caieiras,caieiras
customers.customer_city,cairu,cairu
customers.customer_city,caiua,caiua
customers.customer_city,cajamar,cajamar
customers.customer_city,cajapio,cajapio
customers.customer_city,cajari,cajari
customers.customer_city,cajati,cajati
customers.customer_city,cajazeiras,cajazeiras
customers.customer_city,cajobi,cajobi
customers.customer_city,cajueiro,cajueiro
customers.customer_city,cajuri,cajuri
customers.customer_city,cajuru,cajuru
customers.customer_city,calcado,calcado
customers.customer_city,caldas,caldas
customers.customer_city,caldas brandao,caldas brandao
customers.customer_city,caldas do jorro,caldas do jorro
customers.customer_city,caldas novas,caldas novas
customers.customer_city,caldeirao grande,caldeirao grande
customers.customer_city,caldeirao grande do piaui,caldeirao grande do piaui
customers.customer_city,california,california
customers.customer_city,california da barra,california da barra
customers.customer_city,calmon,calmon
customers.customer_city,camacan,camacan
customers.customer_city,camacari,camacari
customers.customer_city,camacho,camacho
customers.customer_city,camamu,camamu
customers.customer_city,camanducaia,camanducaia
customers.customer_city,camapua,camapua
customers.customer_city,camaqua,camaqua
customers.customer_city,camaragibe,camaragibe
customers.customer_city,cambara,cambara
customers.customer_city,cambara do sul,cambara do sul
customers.customer_city,cambe,cambe
customers.customer_city,cambiasca,cambiasca
customers.customer_city,cambira,cambira
customers.customer_city,camboriu,camboriu
customers.customer_city,cambuci,cambuci
customers.customer_city,cambui,cambui
customers.customer_city,cambuquira,cambuquira
customers.customer_city,cameta,cameta
customers.customer_city,camocim,camocim
customers.customer_city,camocim de sao felix,camocim de sao felix
customers.customer_city,campanario,campanario
customers.customer_city,campanha,campanha
customers.customer_city,campestre,campestre
customers.customer_city,campestre da serra,campestre da serra
customers.customer_city,campestre do maranhao,campestre do maranhao
customers.customer_city,campina da lagoa,campina da lagoa
customers.customer_city,campina das missoes,campina das missoes
customers.customer_city,campina do monte alegre,campina do monte alegre
customers.customer_city,campina grande,campina grande
customers.customer_city,campina grande do sul,campina grande do sul
customers.customer_city,campina verde,campina verde
customers.customer_city,campinacu,campinacu
customers.customer_city,campinapolis,campinapolis
customers.customer_city,campinas,campinas
customers.customer_city,campinas do sul,campinas do sul
customers.customer_city,campinorte,campinorte
customers.customer_city,campo alegre,campo alegre
customers.customer_city,campo alegre de goias,campo alegre de goias
customers.customer_city,campo alegre de lourdes,campo alegre de lourdes
customers.customer_city,campo alegre de minas,campo alegre de minas
customers.customer_city,campo alegre do fidalgo,campo alegre do fidalgo
customers.customer_city,campo azul,campo azul
customers.customer_city,campo belo,campo belo
customers.customer_city,campo bom,campo bom
customers.customer_city,campo bonito,campo bonito
customers.customer_city,campo do brito,campo do brito
customers.customer_city,campo do meio,campo do meio
customers.customer_city,campo do tenente,campo do tenente
customers.customer_city,campo ere,campo ere
customers.customer_city,campo florido,campo florido
customers.customer_city,campo formoso,campo formoso
customers.customer_city,campo grande,campo grande
customers.customer_city,campo grande do piaui,campo grande do piaui
customers.customer_city,campo largo,campo largo
customers.customer_city,campo limpo paulista,campo limpo paulista
customers.customer_city,campo magro,campo magro
customers.customer_city,campo maior,campo maior
customers.customer_city,campo mourao,campo mourao
customers.customer_city,campo novo,campo novo
customers.customer_city,campo novo do parecis,campo novo do parecis
customers.customer_city,campo verde,campo verde
customers.customer_city,campos altos,campos altos
customers.customer_city,campos belos,campos belos
customers.customer_city,campos borges,campos borges
customers.customer_city,campos de julio,campos de julio
customers.customer_city,campos do jordao,campos do jordao
customers.customer_city,campos dos goytacazes,campos dos goytacazes
customers.customer_city,campos gerais,campos gerais
customers.customer_city,campos novos,campos novos
customers.customer_city,campos sales,campos sales
customers.customer_city,campos verdes,campos verdes
customers.customer_city,camutanga,camutanga
customers.customer_city,canaa,canaa
customers.customer_city,canaa dos carajas,canaa dos carajas
customers.customer_city,cananeia,cananeia
customers.customer_city,canapi,canapi
customers.customer_city,canapolis,canapolis
customers.customer_city,canarana,canarana
customers.customer_city,canavieiras,canavieiras
customers.customer_city,candeal,candeal
customers.customer_city,candeias,candeias
customers.customer_city,candeias do jamari,candeias do jamari
customers.customer_city,candelaria,candelaria
customers.customer_city,candido de abreu,candido de abreu
customers.customer_city,candido godoi,candido godoi
customers.customer_city,candido mendes,candido mendes
customers.customer_city,candido mota,candido mota
customers.customer_city,candido rodrigues,candido rodrigues
customers.customer_city,candido sales,candido sales
customers.customer_city,candiota,candiota
customers.customer_city,candoi,candoi
customers.customer_city,canela,canela
customers.customer_city,canelinha,canelinha
customers.customer_city,cangucu,cangucu
customers.customer_city,canhotinho,canhotinho
customers.customer_city,caninde,caninde
customers.customer_city,caninde de sao francisco,caninde de sao francisco
customers.customer_city,canitar,canitar
customers.customer_city,canoas,canoas
customers.customer_city,canoinhas,canoinhas
customers.customer_city,cansancao,cansancao
customers.customer_city,cantagalo,cantagalo
customers.customer_city,cantanhede,cantanhede
customers.customer_city,canto do buriti,canto do buriti
customers.customer_city,canudos,canudos
customers.customer_city,capanema,capanema
customers.customer_city,capao bonito,capao bonito
customers.customer_city,capao da canoa,capao da canoa
customers.customer_city,capao da porteira,capao da porteira
customers.customer_city,capao do cipo,capao do cipo
customers.customer_city,capao do leao,capao do leao
customers.customer_city,caparao,caparao
customers.customer_city,capela,capela
customers.customer_city,capela de santana,capela de santana
customers.customer_city,capela do alto,capela do alto
customers.customer_city,capela do alto alegre,capela do alto alegre
customers.customer_city,capela nova,capela nova
customers.customer_city,capelinha,capelinha
customers.customer_city,capetinga,capetinga
customers.customer_city,capim branco,capim branco
customers.customer_city,capim grosso,capim grosso
customers.customer_city,capinopolis,capinopolis
customers.customer_city,capinzal,capinzal
customers.customer_city,capinzal do norte,capinzal do norte
customers.customer_city,capistrano,capistrano
customers.customer_city,capitao,capitao
customers.customer_city,capitao andrade,capitao andrade
customers.customer_city,capitao eneas,capitao eneas
customers.customer_city,capitao leonidas marques,capitao leonidas marques
customers.customer_city,capitao poco,capitao poco
customers.customer_city,capitolio,capitolio
customers.customer_city,capivari,capivari
customers.customer_city,capivari de baixo,capivari de baixo
customers.customer_city,capivari do sul,capivari do sul
customers.customer_city,capoeiras,capoeiras
customers.customer_city,caputira,caputira
customers.customer_city,caracol,caracol
customers.customer_city,caraguatatuba,caraguatatuba
customers.customer_city,carai,carai
customers.customer_city,caraiba,caraiba
customers.customer_city,caraibas,caraibas
customers.customer_city,carajas,carajas
customers.customer_city,carambei,carambei
customers.customer_city,carandai,carandai
customers.customer_city,carangola,carangola
customers.customer_city,carapebus,carapebus
customers.customer_city,carapicuiba,carapicuiba
customers.customer_city,caratinga,caratinga
customers.customer_city,caraubas,caraubas
customers.customer_city,caravelas,caravelas
customers.customer_city,carazinho,carazinho
customers.customer_city,carbonita,carbonita
customers.customer_city,cardoso,cardoso
customers.customer_city,cardoso moreira,cardoso moreira
customers.customer_city,careacu,careacu
customers.customer_city,cariacica,cariacica
customers.customer_city,caridade,caridade
customers.customer_city,carinhanha,carinhanha
customers.customer_city,carire,carire
customers.customer_city,cariri do tocantins,cariri do tocantins
customers.customer_city,caririacu,caririacu
customers.customer_city,carius,carius
customers.customer_city,carlinda,carlinda
customers.customer_city,carlopolis,carlopolis
customers.customer_city,carlos barbosa,carlos barbosa
customers.customer_city,carlos chagas,carlos chagas
customers.customer_city,carmesia,carmesia
customers.customer_city,carmo,carmo
customers.customer_city,carmo da cachoeira,carmo da cachoeira
customers.customer_city,carmo da mata,carmo da mata
customers.customer_city,carmo de minas,carmo de minas
customers.customer_city,carmo do cajuru,carmo do cajuru
customers.customer_city,carmo do paranaiba,carmo do paranaiba
customers.customer_city,carmo do rio claro,carmo do rio claro
customers.customer_city,carmo do rio verde,carmo do rio verde
customers.customer_city,carmolandia,carmolandia
customers.customer_city,carmopolis,carmopolis
customers.customer_city,carmopolis de minas,carmopolis de minas
customers.customer_city,carnaiba do sertao,carnaiba do sertao
customers.customer_city,carnauba dos dantas,carnauba dos dantas
customers.customer_city,carnaubais,carnaubais
customers.customer_city,carnaubal,carnaubal
customers.customer_city,carneirinho,carneirinho
customers.customer_city,carolina,carolina
customers.customer_city,carpina,carpina
customers.customer_city,carrancas,carrancas
customers.customer_city,caruaru,caruaru
customers.customer_city,carutapera,carutapera
customers.customer_city,carvalhopolis,carvalhopolis
customers.customer_city,casa branca,casa branca
customers.customer_city,casa nova,casa nova
customers.customer_city,casca,casca
customers.customer_city,cascalho rico,cascalho rico
customers.customer_city,cascavel,cascavel
customers.customer_city,caseiros,caseiros
customers.customer_city,casimiro de abreu,casimiro de abreu
customers.customer_city,cassia,cassia
customers.customer_city,cassia dos coqueiros,cassia dos coqueiros
customers.customer_city,cassilandia,cassilandia
customers.customer_city,castanhal,castanhal
customers.customer_city,castanheira,castanheira
customers.customer_city,castanheiras,castanheiras
customers.customer_city,castelandia,castelandia
customers.customer_city,castelo,castelo
customers.customer_city,castelo do piaui,castelo do piaui
customers.customer_city,castilho,castilho
customers.customer_city,castro,castro
customers.customer_city,castro alves,castro alves
customers.customer_city,cataguases,cataguases
customers.customer_city,catalao,catalao
customers.customer_city,catanduva,catanduva
customers.customer_city,catanduvas,catanduvas
customers.customer_city,catarina,catarina
customers.customer_city,catas altas,catas altas
customers.customer_city,catende,catende
customers.customer_city,catigua,catigua
customers.customer_city,catole do rocha,catole do rocha
customers.customer_city,catu,catu
customers.customer_city,catu de abrantes,catu de abrantes
customers.customer_city,catuipe,catuipe
customers.customer_city,caturama,caturama
customers.customer_city,caucaia,caucaia
customers.customer_city,cavalcante,cavalcante
customers.customer_city,caxambu,caxambu
customers.customer_city,caxambu do sul,caxambu do sul
customers.customer_city,caxias,caxias
customers.customer_city,caxias do sul,caxias do sul
customers.customer_city,caxingo,caxingo
customers.customer_city,ceara-mirim,ceara mirim
customers.customer_city,cedral,cedral
customers.customer_city,cedro,cedro
customers.customer_city,cedro de sao joao,cedro de sao joao
customers.customer_city,cedro do abaete,cedro do abaete
customers.customer_city,ceilandia,ceilandia
customers.customer_city,celina,celina
customers.customer_city,celso ramos,celso ramos
customers.customer_city,centenario,centenario
customers.customer_city,centenario do sul,centenario do sul
customers.customer_city,central,central
customers.customer_city,central de santa helena,central de santa helena
customers.customer_city,centralina,centralina
customers.customer_city,centro novo do maranhao,centro novo do maranhao
customers.customer_city,cerejeiras,cerejeiras
customers.customer_city,ceres,ceres
customers.customer_city,cerqueira cesar,cerqueira cesar
customers.customer_city,cerquilho,cerquilho
customers.customer_city,cerrito,cerrito
customers.customer_city,cerro azul,cerro azul
customers.customer_city,cerro grande,cerro grande
customers.customer_city,cerro grande do sul,cerro grande do sul
customers.customer_city,cerro largo,cerro largo
customers.customer_city,cerro negro,cerro negro
customers.customer_city,cesario lange,cesario lange
customers.customer_city,ceu azul,ceu azul
customers.customer_city,cezarina,cezarina
customers.customer_city,cha de alegria,cha de alegria
customers.customer_city,cha grande,cha grande
customers.customer_city,chacara,chacara
customers.customer_city,chale,chale
customers.customer_city,chapada,chapada
customers.customer_city,chapada do norte,chapada do norte
customers.customer_city,chapada dos guimaraes,chapada dos guimaraes
customers.customer_city,chapada gaucha,chapada gaucha
customers.customer_city,chapadao do ceu,chapadao do ceu
customers.customer_city,chapadao do lageado,chapadao do lageado
customers.customer_city,chapadao do sul,chapadao do sul
customers.customer_city,chapadinha,chapadinha
customers.customer_city,chapeco,chapeco
customers.customer_city,charqueada,charqueada
customers.customer_city,charqueadas,charqueadas
customers.customer_city,charrua,charrua
customers.customer_city,chaval,chaval
customers.customer_city,chavantes,chavantes
customers.customer_city,chaveslandia,chaveslandia
customers.customer_city,chiapetta,chiapetta
customers.customer_city,chopinzinho,chopinzinho
customers.customer_city,chorozinho,chorozinho
customers.customer_city,chorrocho,chorrocho
customers.customer_city,chui,chui
customers.customer_city,cianorte,cianorte
customers.customer_city,cicero dantas,cicero dantas
customers.customer_city,cidade gaucha,cidade gaucha
customers.customer_city,cidade ocidental,cidade ocidental
customers.customer_city,cidelandia,cidelandia
customers.customer_city,cidreira,cidreira
customers.customer_city,cipo,cipo
customers.customer_city,cipo-guacu,cipo guacu
customers.customer_city,ciriaco,ciriaco
customers.customer_city,claraval,claraval
customers.customer_city,claro dos pocoes,claro dos pocoes
customers.customer_city,claudia,claudia
customers.customer_city,claudio,claudio
customers.customer_city,clementina,clementina
customers.customer_city,clevelandia,clevelandia
customers.customer_city,coaraci,coaraci
customers.customer_city,coari,coari
customers.customer_city,cocais,cocais
customers.customer_city,cocal,cocal
customers.customer_city,cocal do sul,cocal do sul
customers.customer_city,cocalinho,cocalinho
customers.customer_city,cocalzinho de goias,cocalzinho de goias
customers.customer_city,cocos,cocos
customers.customer_city,codo,codo
customers.customer_city,coelho neto,coelho neto
customers.customer_city,coimbra,coimbra
customers.customer_city,coite do noia,coite do noia
customers.customer_city,colatina,colatina
customers.customer_city,colider,colider
customers.customer_city,colina,colina
customers.customer_city,colinas,colinas
customers.customer_city,colinas do tocantins,colinas do tocantins
customers.customer_city,colmeia,colmeia
customers.customer_city,colniza,colniza
customers.customer_city,colombia,colombia
customers.customer_city,colombo,colombo
customers.customer_city,colonia castrolanda,colonia castrolanda
customers.customer_city,colonia jordaozinho,colonia jordaozinho
customers.customer_city,colonia leopoldina,colonia leopoldina
customers.customer_city,colonia vitoria,colonia vitoria
customers.customer_city,colorado,colorado
customers.customer_city,colorado do oeste,colorado do oeste
customers.customer_city,coluna,coluna
customers.customer_city,combinado,combinado
customers.customer_city,comendador levy gasparian,comendador levy gasparian
customers.customer_city,comercinho,comercinho
customers.customer_city,comodoro,comodoro
customers.customer_city,conceicao,conceicao
customers.customer_city,conceicao da aparecida,conceicao da aparecida
customers.customer_city,conceicao da barra,conceicao da barra
customers.customer_city,conceicao da feira,conceicao da feira
customers.customer_city,conceicao da ibitipoca,conceicao da ibitipoca
customers.customer_city,conceicao das alagoas,conceicao das alagoas
customers.customer_city,conceicao das pedras,conceicao das pedras
customers.customer_city,conceicao de macabu,conceicao de macabu
customers.customer_city,conceicao do almeida,conceicao do almeida
customers.customer_city,conceicao do araguaia,conceicao do araguaia
customers.customer_city,conceicao do caninde,conceicao do caninde
customers.customer_city,conceicao do castelo,conceicao do castelo
customers.customer_city,conceicao do coite,conceicao do coite
customers.customer_city,conceicao do formoso,conceicao do formoso
customers.customer_city,conceicao do jacuipe,conceicao do jacuipe
customers.customer_city,conceicao do mato dentro,conceicao do mato dentro
customers.customer_city,conceicao do para,conceicao do para
customers.customer_city,conceicao do rio verde,conceicao do rio verde
customers.customer_city,conceicao do tocantins,conceicao do tocantins
customers.customer_city,conceicao dos ouros,conceicao dos ouros
customers.customer_city,conchal,conchal
customers.customer_city,conchas,conchas
customers.customer_city,concordia,concordia
customers.customer_city,concordia do para,concordia do para
customers.customer_city,condado,condado
customers.customer_city,conde,conde
customers.customer_city,condeuba,condeuba
customers.customer_city,condor,condor
customers.customer_city,confins,confins
customers.customer_city,confresa,confresa
customers.customer_city,congonhal,congonhal
customers.customer_city,congonhas,congonhas
customers.customer_city,congonhinhas,congonhinhas
customers.customer_city,conquista,conquista
customers.customer_city,conquista d'oeste,conquista d oeste
customers.customer_city,conrado,conrado
customers.customer_city,conselheiro lafaiete,conselheiro lafaiete
customers.customer_city,conselheiro mairinck,conselheiro mairinck
customers.customer_city,conselheiro pena,conselheiro pena
customers.customer_city,conservatoria,conservatoria
customers.customer_city,constantina,constantina
customers.customer_city,contagem,contagem
customers.customer_city,contenda,contenda
customers.customer_city,coqueiro baixo,coqueiro baixo
customers.customer_city,coqueiros do sul,coqueiros do sul
customers.customer_city,coracao de jesus,coracao de jesus
customers.customer_city,coracao de maria,coracao de maria
customers.customer_city,corbelia,corbelia
customers.customer_city,cordeiro,cordeiro
customers.customer_city,cordeiropolis,cordeiropolis
customers.customer_city,cordeiros,cordeiros
customers.customer_city,coreau,coreau
customers.customer_city,coremas,coremas
customers.customer_city,corguinho,corguinho
customers.customer_city,coribe,coribe
customers.customer_city,corinto,corinto
customers.customer_city,cornelio procopio,cornelio procopio
customers.customer_city,coroaci,coroaci
customers.customer_city,coroados,coroados
customers.customer_city,coroata,coroata
customers.customer_city,coromandel,coromandel
customers.customer_city,coronel domingos soares,coronel domingos soares
customers.customer_city,coronel fabriciano,coronel fabriciano
customers.customer_city,coronel freitas,coronel freitas
customers.customer_city,coronel joao pessoa,coronel joao pessoa
customers.customer_city,coronel joao sa,coronel joao sa
customers.customer_city,coronel macedo,coronel macedo
customers.customer_city,coronel martins,coronel martins
customers.customer_city,coronel murta,coronel murta
customers.customer_city,coronel pacheco,coronel pacheco
customers.customer_city,coronel sapucaia,coronel sapucaia
customers.customer_city,coronel vivida,coronel vivida
customers.customer_city,corrego danta,corrego danta
customers.customer_city,corrego do ouro,corrego do ouro
customers.customer_city,corrego fundo,corrego fundo
customers.customer_city,correia pinto,correia pinto
customers.customer_city,corrente,corrente
customers.customer_city,correntes,correntes
customers.customer_city,correntina,correntina
customers.customer_city,cortes,cortes
customers.customer_city,corumba,corumba
customers.customer_city,corumba de goias,corumba de goias
customers.customer_city,corumbaiba,corumbaiba
customers.customer_city,corumbatai,corumbatai
customers.customer_city,corumbatai do sul,corumbatai do sul
customers.customer_city,corupa,corupa
customers.customer_city,coruripe,coruripe
customers.customer_city,cosmopolis,cosmopolis
customers.customer_city,cosmorama,cosmorama
customers.customer_city,costa marques,costa marques
customers.customer_city,costa rica,costa rica
customers.customer_city,cotegipe,cotegipe
customers.customer_city,cotia,cotia
customers.customer_city,cotipora,cotipora
customers.customer_city,cotriguacu,cotriguacu
customers.customer_city,couto de magalhaes,couto de magalhaes
customers.customer_city,coxilha,coxilha
customers.customer_city,coxim,coxim
customers.customer_city,crateus,crateus
customers.customer_city,crato,crato
customers.customer_city,cravinhos,cravinhos
customers.customer_city,cravolandia,cravolandia
customers.customer_city,criciuma,criciuma
customers.customer_city,crisolita,crisolita
customers.customer_city,crisopolis,crisopolis
customers.customer_city,crissiumal,crissiumal
customers.customer_city,cristais,cristais
customers.customer_city,cristais paulista,cristais paulista
customers.customer_city,cristal,cristal
customers.customer_city,cristalandia,cristalandia
customers.customer_city,cristalia,cristalia
customers.customer_city,cristalina,cristalina
customers.customer_city,cristiano otoni,cristiano otoni
customers.customer_city,cristina,cristina
customers.customer_city,cristinapolis,cristinapolis
customers.customer_city,cristopolis,cristopolis
customers.customer_city,crixas,crixas
customers.customer_city,croata,croata
customers.customer_city,crominia,crominia
customers.customer_city,crucilandia,crucilandia
customers.customer_city,cruz,cruz
customers.customer_city,cruz alta,cruz alta
customers.customer_city,cruz das almas,cruz das almas
customers.customer_city,cruz machado,cruz machado
customers.customer_city,cruzalia,cruzalia
customers.customer_city,cruzeiro,cruzeiro
customers.customer_city,cruzeiro da fortaleza,cruzeiro da fortaleza
customers.customer_city,cruzeiro do iguacu,cruzeiro do iguacu
customers.customer_city,cruzeiro do oeste,cruzeiro do oeste
customers.customer_city,cruzeiro do sul,cruzeiro do sul
customers.customer_city,cruzilia,cruzilia
customers.customer_city,cubatao,cubatao
customers.customer_city,cubati,cubati
customers.customer_city,cuiaba,cuiaba
customers.customer_city,cuite,cuite
customers.customer_city,cuite velho,cuite velho
customers.customer_city,cujubim,cujubim
customers.customer_city,cumari,cumari
customers.customer_city,cumaru,cumaru
customers.customer_city,cunha,cunha
customers.customer_city,cunha pora,cunha pora
customers.customer_city,cupira,cupira
customers.customer_city,curaca,curaca
customers.customer_city,curitiba,curitiba
customers.customer_city,curitibanos,curitibanos
customers.customer_city,curiuva,curiuva
customers.customer_city,currais novos,currais novos
customers.customer_city,curral de cima,curral de cima
customers.customer_city,curralinho,curralinho
customers.customer_city,curuca,curuca
customers.customer_city,cururupu,cururupu
customers.customer_city,curvelandia,curvelandia
customers.customer_city,curvelo,curvelo
customers.customer_city,custodia,custodia
customers.customer_city,damianopolis,damianopolis
customers.customer_city,dario meira,dario meira
customers.customer_city,datas,datas
customers.customer_city,david canabarro,david canabarro
customers.customer_city,delfim moreira,delfim moreira
customers.customer_city,delfinopolis,delfinopolis
customers.customer_city,delmiro gouveia,delmiro gouveia
customers.customer_city,demerval lobao,demerval lobao
customers.customer_city,denise,denise
customers.customer_city,deodapolis,deodapolis
customers.customer_city,deputado irapuan pinheiro,deputado irapuan pinheiro
customers.customer_city,descalvado,descalvado
customers.customer_city,descoberto,descoberto
customers.customer_city,desembargador otoni,desembargador otoni
customers.customer_city,desterro,desterro
customers.customer_city,desterro de entre rios,desterro de entre rios
customers.customer_city,desterro do melo,desterro do melo
customers.customer_city,dezesseis de novembro,dezesseis de novembro
customers.customer_city,diadema,diadema
customers.customer_city,diamante d'oeste,diamante d oeste
customers.customer_city,diamante do norte,diamante do norte
customers.customer_city,diamantina,diamantina
customers.customer_city,diamantino,diamantino
customers.customer_city,dianopolis,dianopolis
customers.customer_city,dias d avila,dias d avila
customers.customer_city,dias d'avila,dias d avila
customers.customer_city,diogo de vasconcelos,diogo de vasconcelos
customers.customer_city,dionisio,dionisio
customers.customer_city,dionisio cerqueira,dionisio cerqueira
customers.customer_city,diorama,diorama
customers.customer_city,divinesia,divinesia
customers.customer_city,divino,divino
customers.customer_city,divino das laranjeiras,divino das laranjeiras
customers.customer_city,divino de sao lourenco,divino de sao lourenco
customers.customer_city,divinolandia,divinolandia
customers.customer_city,divinolandia de minas,divinolandia de minas
customers.customer_city,divinopolis,divinopolis
customers.customer_city,divinopolis de goias,divinopolis de goias
customers.customer_city,divinopolis do tocantins,divinopolis do tocantins
customers.customer_city,divisa alegre,divisa alegre
customers.customer_city,divisa nova,divisa nova
customers.customer_city,dobrada,dobrada
customers.customer_city,doce grande,doce grande
customers.customer_city,dois corregos,dois corregos
customers.customer_city,dois irmaos,dois irmaos
customers.customer_city,dois irmaos do buriti,dois irmaos do buriti
customers.customer_city,dois riachos,dois riachos
customers.customer_city,dois vizinhos,dois vizinhos
customers.customer_city,dom aquino,dom aquino
customers.customer_city,dom basilio,dom basilio
customers.customer_city,dom cavati,dom cavati
customers.customer_city,dom eliseu,dom eliseu
customers.customer_city,dom feliciano,dom feliciano
customers.customer_city,dom joaquim,dom joaquim
customers.customer_city,dom macedo costa,dom macedo costa
customers.customer_city,dom pedrito,dom pedrito
customers.customer_city,dom pedro,dom pedro
customers.customer_city,dom silverio,dom silverio
customers.customer_city,dom vicoso,dom vicoso
customers.customer_city,domiciano ribeiro,domiciano ribeiro
customers.customer_city,domingos martins,domingos martins
customers.customer_city,dona emma,dona emma
customers.customer_city,dona euzebia,dona euzebia
customers.customer_city,dona francisca,dona francisca
customers.customer_city,dores de campos,dores de campos
customers.customer_city,dores de guanhaes,dores de guanhaes
customers.customer_city,dores do indaia,dores do indaia
customers.customer_city,dores do rio preto,dores do rio preto
customers.customer_city,dormentes,dormentes
customers.customer_city,douradina,douradina
customers.customer_city,dourado,dourado
customers.customer_city,dourados,dourados
customers.customer_city,doutor camargo,doutor camargo
customers.customer_city,doutor mauricio cardoso,doutor mauricio cardoso
customers.customer_city,doutor ulysses,doutor ulysses
customers.customer_city,doverlandia,doverlandia
customers.customer_city,dracena,dracena
customers.customer_city,duartina,duartina
customers.customer_city,duas barras,duas barras
customers.customer_city,duere,duere
customers.customer_city,dumont,dumont
customers.customer_city,duque de caxias,duque de caxias
customers.customer_city,durande,durande
customers.customer_city,echapora,echapora
customers.customer_city,ecoporanga,ecoporanga
customers.customer_city,edeia,edeia
customers.customer_city,eldorado,eldorado
customers.customer_city,eldorado do sul,eldorado do sul
customers.customer_city,elias fausto,elias fausto
customers.customer_city,eliseu martins,eliseu martins
customers.customer_city,elisiario,elisiario
customers.customer_city,elisio medrado,elisio medrado
customers.customer_city,eloi mendes,eloi mendes
customers.customer_city,embauba,embauba
customers.customer_city,embu,embu
customers.customer_city,embu das artes,embu das artes
customers.customer_city,embu-guacu,embu guacu
customers.customer_city,emilianopolis,emilianopolis
customers.customer_city,encantado,encantado
customers.customer_city,encruzilhada do sul,encruzilhada do sul
customers.customer_city,eneas marques,eneas marques
customers.customer_city,engenheiro balduino,engenheiro balduino
customers.customer_city,engenheiro beltrao,engenheiro beltrao
customers.customer_city,engenheiro coelho,engenheiro coelho
customers.customer_city,engenheiro navarro,engenheiro navarro
customers.customer_city,engenheiro passos,engenheiro passos
customers.customer_city,engenheiro paulo de frontin,engenheiro paulo de frontin
customers.customer_city,entre folhas,entre folhas
customers.customer_city,entre rios,entre rios
customers.customer_city,entre rios de minas,entre rios de minas
customers.customer_city,entre rios do oeste,entre rios do oeste
customers.customer_city,entre-ijuis,entre ijuis
customers.customer_city,epitaciolandia,epitaciolandia
customers.customer_city,erebango,erebango
customers.customer_city,erechim,erechim
customers.customer_city,erere,erere
customers.customer_city,erico cardoso,erico cardoso
customers.customer_city,erval grande,erval grande
customers.customer_city,ervalia,ervalia
customers.customer_city,escada,escada
customers.customer_city,esmeralda,esmeralda
customers.customer_city,esmeraldas,esmeraldas
customers.customer_city,espera feliz,espera feliz
customers.customer_city,esperanca,esperanca
customers.customer_city,esperantina,esperantina
customers.customer_city,esperantinopolis,esperantinopolis
customers.customer_city,espigao,espigao
customers.customer_city,espigao alto do iguacu,espigao alto do iguacu
customers.customer_city,espigao do oeste,espigao do oeste
customers.customer_city,espinosa,espinosa
customers.customer_city,espirito santo do pinhal,espirito santo do pinhal
customers.customer_city,espirito santo do turvo,espirito santo do turvo
customers.customer_city,esplanada,esplanada
customers.customer_city,espumoso,espumoso
customers.customer_city,estacao,estacao
customers.customer_city,estancia,estancia
customers.customer_city,estancia velha,estancia velha
customers.customer_city,esteio,esteio
customers.customer_city,estevao de araujo,estevao de araujo
customers.customer_city,estiva,estiva
customers.customer_city,estiva gerbi,estiva gerbi
customers.customer_city,estreito,estreito
customers.customer_city,estrela,estrela
customers.customer_city,estrela d oeste,estrela d oeste
customers.customer_city,estrela d'oeste,estrela d oeste
customers.customer_city,estrela do indaia,estrela do indaia
customers.customer_city,estrela do norte,estrela do norte
customers.customer_city,estrela do sul,estrela do sul
customers.customer_city,estrela velha,estrela velha
customers.customer_city,euclides da cunha,euclides da cunha
customers.customer_city,euclides da cunha paulista,euclides da cunha paulista
customers.customer_city,eugenio de castro,eugenio de castro
customers.customer_city,eugenopolis,eugenopolis
customers.customer_city,eunapolis,eunapolis
customers.customer_city,eusebio,eusebio
customers.customer_city,ewbank da camara,ewbank da camara
customers.customer_city,extrema,extrema
customers.customer_city,extremoz,extremoz
customers.customer_city,fagundes,fagundes
customers.customer_city,farol,farol
customers.customer_city,farroupilha,farroupilha
customers.customer_city,fartura,fartura
customers.customer_city,fatima,fatima
customers.customer_city,fatima do sul,fatima do sul
customers.customer_city,faxinal,faxinal
customers.customer_city,faxinal dos guedes,faxinal dos guedes
customers.customer_city,faxinalzinho,faxinalzinho
customers.customer_city,fazenda nova,fazenda nova
customers.customer_city,fazenda rio grande,fazenda rio grande
customers.customer_city,fazenda vilanova,fazenda vilanova
customers.customer_city,feira de santana,feira de santana
customers.customer_city,feira nova,feira nova
customers.customer_city,felicio dos santos,felicio dos santos
customers.customer_city,felipe guerra,felipe guerra
customers.customer_city,felisburgo,felisburgo
customers.customer_city,felixlandia,felixlandia
customers.customer_city,feliz,feliz
customers.customer_city,feliz deserto,feliz deserto
customers.customer_city,feliz natal,feliz natal
customers.customer_city,fenix,fenix
customers.customer_city,fernando prestes,fernando prestes
customers.customer_city,fernandopolis,fernandopolis
customers.customer_city,fernao,fernao
customers.customer_city,ferraz de vasconcelos,ferraz de vasconcelos
customers.customer_city,ferreiros,ferreiros
customers.customer_city,ferros,ferros
customers.customer_city,fervedouro,fervedouro
customers.customer_city,figueira,figueira
customers.customer_city,figueiropolis d'oeste,figueiropolis d oeste
customers.customer_city,filadelfia,filadelfia
customers.customer_city,firminopolis,firminopolis
customers.customer_city,flor da serra do sul,flor da serra do sul
customers.customer_city,flora rica,flora rica
customers.customer_city,florai,florai
customers.customer_city,florania,florania
customers.customer_city,floreal,floreal
customers.customer_city,flores,flores
customers.customer_city,flores da cunha,flores da cunha
customers.customer_city,flores de goias,flores de goias
customers.customer_city,floresta,floresta
customers.customer_city,floresta do araguaia,floresta do araguaia
customers.customer_city,florestal,florestal
customers.customer_city,florestopolis,florestopolis
customers.customer_city,floriano,floriano
customers.customer_city,florianopolis,florianopolis
customers.customer_city,florida,florida
customers.customer_city,florida paulista,florida paulista
customers.customer_city,florinia,florinia
customers.customer_city,fonseca,fonseca
customers.customer_city,fontoura xavier,fontoura xavier
customers.customer_city,formiga,formiga
customers.customer_city,formigueiro,formigueiro
customers.customer_city,formosa,formosa
customers.customer_city,formosa da serra negra,formosa da serra negra
customers.customer_city,formosa do oeste,formosa do oeste
customers.customer_city,formosa do rio preto,formosa do rio preto
customers.customer_city,formoso,formoso
customers.customer_city,formoso do araguaia,formoso do araguaia
customers.customer_city,forquilha,forquilha
customers.customer_city,forquilhinha,forquilhinha
customers.customer_city,fortaleza,fortaleza
customers.customer_city,fortaleza dos valos,fortaleza dos valos
customers.customer_city,fortim,fortim
customers.customer_city,fortuna,fortuna
customers.customer_city,foz do iguacu,foz do iguacu
customers.customer_city,foz do jordao,foz do jordao
customers.customer_city,fragosos,fragosos
customers.customer_city,fraiburgo,fraiburgo
customers.customer_city,franca,franca
customers.customer_city,francisco badaro,francisco badaro
customers.customer_city,francisco beltrao,francisco beltrao
customers.customer_city,francisco dantas,francisco dantas
customers.customer_city,francisco dumont,francisco dumont
customers.customer_city,francisco morato,francisco morato
customers.customer_city,francisco sa,francisco sa
customers.customer_city,francisco santos,francisco santos
customers.customer_city,franco da rocha,franco da rocha
customers.customer_city,frecheirinha,frecheirinha
customers.customer_city,frederico westphalen,frederico westphalen
customers.customer_city,frei gaspar,frei gaspar
customers.customer_city,frei inocencio,frei inocencio
customers.customer_city,frei lagonegro,frei lagonegro
customers.customer_city,frei martinho,frei martinho
customers.customer_city,frei rogerio,frei rogerio
customers.customer_city,fronteira,fronteira
customers.customer_city,fronteiras,fronteiras
customers.customer_city,fruta de leite,fruta de leite
customers.customer_city,frutal,frutal
customers.customer_city,frutuoso gomes,frutuoso gomes
customers.customer_city,fundao,fundao
customers.customer_city,gabriel monteiro,gabriel monteiro
customers.customer_city,galia,galia
customers.customer_city,galinhos,galinhos
customers.customer_city,galvao,galvao
customers.customer_city,gameleira,gameleira
customers.customer_city,gameleiras,gameleiras
customers.customer_city,gandu,gandu
customers.customer_city,garanhuns,garanhuns
customers.customer_city,garca,garca
customers.customer_city,garibaldi,garibaldi
customers.customer_city,garopaba,garopaba
customers.customer_city,garrafao do norte,garrafao do norte
customers.customer_city,garruchos,garruchos
customers.customer_city,garuva,garuva
customers.customer_city,gaspar,gaspar
customers.customer_city,gastao vidigal,gastao vidigal
customers.customer_city,gaucha do norte,gaucha do norte
customers.customer_city,gaurama,gaurama
customers.customer_city,gaviao peixoto,gaviao peixoto
customers.customer_city,general camara,general camara
customers.customer_city,general carneiro,general carneiro
customers.customer_city,general maynard,general maynard
customers.customer_city,general salgado,general salgado
customers.customer_city,gentio do ouro,gentio do ouro
customers.customer_city,getulina,getulina
customers.customer_city,getulio vargas,getulio vargas
customers.customer_city,gilbues,gilbues
customers.customer_city,girau do ponciano,girau do ponciano
customers.customer_city,girua,girua
customers.customer_city,glaura,glaura
customers.customer_city,glicerio,glicerio
customers.customer_city,gloria de dourados,gloria de dourados
customers.customer_city,gloria do goita,gloria do goita
customers.customer_city,glorinha,glorinha
customers.customer_city,godoy moreira,godoy moreira
customers.customer_city,goiabeira,goiabeira
customers.customer_city,goiana,goiana
customers.customer_city,goianapolis,goianapolis
customers.customer_city,goiandira,goiandira
customers.customer_city,goianesia,goianesia
customers.customer_city,goianesia do para,goianesia do para
customers.customer_city,goiania,goiania
customers.customer_city,goianinha,goianinha
customers.customer_city,goianira,goianira
customers.customer_city,goianorte,goianorte
customers.customer_city,goias,goias
customers.customer_city,goiatuba,goiatuba
customers.customer_city,goioere,goioere
customers.customer_city,goitacazes,goitacazes
customers.customer_city,goncalves,goncalves
customers.customer_city,goncalves dias,goncalves dias
customers.customer_city,gongogi,gongogi
customers.customer_city,gouveia,gouveia
customers.customer_city,governador celso ramos,governador celso ramos
customers.customer_city,governador dix-sept rosado,governador dix sept rosado
customers.customer_city,governador eugenio barros,governador eugenio barros
customers.customer_city,governador lindenberg,governador lindenberg
customers.customer_city,governador mangabeira,governador mangabeira
customers.customer_city,governador portela,governador portela
customers.customer_city,governador valadares,governador valadares
customers.customer_city,graccho cardoso,graccho cardoso
customers.customer_city,grajau,grajau
customers.customer_city,gramado,gramado
customers.customer_city,gramado dos loureiros,gramado dos loureiros
customers.customer_city,gramado xavier,gramado xavier
customers.customer_city,grandes rios,grandes rios
customers.customer_city,granja,granja
customers.customer_city,grao mogol,grao mogol
customers.customer_city,grao para,grao para
customers.customer_city,gravata,gravata
customers.customer_city,gravatai,gravatai
customers.customer_city,gravatal,gravatal
customers.customer_city,groairas,groairas
customers.customer_city,grupiara,grupiara
customers.customer_city,guabiju,guabiju
customers.customer_city,guabiruba,guabiruba
customers.customer_city,guacui,guacui
customers.customer_city,guadalupe,guadalupe
customers.customer_city,guaiba,guaiba
customers.customer_city,guaicara,guaicara
customers.customer_city,guaira,guaira
customers.customer_city,guairaca,guairaca
customers.customer_city,guaiuba,guaiuba
customers.customer_city,guajara-mirim,guajara mirim
customers.customer_city,guamare,guamare
customers.customer_city,guamiranga,guamiranga
customers.customer_city,guanambi,guanambi
customers.customer_city,guanhaes,guanhaes
customers.customer_city,guape,guape
customers.customer_city,guapiacu,guapiacu
customers.customer_city,guapiara,guapiara
customers.customer_city,guapimirim,guapimirim
customers.customer_city,guapirama,guapirama
customers.customer_city,guapo,guapo
customers.customer_city,guapore,guapore
customers.customer_city,guara,guara
customers.customer_city,guarabira,guarabira
customers.customer_city,guaracai,guaracai
customers.customer_city,guaraci,guaraci
customers.customer_city,guaraciaba,guaraciaba
customers.customer_city,guaraciaba do norte,guaraciaba do norte
customers.customer_city,guarai,guarai
customers.customer_city,guaramirim,guaramirim
customers.customer_city,guaranesia,guaranesia
customers.customer_city,guarani,guarani
customers.customer_city,guarani das missoes,guarani das missoes
customers.customer_city,guaraniacu,guaraniacu
customers.customer_city,guaranta,guaranta
customers.customer_city,guaranta do norte,guaranta do norte
customers.customer_city,guarapari,guarapari
customers.customer_city,guarapua,guarapua
customers.customer_city,guarapuava,guarapuava
customers.customer_city,guaraquecaba,guaraquecaba
customers.customer_city,guarara,guarara
customers.customer_city,guararapes,guararapes
customers.customer_city,guararema,guararema
customers.customer_city,guaratinga,guaratinga
customers.customer_city,guaratingueta,guaratingueta
customers.customer_city,guaratuba,guaratuba
customers.customer_city,guarda-mor,guarda mor
customers.customer_city,guarei,guarei
customers.customer_city,guariba,guariba
customers.customer_city,guariroba,guariroba
customers.customer_city,guaruja,guaruja
customers.customer_city,guaruja do sul,guaruja do sul
customers.customer_city,guarulhos,guarulhos
customers.customer_city,guassusse,guassusse
customers.customer_city,guatapara,guatapara
customers.customer_city,guaxupe,guaxupe
customers.customer_city,guia lopes da laguna,guia lopes da laguna
customers.customer_city,guidoval,guidoval
customers.customer_city,guimaraes,guimaraes
customers.customer_city,guimarania,guimarania
customers.customer_city,guinda,guinda
customers.customer_city,guiricema,guiricema
customers.customer_city,gurupi,gurupi
customers.customer_city,guzolandia,guzolandia
customers.customer_city,heliopolis,heliopolis
customers.customer_city,herculandia,herculandia
customers.customer_city,herval,herval
customers.customer_city,herval d'oeste,herval d oeste
customers.customer_city,herveiras,herveiras
customers.customer_city,hidreletrica tucurui,hidreletrica tucurui
customers.customer_city,hidrolandia,hidrolandia
customers.customer_city,hidrolina,hidrolina
customers.customer_city,holambra,holambra
customers.customer_city,holambra ii,holambra ii
customers.customer_city,horizonte,horizonte
customers.customer_city,horizontina,horizontina
customers.customer_city,hortolandia,hortolandia
customers.customer_city,hulha negra,hulha negra
customers.customer_city,humaita,humaita
customers.customer_city,humberto de campos,humberto de campos
customers.customer_city,humildes,humildes
customers.customer_city,iacanga,iacanga
customers.customer_city,iaciara,iaciara
customers.customer_city,iacri,iacri
customers.customer_city,iacu,iacu
customers.customer_city,iapu,iapu
customers.customer_city,iaras,iaras
customers.customer_city,iati,iati
customers.customer_city,ibaiti,ibaiti
customers.customer_city,ibarama,ibarama
customers.customer_city,ibate,ibate
customers.customer_city,ibateguara,ibateguara
customers.customer_city,ibatiba,ibatiba
customers.customer_city,ibema,ibema
customers.customer_city,ibertioga,ibertioga
customers.customer_city,ibia,ibia
customers.customer_city,ibiaca,ibiaca
customers.customer_city,ibiai,ibiai
customers.customer_city,ibiajara,ibiajara
customers.customer_city,ibiam,ibiam
customers.customer_city,ibiapina,ibiapina
customers.customer_city,ibiara,ibiara
customers.customer_city,ibiassuce,ibiassuce
customers.customer_city,ibicarai,ibicarai
customers.customer_city,ibicare,ibicare
customers.customer_city,ibicoara,ibicoara
customers.customer_city,ibicuitinga,ibicuitinga
customers.customer_city,ibimirim,ibimirim
customers.customer_city,ibipeba,ibipeba
customers.customer_city,ibipitanga,ibipitanga
customers.customer_city,ibipora,ibipora
customers.customer_city,ibira,ibira
customers.customer_city,ibiracatu,ibiracatu
customers.customer_city,ibiraci,ibiraci
customers.customer_city,ibiracu,ibiracu
customers.customer_city,ibiraiaras,ibiraiaras
customers.customer_city,ibiraja,ibiraja
customers.customer_city,ibirama,ibirama
customers.customer_city,ibirapua,ibirapua
customers.customer_city,ibirarema,ibirarema
customers.customer_city,ibirataia,ibirataia
customers.customer_city,ibirite,ibirite
customers.customer_city,ibiruba,ibiruba
customers.customer_city,ibitiara,ibitiara
customers.customer_city,ibitinga,ibitinga
customers.customer_city,ibitioca,ibitioca
customers.customer_city,ibitira,ibitira
customers.customer_city,ibitita,ibitita
customers.customer_city,ibitiuva,ibitiuva
customers.customer_city,ibiuna,ibiuna
customers.customer_city,ibotirama,ibotirama
customers.customer_city,icapui,icapui
customers.customer_city,icara,icara
customers.customer_city,icarai de minas,icarai de minas
customers.customer_city,icaraima,icaraima
customers.customer_city,icatu,icatu
customers.customer_city,icem,icem
customers.customer_city,ichu,ichu
customers.customer_city,ico,ico
customers.customer_city,iconha,iconha
customers.customer_city,ielmo marinho,ielmo marinho
customers.customer_city,iepe,iepe
customers.customer_city,igaci,igaci
customers.customer_city,igapora,igapora
customers.customer_city,igaracu do tiete,igaracu do tiete
customers.customer_city,igarapava,igarapava
customers.customer_city,igarape,igarape
customers.customer_city,igarape-acu,igarape acu
customers.customer_city,igarape-miri,igarape miri
customers.customer_city,igarassu,igarassu
customers.customer_city,igarata,igarata
customers.customer_city,igaratinga,igaratinga
customers.customer_city,igrapiuna,igrapiuna
customers.customer_city,igreja nova,igreja nova
customers.customer_city,igrejinha,igrejinha
customers.customer_city,iguaba grande,iguaba grande
customers.customer_city,iguai,iguai
customers.customer_city,iguape,iguape
customers.customer_city,iguaracu,iguaracu
customers.customer_city,iguatama,iguatama
customers.customer_city,iguatu,iguatu
customers.customer_city,ijui,ijui
customers.customer_city,ilha comprida,ilha comprida
customers.customer_city,ilha de itamaraca,ilha de itamaraca
customers.customer_city,ilha dos valadares,ilha dos valadares
customers.customer_city,ilha grande,ilha grande
customers.customer_city,ilha solteira,ilha solteira
customers.customer_city,ilhabela,ilhabela
customers.customer_city,ilheus,ilheus
customers.customer_city,ilhota,ilhota
customers.customer_city,ilicinea,ilicinea
customers.customer_city,ilopolis,ilopolis
customers.customer_city,imaculada,imaculada
customers.customer_city,imbau,imbau
customers.customer_city,imbe,imbe
customers.customer_city,imbe de minas,imbe de minas
customers.customer_city,imbituba,imbituba
customers.customer_city,imbituva,imbituva
customers.customer_city,imbuia,imbuia
customers.customer_city,imigrante,imigrante
customers.customer_city,imperatriz,imperatriz
customers.customer_city,inacio martins,inacio martins
customers.customer_city,inaciolandia,inaciolandia
customers.customer_city,inaja,inaja
customers.customer_city,inconfidentes,inconfidentes
customers.customer_city,indaial,indaial
customers.customer_city,indaiatuba,indaiatuba
customers.customer_city,independencia,independencia
customers.customer_city,indiana,indiana
customers.customer_city,indianopolis,indianopolis
customers.customer_city,indiapora,indiapora
customers.customer_city,indiara,indiara
customers.customer_city,indiaroba,indiaroba
customers.customer_city,inga,inga
customers.customer_city,ingai,ingai
customers.customer_city,inhambupe,inhambupe
customers.customer_city,inhapi,inhapi
customers.customer_city,inhapim,inhapim
customers.customer_city,inhauma,inhauma
customers.customer_city,inhuma,inhuma
customers.customer_city,inhumas,inhumas
customers.customer_city,inimutaba,inimutaba
customers.customer_city,inocencia,inocencia
customers.customer_city,inubia paulista,inubia paulista
customers.customer_city,iomere,iomere
customers.customer_city,ipaba,ipaba
customers.customer_city,ipameri,ipameri
customers.customer_city,ipanema,ipanema
customers.customer_city,ipaporanga,ipaporanga
customers.customer_city,ipatinga,ipatinga
customers.customer_city,ipaumirim,ipaumirim
customers.customer_city,ipaussu,ipaussu
customers.customer_city,ipe,ipe
customers.customer_city,ipecaeta,ipecaeta
customers.customer_city,ipero,ipero
customers.customer_city,ipiabas,ipiabas
customers.customer_city,ipiacu,ipiacu
customers.customer_city,ipiau,ipiau
customers.customer_city,ipigua,ipigua
customers.customer_city,ipira,ipira
customers.customer_city,ipiranga,ipiranga
customers.customer_city,ipiranga de goias,ipiranga de goias
customers.customer_city,ipiranga do norte,ipiranga do norte
customers.customer_city,ipiranga do sul,ipiranga do sul
customers.customer_city,ipixuna do para,ipixuna do para
customers.customer_city,ipojuca,ipojuca
customers.customer_city,ipora,ipora
customers.customer_city,ipora do oeste,ipora do oeste
customers.customer_city,ipu,ipu
customers.customer_city,ipua,ipua
customers.customer_city,ipubi,ipubi
customers.customer_city,ipueira,ipueira
customers.customer_city,ipueiras,ipueiras
customers.customer_city,ipuiuna,ipuiuna
customers.customer_city,ipumirim,ipumirim
customers.customer_city,ipupiara,ipupiara
customers.customer_city,iracema,iracema
customers.customer_city,iracemapolis,iracemapolis
customers.customer_city,irai,irai
customers.customer_city,irai de minas,irai de minas
customers.customer_city,iramaia,iramaia
customers.customer_city,irani,irani
customers.customer_city,irape,irape
customers.customer_city,irapua,irapua
customers.customer_city,irapuru,irapuru
customers.customer_city,iraquara,iraquara
customers.customer_city,irara,irara
customers.customer_city,irati,irati
customers.customer_city,iraucuba,iraucuba
customers.customer_city,irece,irece
customers.customer_city,iretama,iretama
customers.customer_city,irineopolis,irineopolis
customers.customer_city,irupi,irupi
customers.customer_city,isaias coelho,isaias coelho
customers.customer_city,ita,ita
customers.customer_city,itaara,itaara
customers.customer_city,itabaiana,itabaiana
customers.customer_city,itabaianinha,itabaianinha
customers.customer_city,itabatan,itabatan
customers.customer_city,itabela,itabela
customers.customer_city,itabera,itabera
customers.customer_city,itaberaba,itaberaba
customers.customer_city,itaberai,itaberai
customers.customer_city,itabi,itabi
customers.customer_city,itabira,itabira
customers.customer_city,itabirinha,itabirinha
customers.customer_city,itabirito,itabirito
customers.customer_city,itaborai,itaborai
customers.customer_city,itabuna,itabuna
customers.customer_city,itacarambi,itacarambi
customers.customer_city,itacare,itacare
customers.customer_city,itacoatiara,itacoatiara
customers.customer_city,itacurussa,itacurussa
customers.customer_city,itagi,itagi
customers.customer_city,itagiba,itagiba
customers.customer_city,itagimirim,itagimirim
customers.customer_city,itaguacu,itaguacu
customers.customer_city,itaguacu da bahia,itaguacu da bahia
customers.customer_city,itaguai,itaguai
customers.customer_city,itaguaje,itaguaje
customers.customer_city,itaguara,itaguara
customers.customer_city,itaguari,itaguari
customers.customer_city,itaguaru,itaguaru
customers.customer_city,itai,itai
customers.customer_city,itaicaba,itaicaba
customers.customer_city,itaiopolis,itaiopolis
customers.customer_city,itaipava,itaipava
customers.customer_city,itaipulandia,itaipulandia
customers.customer_city,itaitinga,itaitinga
customers.customer_city,itaituba,itaituba
customers.customer_city,itaja,itaja
customers.customer_city,itajai,itajai
customers.customer_city,itajobi,itajobi
customers.customer_city,itaju,itaju
customers.customer_city,itaju do colonia,itaju do colonia
customers.customer_city,itajuba,itajuba
customers.customer_city,itajuipe,itajuipe
customers.customer_city,italva,italva
customers.customer_city,itamaraju,itamaraju
customers.customer_city,itamarandiba,itamarandiba
customers.customer_city,itamari,itamari
customers.customer_city,itambacuri,itambacuri
customers.customer_city,itambaraca,itambaraca
customers.customer_city,itambe,itambe
customers.customer_city,itamira,itamira
customers.customer_city,itamogi,itamogi
customers.customer_city,itamonte,itamonte
customers.customer_city,itanhaem,itanhaem
customers.customer_city,itanhandu,itanhandu
customers.customer_city,itanhanga,itanhanga
customers.customer_city,itanhem,itanhem
customers.customer_city,itanhomi,itanhomi
customers.customer_city,itaobim,itaobim
customers.customer_city,itaoca,itaoca
customers.customer_city,itaocara,itaocara
customers.customer_city,itapaci,itapaci
customers.customer_city,itapage,itapage
customers.customer_city,itapagipe,itapagipe
customers.customer_city,itapaje,itapaje
customers.customer_city,itaparica,itaparica
customers.customer_city,itape,itape
customers.customer_city,itapecerica,itapecerica
customers.customer_city,itapecerica da serra,itapecerica da serra
customers.customer_city,itapecuru mirim,itapecuru mirim
customers.customer_city,itapejara d'oeste,itapejara d oeste
customers.customer_city,itapema,itapema
customers.customer_city,itapemirim,itapemirim
customers.customer_city,itaperucu,itaperucu
customers.customer_city,itaperuna,itaperuna
customers.customer_city,itapetim,itapetim
customers.customer_city,itapetinga,itapetinga
customers.customer_city,itapetininga,itapetininga
customers.customer_city,itapeva,itapeva
customers.customer_city,itapevi,itapevi
customers.customer_city,itapicuru,itapicuru
customers.customer_city,itapipoca,itapipoca
customers.customer_city,itapira,itapira
customers.customer_city,itapiranga,itapiranga
customers.customer_city,itapirapua,itapirapua
customers.customer_city,itapirapua paulista,itapirapua paulista
customers.customer_city,itapissuma,itapissuma
customers.customer_city,itapitanga,itapitanga
customers.customer_city,itapiuna,itapiuna
customers.customer_city,itapoa,itapoa
customers.customer_city,itapolis,itapolis
customers.customer_city,itapora,itapora
customers.customer_city,itaporanga,itaporanga
customers.customer_city,itaporanga d'ajuda,itaporanga d ajuda
customers.customer_city,itapui,itapui
customers.customer_city,itapura,itapura
customers.customer_city,itapuranga,itapuranga
customers.customer_city,itaquaquecetuba,itaquaquecetuba
customers.customer_city,itaqui,itaqui
customers.customer_city,itaquirai,itaquirai
customers.customer_city,itaquitinga,itaquitinga
customers.customer_city,itarana,itarana
customers.customer_city,itarantim,itarantim
customers.customer_city,itarare,itarare
customers.customer_city,itarema,itarema
customers.customer_city,itariri,itariri
customers.customer_city,itatiaia,itatiaia
customers.customer_city,itatiaiucu,itatiaiucu
customers.customer_city,itatiba,itatiba
customers.customer_city,itatiba do sul,itatiba do sul
customers.customer_city,itatim,itatim
customers.customer_city,itatinga,itatinga
customers.customer_city,itau,itau
customers.customer_city,itau de minas,itau de minas
customers.customer_city,itauba,itauba
customers.customer_city,itaueira,itaueira
customers.customer_city,itauna,itauna
customers.customer_city,itinga,itinga
customers.customer_city,itiquira,itiquira
customers.customer_city,itirapina,itirapina
customers.customer_city,itirucu,itirucu
customers.customer_city,itiuba,itiuba
customers.customer_city,itobi,itobi
customers.customer_city,itororo,itororo
customers.customer_city,itu,itu
customers.customer_city,ituacu,ituacu
customers.customer_city,itubera,itubera
customers.customer_city,itueta,itueta
customers.customer_city,ituiutaba,ituiutaba
customers.customer_city,itumbiara,itumbiara
customers.customer_city,itupeva,itupeva
customers.customer_city,itupiranga,itupiranga
customers.customer_city,ituporanga,ituporanga
customers.customer_city,iturama,iturama
customers.customer_city,itutinga,itutinga
customers.customer_city,ituverava,ituverava
customers.customer_city,iuna,iuna
customers.customer_city,ivai,ivai
customers.customer_city,ivaipora,ivaipora
customers.customer_city,ivate,ivate
customers.customer_city,ivinhema,ivinhema
customers.customer_city,ivora,ivora
customers.customer_city,ivoti,ivoti
customers.customer_city,jaboatao dos guararapes,jaboatao dos guararapes
customers.customer_city,jabora,jabora
customers.customer_city,jaborandi,jaborandi
customers.customer_city,jaboti,jaboti
customers.customer_city,jaboticabal,jaboticabal
customers.customer_city,jaboticatubas,jaboticatubas
customers.customer_city,jacaraci,jacaraci
customers.customer_city,jacarau,jacarau
customers.customer_city,jacare,jacare
customers.customer_city,jacareacanga,jacareacanga
customers.customer_city,jacarei,jacarei
customers.customer_city,jacarezinho,jacarezinho
customers.customer_city,jaci,jaci
customers.customer_city,jaciara,jaciara
customers.customer_city,jacigua,jacigua
customers.customer_city,jacinto,jacinto
customers.customer_city,jacinto machado,jacinto machado
customers.customer_city,jacobina,jacobina
customers.customer_city,jacui,jacui
customers.customer_city,jacuipe,jacuipe
customers.customer_city,jacuizinho,jacuizinho
customers.customer_city,jacunda,jacunda
customers.customer_city,jacupiranga,jacupiranga
customers.customer_city,jacutinga,jacutinga
customers.customer_city,jaguapita,jaguapita
customers.customer_city,jaguaquara,jaguaquara
customers.customer_city,jaguaracu,jaguaracu
customers.customer_city,jaguarao,jaguarao
customers.customer_city,jaguare,jaguare
customers.customer_city,jaguarembe,jaguarembe
customers.customer_city,jaguari,jaguari
customers.customer_city,jaguariaiva,jaguariaiva
customers.customer_city,jaguaribara,jaguaribara
customers.customer_city,jaguaribe,jaguaribe
customers.customer_city,jaguariuna,jaguariuna
customers.customer_city,jaguaruana,jaguaruana
customers.customer_city,jaguaruna,jaguaruna
customers.customer_city,jaiba,jaiba
customers.customer_city,jales,jales
customers.customer_city,jamaica,jamaica
customers.customer_city,jamapara,jamapara
customers.customer_city,jambeiro,jambeiro
customers.customer_city,jampruca,jampruca
customers.customer_city,janauba,janauba
customers.customer_city,jandaia,jandaia
customers.customer_city,jandaia do sul,jandaia do sul
customers.customer_city,jandaira,jandaira
customers.customer_city,jandira,jandira
customers.customer_city,janduis,janduis
customers.customer_city,janiopolis,janiopolis
customers.customer_city,januaria,januaria
customers.customer_city,japaraiba,japaraiba
customers.customer_city,japaratuba,japaratuba
customers.customer_city,japeri,japeri
customers.customer_city,japi,japi
customers.customer_city,japira,japira
customers.customer_city,japoata,japoata
customers.customer_city,japuiba,japuiba
customers.customer_city,japura,japura
customers.customer_city,jaqueira,jaqueira
customers.customer_city,jaquirana,jaquirana
customers.customer_city,jaragua,jaragua
customers.customer_city,jaragua do sul,jaragua do sul
customers.customer_city,jaraguari,jaraguari
customers.customer_city,jardim,jardim
customers.customer_city,jardim abc de goias,jardim abc de goias
customers.customer_city,jardim alegre,jardim alegre
customers.customer_city,jardim de piranhas,jardim de piranhas
customers.customer_city,jardim do serido,jardim do serido
customers.customer_city,jardim olinda,jardim olinda
customers.customer_city,jardinopolis,jardinopolis
customers.customer_city,jari,jari
customers.customer_city,jarinu,jarinu
customers.customer_city,jaru,jaru
customers.customer_city,jatai,jatai
customers.customer_city,jataizinho,jataizinho
customers.customer_city,jatauba,jatauba
customers.customer_city,jatoba,jatoba
customers.customer_city,jau,jau
customers.customer_city,jaua,jaua
customers.customer_city,jaupaci,jaupaci
customers.customer_city,jauru,jauru
customers.customer_city,jeceaba,jeceaba
customers.customer_city,jenipapo de minas,jenipapo de minas
customers.customer_city,jequeri,jequeri
customers.customer_city,jequia da praia,jequia da praia
customers.customer_city,jequie,jequie
customers.customer_city,jequitai,jequitai
customers.customer_city,jequitiba,jequitiba
customers.customer_city,jequitinhonha,jequitinhonha
customers.customer_city,jeremoabo,jeremoabo
customers.customer_city,jerico,jerico
customers.customer_city,jeriquara,jeriquara
customers.customer_city,jeronimo monteiro,jeronimo monteiro
customers.customer_city,jesuania,jesuania
customers.customer_city,jesuitas,jesuitas
customers.customer_city,jesupolis,jesupolis
customers.customer_city,ji-parana,ji parana
customers.customer_city,jijoca de jericoacoara,jijoca de jericoacoara
customers.customer_city,jiquirica,jiquirica
customers.customer_city,joacaba,joacaba
customers.customer_city,joaima,joaima
customers.customer_city,joanopolis,joanopolis
customers.customer_city,joao alfredo,joao alfredo
customers.customer_city,joao camara,joao camara
customers.customer_city,joao dourado,joao dourado
customers.customer_city,joao lisboa,joao lisboa
customers.customer_city,joao monlevade,joao monlevade
customers.customer_city,joao neiva,joao neiva
customers.customer_city,joao pessoa,joao pessoa
customers.customer_city,joao pinheiro,joao pinheiro
customers.customer_city,joao ramalho,joao ramalho
customers.customer_city,joaquim nabuco,joaquim nabuco
customers.customer_city,joaquim pires,joaquim pires
customers.customer_city,joaquim tavora,joaquim tavora
customers.customer_city,joinville,joinville
customers.customer_city,jordania,jordania
customers.customer_city,jose boiteux,jose boiteux
customers.customer_city,jose bonifacio,jose bonifacio
customers.customer_city,jose da penha,jose da penha
customers.customer_city,jose de freitas,jose de freitas
customers.customer_city,joselandia,joselandia
customers.customer_city,joviania,joviania
customers.customer_city,juara,juara
customers.customer_city,juatuba,juatuba
customers.customer_city,juazeiro,juazeiro
customers.customer_city,juazeiro do norte,juazeiro do norte
customers.customer_city,jucas,jucas
customers.customer_city,jucurucu,jucurucu
customers.customer_city,jucurutu,jucurutu
customers.customer_city,juina,juina
customers.customer_city,juiz de fora,juiz de fora
customers.customer_city,julio de castilhos,julio de castilhos
customers.customer_city,julio mesquita,julio mesquita
customers.customer_city,jumirim,jumirim
customers.customer_city,junco do serido,junco do serido
customers.customer_city,jundiai,jundiai
customers.customer_city,jundiai do sul,jundiai do sul
customers.customer_city,junqueiro,junqueiro
customers.customer_city,junqueiropolis,junqueiropolis
customers.customer_city,jupi,jupi
customers.customer_city,juquia,juquia
customers.customer_city,juquitiba,juquitiba
customers.customer_city,juranda,juranda
customers.customer_city,jurema,jurema
customers.customer_city,juripiranga,juripiranga
customers.customer_city,juru,juru
customers.customer_city,juruaia,juruaia
customers.customer_city,juruena,juruena
customers.customer_city,juruti,juruti
customers.customer_city,juscimeira,juscimeira
customers.customer_city,jussara,jussara
customers.customer_city,jussari,jussari
customers.customer_city,jussiape,jussiape
customers.customer_city,juti,juti
customers.customer_city,juvenilia,juvenilia
customers.customer_city,kalore,kalore
customers.customer_city,ladainha,ladainha
customers.customer_city,ladario,ladario
customers.customer_city,lagarto,lagarto
customers.customer_city,lages,lages
customers.customer_city,lago da pedra,lago da pedra
customers.customer_city,lago verde,lago verde
customers.customer_city,lagoa,lagoa
customers.customer_city,lagoa d'anta,lagoa d anta
customers.customer_city,lagoa da canoa,lagoa da canoa
customers.customer_city,lagoa da confusao,lagoa da confusao
customers.customer_city,lagoa da prata,lagoa da prata
customers.customer_city,lagoa de sao francisco,lagoa de sao francisco
customers.customer_city,lagoa de velhos,lagoa de velhos
customers.customer_city,lagoa do carro,lagoa do carro
customers.customer_city,lagoa do mato,lagoa do mato
customers.customer_city,lagoa do ouro,lagoa do ouro
customers.customer_city,lagoa do piaui,lagoa do piaui
customers.customer_city,lagoa dos gatos,lagoa dos gatos
customers.customer_city,lagoa dos patos,lagoa dos patos
customers.customer_city,lagoa dos tres cantos,lagoa dos tres cantos
customers.customer_city,lagoa dourada,lagoa dourada
customers.customer_city,lagoa formosa,lagoa formosa
customers.customer_city,lagoa grande,lagoa grande
customers.customer_city,lagoa nova,lagoa nova
customers.customer_city,lagoa real,lagoa real
customers.customer_city,lagoa salgada,lagoa salgada
customers.customer_city,lagoa santa,lagoa santa
customers.customer_city,lagoa vermelha,lagoa vermelha
customers.customer_city,lagoao,lagoao
customers.customer_city,lagoinha,lagoinha
customers.customer_city,lagoinha do piaui,lagoinha do piaui
customers.customer_city,laguna,laguna
customers.customer_city,laje do muriae,laje do muriae
customers.customer_city,lajeado,lajeado
customers.customer_city,lajeado grande,lajeado grande
customers.customer_city,lajedo,lajedo
customers.customer_city,lajinha,lajinha
customers.customer_city,lamarao,lamarao
customers.customer_city,lambari,lambari
customers.customer_city,lamim,lamim
customers.customer_city,lapa,lapa
customers.customer_city,laranja da terra,laranja da terra
customers.customer_city,laranjal,laranjal
customers.customer_city,laranjal do jari,laranjal do jari
customers.customer_city,laranjal paulista,laranjal paulista
customers.customer_city,laranjeiras do sul,laranjeiras do sul
customers.customer_city,laurentino,laurentino
customers.customer_city,lauro de freitas,lauro de freitas
customers.customer_city,lauro muller,lauro muller
customers.customer_city,lavinia,lavinia
customers.customer_city,lavras,lavras
customers.customer_city,lavras da mangabeira,lavras da mangabeira
customers.customer_city,lavras do sul,lavras do sul
customers.customer_city,lavrinhas,lavrinhas
customers.customer_city,leandro ferreira,leandro ferreira
customers.customer_city,lebon regis,lebon regis
customers.customer_city,leme,leme
customers.customer_city,lencois,lencois
customers.customer_city,lencois paulista,lencois paulista
customers.customer_city,leoberto leal,leoberto leal
customers.customer_city,leopoldina,leopoldina
customers.customer_city,leopoldo de bulhoes,leopoldo de bulhoes
customers.customer_city,leopolis,leopolis
customers.customer_city,liberato salzano,liberato salzano
customers.customer_city,liberdade,liberdade
customers.customer_city,lidice,lidice
customers.customer_city,lima duarte,lima duarte
customers.customer_city,limeira,limeira
customers.customer_city,limeira do oeste,limeira do oeste
customers.customer_city,limoeiro,limoeiro
customers.customer_city,limoeiro do norte,limoeiro do norte
customers.customer_city,lindoeste,lindoeste
customers.customer_city,lindoia,lindoia
customers.customer_city,lindoia do sul,lindoia do sul
customers.customer_city,lindolfo collor,lindolfo collor
customers.customer_city,linhares,linhares
customers.customer_city,lins,lins
customers.customer_city,livramento,livramento
customers.customer_city,livramento de nossa senhora,livramento de nossa senhora
customers.customer_city,loanda,loanda
customers.customer_city,lobato,lobato
customers.customer_city,londrina,londrina
customers.customer_city,lontras,lontras
customers.customer_city,lorena,lorena
customers.customer_city,loreto,loreto
customers.customer_city,lourdes,lourdes
customers.customer_city,louveira,louveira
customers.customer_city,lucas do rio verde,lucas do rio verde
customers.customer_city,lucelia,lucelia
customers.customer_city,lucena,lucena
customers.customer_city,lucianopolis,lucianopolis
customers.customer_city,luis antonio,luis antonio
customers.customer_city,luis correia,luis correia
customers.customer_city,luis eduardo magalhaes,luis eduardo magalhaes
customers.customer_city,luisburgo,luisburgo
customers.customer_city,luiz alves,luiz alves
customers.customer_city,luiziana,luiziana
customers.customer_city,luiziania,luiziania
customers.customer_city,luizlandia do oeste,luizlandia do oeste
customers.customer_city,luminarias,luminarias
customers.customer_city,lunardelli,lunardelli
customers.customer_city,lupercio,lupercio
customers.customer_city,lupionopolis,lupionopolis
customers.customer_city,lutecia,lutecia
customers.customer_city,luz,luz
customers.customer_city,luziania,luziania
customers.customer_city,luziapolis,luziapolis
customers.customer_city,luzilandia,luzilandia
customers.customer_city,macae,macae
customers.customer_city,macaiba,macaiba
customers.customer_city,macambara,macambara
customers.customer_city,macambira,macambira
customers.customer_city,macapa,macapa
customers.customer_city,macaparana,macaparana
customers.customer_city,macatuba,macatuba
customers.customer_city,macau,macau
customers.customer_city,macaubal,macaubal
customers.customer_city,macaubas,macaubas
customers.customer_city,macedonia,macedonia
customers.customer_city,maceio,maceio
customers.customer_city,machacalis,machacalis
customers.customer_city,machadinho,machadinho
customers.customer_city,machadinho d'oeste,machadinho d oeste
customers.customer_city,machado,machado
customers.customer_city,machados,machados
customers.customer_city,macieira,macieira
customers.customer_city,macuco,macuco
customers.customer_city,macuco de minas,macuco de minas
customers.customer_city,madalena,madalena
customers.customer_city,madre de deus,madre de deus
customers.customer_city,madre de deus de minas,madre de deus de minas
customers.customer_city,mae d'agua,mae d agua
customers.customer_city,mae do rio,mae do rio
customers.customer_city,mafra,mafra
customers.customer_city,magalhaes de almeida,magalhaes de almeida
customers.customer_city,magda,magda
customers.customer_city,mage,mage
customers.customer_city,maioba,maioba
customers.customer_city,maiquinique,maiquinique
customers.customer_city,mairi,mairi
customers.customer_city,mairinque,mairinque
customers.customer_city,mairipora,mairipora
customers.customer_city,mairipotaba,mairipotaba
customers.customer_city,major porto,major porto
customers.customer_city,major vieira,major vieira
customers.customer_city,malacacheta,malacacheta
customers.customer_city,malhador,malhador
customers.customer_city,mallet,mallet
customers.customer_city,mamanguape,mamanguape
customers.customer_city,mambai,mambai
customers.customer_city,mambore,mambore
customers.customer_city,mamonas,mamonas
customers.customer_city,mampituba,mampituba
customers.customer_city,manaira,manaira
customers.customer_city,manaus,manaus
customers.customer_city,mandaguacu,mandaguacu
customers.customer_city,mandaguari,mandaguari
customers.customer_city,mandirituba,mandirituba
customers.customer_city,manduri,manduri
customers.customer_city,manfrinopolis,manfrinopolis
customers.customer_city,manga,manga
customers.customer_city,mangaratiba,mangaratiba
customers.customer_city,mangueirinha,mangueirinha
customers.customer_city,manhuacu,manhuacu
customers.customer_city,manhumirim,manhumirim
customers.customer_city,manoel ribas,manoel ribas
customers.customer_city,manoel urbano,manoel urbano
customers.customer_city,manoel viana,manoel viana
customers.customer_city,mansidao,mansidao
customers.customer_city,mantena,mantena
customers.customer_city,mantenopolis,mantenopolis
customers.customer_city,maquine,maquine
customers.customer_city,mar de espanha,mar de espanha
customers.customer_city,mar vermelho,mar vermelho
customers.customer_city,mara rosa,mara rosa
customers.customer_city,maraba,maraba
customers.customer_city,maracacume,maracacume
customers.customer_city,maracai,maracai
customers.customer_city,maracaju,maracaju
customers.customer_city,maracana,maracana
customers.customer_city,maracanau,maracanau
customers.customer_city,maracas,maracas
customers.customer_city,maragogi,maragogi
customers.customer_city,maragogipe,maragogipe
customers.customer_city,maranguape,maranguape
customers.customer_city,maranhaozinho,maranhaozinho
customers.customer_city,marataizes,marataizes
customers.customer_city,marau,marau
customers.customer_city,maravilha,maravilha
customers.customer_city,maravilhas,maravilhas
customers.customer_city,marcelino vieira,marcelino vieira
customers.customer_city,marco,marco
customers.customer_city,marcos parente,marcos parente
customers.customer_city,marechal candido rondon,marechal candido rondon
customers.customer_city,marechal deodoro,marechal deodoro
customers.customer_city,marechal floriano,marechal floriano
customers.customer_city,mari,mari
customers.customer_city,maria da fe,maria da fe
customers.customer_city,marialva,marialva
customers.customer_city,mariana,mariana
customers.customer_city,mariano moro,mariano moro
customers.customer_city,mariapolis,mariapolis
customers.customer_city,maribondo,maribondo
customers.customer_city,marica,marica
customers.customer_city,mariental,mariental
customers.customer_city,marilac,marilac
customers.customer_city,marilandia,marilandia
customers.customer_city,marilandia do sul,marilandia do sul
customers.customer_city,marilena,marilena
customers.customer_city,marilia,marilia
customers.customer_city,mariluz,mariluz
customers.customer_city,maringa,maringa
customers.customer_city,marinopolis,marinopolis
customers.customer_city,mario campos,mario campos
customers.customer_city,mariopolis,mariopolis
customers.customer_city,maripa,maripa
customers.customer_city,maristela,maristela
customers.customer_city,marituba,marituba
customers.customer_city,marmeleiro,marmeleiro
customers.customer_city,marques de souza,marques de souza
customers.customer_city,martinesia,martinesia
customers.customer_city,martinho campos,martinho campos
customers.customer_city,martinopolis,martinopolis
customers.customer_city,martins,martins
customers.customer_city,martins soares,martins soares
customers.customer_city,mascote,mascote
customers.customer_city,massape,massape
customers.customer_city,massaranduba,massaranduba
customers.customer_city,mata,mata
customers.customer_city,mata de sao joao,mata de sao joao
customers.customer_city,mata grande,mata grande
customers.customer_city,mata roma,mata roma
customers.customer_city,mata verde,mata verde
customers.customer_city,matao,matao
customers.customer_city,matelandia,matelandia
customers.customer_city,materlandia,materlandia
customers.customer_city,mateus leme,mateus leme
customers.customer_city,matias barbosa,matias barbosa
customers.customer_city,matias olimpio,matias olimpio
customers.customer_city,matinhos,matinhos
customers.customer_city,matipo,matipo
customers.customer_city,mato leitao,mato leitao
customers.customer_city,mato rico,mato rico
customers.customer_city,mato verde,mato verde
customers.customer_city,matoes,matoes
customers.customer_city,matoes do norte,matoes do norte
customers.customer_city,matozinhos,matozinhos
customers.customer_city,matrincha,matrincha
customers.customer_city,matriz de camaragibe,matriz de camaragibe
customers.customer_city,matupa,matupa
customers.customer_city,matutina,matutina
customers.customer_city,maua,maua
customers.customer_city,maua da serra,maua da serra
customers.customer_city,maurilandia,maurilandia
customers.customer_city,mauriti,mauriti
customers.customer_city,maximiliano de almeida,maximiliano de almeida
customers.customer_city,medeiros,medeiros
customers.customer_city,medeiros neto,medeiros neto
customers.customer_city,medianeira,medianeira
customers.customer_city,medicilandia,medicilandia
customers.customer_city,medina,medina
customers.customer_city,meleiro,meleiro
customers.customer_city,mendes,mendes
customers.customer_city,mendes pimentel,mendes pimentel
customers.customer_city,mendonca,mendonca
customers.customer_city,mercedes,mercedes
customers.customer_city,merces,merces
customers.customer_city,meridiano,meridiano
customers.customer_city,meruoca,meruoca
customers.customer_city,mesquita,mesquita
customers.customer_city,messias targino,messias targino
customers.customer_city,miguel calmon,miguel calmon
customers.customer_city,miguel pereira,miguel pereira
customers.customer_city,miguelopolis,miguelopolis
customers.customer_city,milagres,milagres
customers.customer_city,milha,milha
customers.customer_city,mimoso de goias,mimoso de goias
customers.customer_city,mimoso do sul,mimoso do sul
customers.customer_city,minacu,minacu
customers.customer_city,minas do leao,minas do leao
customers.customer_city,minas novas,minas novas
customers.customer_city,minduri,minduri
customers.customer_city,mineiros,mineiros
customers.customer_city,mineiros do tiete,mineiros do tiete
customers.customer_city,ministro andreazza,ministro andreazza
customers.customer_city,mira estrela,mira estrela
customers.customer_city,miracatu,miracatu
customers.customer_city,miracema,miracema
customers.customer_city,miradouro,miradouro
customers.customer_city,miraguai,miraguai
customers.customer_city,mirai,mirai
customers.customer_city,miraima,miraima
customers.customer_city,miranda,miranda
customers.customer_city,miranda do norte,miranda do norte
customers.customer_city,mirandiba,mirandiba
customers.customer_city,mirandopolis,mirandopolis
customers.customer_city,miranorte,miranorte
customers.customer_city,mirante da serra,mirante da serra
customers.customer_city,mirante do paranapanema,mirante do paranapanema
customers.customer_city,mirassol,mirassol
customers.customer_city,mirassol d'oeste,mirassol d oeste
customers.customer_city,miravania,miravania
customers.customer_city,mirinzal,mirinzal
customers.customer_city,missal,missal
customers.customer_city,missao velha,missao velha
customers.customer_city,missi,missi
customers.customer_city,mocajuba,mocajuba
customers.customer_city,mococa,mococa
customers.customer_city,moeda,moeda
customers.customer_city,moema,moema
customers.customer_city,mogi das cruzes,mogi das cruzes
customers.customer_city,mogi mirim,mogi mirim
customers.customer_city,mogi-guacu,mogi guacu
customers.customer_city,mogi-mirim,mogi mirim
customers.customer_city,moju,moju
customers.customer_city,mojui dos campos,mojui dos campos
customers.customer_city,mombaca,mombaca
customers.customer_city,mombuca,mombuca
customers.customer_city,moncao,moncao
customers.customer_city,moncoes,moncoes
customers.customer_city,mondai,mondai
customers.customer_city,mongagua,mongagua
customers.customer_city,monnerat,monnerat
customers.customer_city,monsenhor paulo,monsenhor paulo
customers.customer_city,monsenhor tabosa,monsenhor tabosa
customers.customer_city,montadas,montadas
customers.customer_city,montalvania,montalvania
customers.customer_city,montanha,montanha
customers.customer_city,montanhas,montanhas
customers.customer_city,montauri,montauri
customers.customer_city,monte alegre,monte alegre
customers.customer_city,monte alegre de minas,monte alegre de minas
customers.customer_city,monte alegre de sergipe,monte alegre de sergipe
customers.customer_city,monte alegre do sul,monte alegre do sul
customers.customer_city,monte alto,monte alto
customers.customer_city,monte alverne,monte alverne
customers.customer_city,monte aprazivel,monte aprazivel
customers.customer_city,monte azul,monte azul
customers.customer_city,monte azul paulista,monte azul paulista
customers.customer_city,monte belo,monte belo
customers.customer_city,monte belo do sul,monte belo do sul
customers.customer_city,monte bonito,monte bonito
customers.customer_city,monte carlo,monte carlo
customers.customer_city,monte carmelo,monte carmelo
customers.customer_city,monte castelo,monte castelo
customers.customer_city,monte formoso,monte formoso
customers.customer_city,monte gordo,monte gordo
customers.customer_city,monte mor,monte mor
customers.customer_city,monte santo,monte santo
customers.customer_city,monte santo de minas,monte santo de minas
customers.customer_city,monte siao,monte siao
customers.customer_city,monte verde,monte verde
customers.customer_city,monteiro lobato,monteiro lobato
customers.customer_city,monteiropolis,monteiropolis
customers.customer_city,montenegro,montenegro
customers.customer_city,montes claros,montes claros
customers.customer_city,montezuma,montezuma
customers.customer_city,montividiu do norte,montividiu do norte
customers.customer_city,morada nova,morada nova
customers.customer_city,morada nova de minas,morada nova de minas
customers.customer_city,moreilandia,moreilandia
customers.customer_city,moreira sales,moreira sales
customers.customer_city,moreno,moreno
customers.customer_city,morpara,morpara
customers.customer_city,morretes,morretes
customers.customer_city,morrinhos,morrinhos
customers.customer_city,morro agudo,morro agudo
customers.customer_city,morro agudo de goias,morro agudo de goias
customers.customer_city,morro da fumaca,morro da fumaca
customers.customer_city,morro da garca,morro da garca
customers.customer_city,morro de sao paulo,morro de sao paulo
customers.customer_city,morro do chapeu,morro do chapeu
customers.customer_city,morro do ferro,morro do ferro
customers.customer_city,morro do pilar,morro do pilar
customers.customer_city,morro grande,morro grande
customers.customer_city,morro redondo,morro redondo
customers.customer_city,morro reuter,morro reuter
customers.customer_city,morro vermelho,morro vermelho
customers.customer_city,morungaba,morungaba
customers.customer_city,mossamedes,mossamedes
customers.customer_city,mossoro,mossoro
customers.customer_city,mostardas,mostardas
customers.customer_city,motuca,motuca
customers.customer_city,mozarlandia,mozarlandia
customers.customer_city,mucambo,mucambo
customers.customer_city,mucuge,mucuge
customers.customer_city,mucuri,mucuri
customers.customer_city,mucurici,mucurici
customers.customer_city,muliterno,muliterno
customers.customer_city,mundo novo,mundo novo
customers.customer_city,munhoz,munhoz
customers.customer_city,munhoz de melo,munhoz de melo
customers.customer_city,muniz freire,muniz freire
customers.customer_city,muquem do sao francisco,muquem do sao francisco
customers.customer_city,muqui,muqui
customers.customer_city,muriae,muriae
customers.customer_city,murici,murici
customers.customer_city,muritiba,muritiba
customers.customer_city,murucupi,murucupi
customers.customer_city,murutinga do sul,murutinga do sul
customers.customer_city,mussurepe,mussurepe
customers.customer_city,mutuipe,mutuipe
customers.customer_city,mutum,mutum
customers.customer_city,mutum parana,mutum parana
customers.customer_city,mutunopolis,mutunopolis
customers.customer_city,muzambinho,muzambinho
customers.customer_city,nacip raydan,nacip raydan
customers.customer_city,nantes,nantes
customers.customer_city,nanuque,nanuque
customers.customer_city,nao-me-toque,nao me toque
customers.customer_city,narandiba,narandiba
customers.customer_city,natal,natal
customers.customer_city,natercia,natercia
customers.customer_city,natividade,natividade
customers.customer_city,natividade da serra,natividade da serra
customers.customer_city,navegantes,navegantes
customers.customer_city,navirai,navirai
customers.customer_city,nazare,nazare
customers.customer_city,nazare da mata,nazare da mata
customers.customer_city,nazare paulista,nazare paulista
customers.customer_city,nazareno,nazareno
customers.customer_city,nazario,nazario
customers.customer_city,neopolis,neopolis
customers.customer_city,nepomuceno,nepomuceno
customers.customer_city,neropolis,neropolis
customers.customer_city,neves paulista,neves paulista
customers.customer_city,nhandeara,nhandeara
customers.customer_city,nilopolis,nilopolis
customers.customer_city,nipoa,nipoa
customers.customer_city,niquelandia,niquelandia
customers.customer_city,niteroi,niteroi
customers.customer_city,nobres,nobres
customers.customer_city,nonoai,nonoai
customers.customer_city,nortelandia,nortelandia
customers.customer_city,nossa senhora da gloria,nossa senhora da gloria
customers.customer_city,nossa senhora das dores,nossa senhora das dores
customers.customer_city,nossa senhora das gracas,nossa senhora das gracas
customers.customer_city,nossa senhora de caravaggio,nossa senhora de caravaggio
customers.customer_city,nossa senhora de lourdes,nossa senhora de lourdes
customers.customer_city,nossa senhora do o,nossa senhora do o
customers.customer_city,nossa senhora do remedio,nossa senhora do remedio
customers.customer_city,nossa senhora do socorro,nossa senhora do socorro
customers.customer_city,nova alvorada,nova alvorada
customers.customer_city,nova alvorada do sul,nova alvorada do sul
customers.customer_city,nova america,nova america
customers.customer_city,nova america da colina,nova america da colina
customers.customer_city,nova andradina,nova andradina
customers.customer_city,nova araca,nova araca
customers.customer_city,nova aurora,nova aurora
customers.customer_city,nova bandeirantes,nova bandeirantes
customers.customer_city,nova bassano,nova bassano
customers.customer_city,nova boa vista,nova boa vista
customers.customer_city,nova brasilandia d'oeste,nova brasilandia d oeste
customers.customer_city,nova brescia,nova brescia
customers.customer_city,nova campina,nova campina
customers.customer_city,nova canaa,nova canaa
customers.customer_city,nova canaa do norte,nova canaa do norte
customers.customer_city,nova canaa paulista,nova canaa paulista
customers.customer_city,nova cantu,nova cantu
customers.customer_city,nova crixas,nova crixas
customers.customer_city,nova cruz,nova cruz
customers.customer_city,nova era,nova era
customers.customer_city,nova erechim,nova erechim
customers.customer_city,nova esperanca,nova esperanca
customers.customer_city,nova esperanca do piria,nova esperanca do piria
customers.customer_city,nova esperanca do sudoeste,nova esperanca do sudoeste
customers.customer_city,nova esperanca do sul,nova esperanca do sul
customers.customer_city,nova europa,nova europa
customers.customer_city,nova fatima,nova fatima
customers.customer_city,nova floresta,nova floresta
customers.customer_city,nova friburgo,nova friburgo
customers.customer_city,nova granada,nova granada
customers.customer_city,nova guarita,nova guarita
customers.customer_city,nova guataporanga,nova guataporanga
customers.customer_city,nova hartz,nova hartz
customers.customer_city,nova iguacu,nova iguacu
customers.customer_city,nova independencia,nova independencia
customers.customer_city,nova ipixuna,nova ipixuna
customers.customer_city,nova itaberaba,nova itaberaba
customers.customer_city,nova lacerda,nova lacerda
customers.customer_city,nova laranjeiras,nova laranjeiras
customers.customer_city,nova lima,nova lima
customers.customer_city,nova londrina,nova londrina
customers.customer_city,nova luzitania,nova luzitania
customers.customer_city,nova mamore,nova mamore
customers.customer_city,nova monte verde,nova monte verde
customers.customer_city,nova mutum,nova mutum
customers.customer_city,nova odessa,nova odessa
customers.customer_city,nova olimpia,nova olimpia
customers.customer_city,nova olinda,nova olinda
customers.customer_city,nova olinda do maranhao,nova olinda do maranhao
customers.customer_city,nova padua,nova padua
customers.customer_city,nova palma,nova palma
customers.customer_city,nova petropolis,nova petropolis
customers.customer_city,nova ponte,nova ponte
customers.customer_city,nova prata,nova prata
customers.customer_city,nova prata do iguacu,nova prata do iguacu
customers.customer_city,nova redencao,nova redencao
customers.customer_city,nova resende,nova resende
customers.customer_city,nova roma,nova roma
customers.customer_city,nova roma do sul,nova roma do sul
customers.customer_city,nova russas,nova russas
customers.customer_city,nova santa barbara,nova santa barbara
customers.customer_city,nova santa rita,nova santa rita
customers.customer_city,nova santa rosa,nova santa rosa
customers.customer_city,nova serrana,nova serrana
customers.customer_city,nova soure,nova soure
customers.customer_city,nova timboteua,nova timboteua
customers.customer_city,nova trento,nova trento
customers.customer_city,nova ubirata,nova ubirata
customers.customer_city,nova venecia,nova venecia
customers.customer_city,nova veneza,nova veneza
customers.customer_city,nova vicosa,nova vicosa
customers.customer_city,nova xavantina,nova xavantina
customers.customer_city,novais,novais
customers.customer_city,novo alegre,novo alegre
customers.customer_city,novo barreiro,novo barreiro
customers.customer_city,novo brasil,novo brasil
customers.customer_city,novo cabrais,novo cabrais
customers.customer_city,novo cruzeiro,novo cruzeiro
customers.customer_city,novo gama,novo gama
customers.customer_city,novo hamburgo,novo hamburgo
customers.customer_city,novo horizonte,novo horizonte
customers.customer_city,novo itacolomi,novo itacolomi
customers.customer_city,novo jardim,novo jardim
customers.customer_city,novo lino,novo lino
customers.customer_city,novo machado,novo machado
customers.customer_city,novo mundo,novo mundo
customers.customer_city,novo oriente,novo oriente
customers.customer_city,novo oriente de minas,novo oriente de minas
customers.customer_city,novo oriente do piaui,novo oriente do piaui
customers.customer_city,novo planalto,novo planalto
customers.customer_city,novo progresso,novo progresso
customers.customer_city,novo repartimento,novo repartimento
customers.customer_city,novo sao joaquim,novo sao joaquim
customers.customer_city,nucleo residencial pilar,nucleo residencial pilar
customers.customer_city,nuporanga,nuporanga
customers.customer_city,ocara,ocara
customers.customer_city,ocaucu,ocaucu
customers.customer_city,oeiras,oeiras
customers.customer_city,oeiras do para,oeiras do para
customers.customer_city,oiapoque,oiapoque
customers.customer_city,olaria,olaria
customers.customer_city,oleo,oleo
customers.customer_city,olho d'agua das cunhas,olho d agua das cunhas
customers.customer_city,olho d'agua das flores,olho d agua das flores
customers.customer_city,olhos d'agua,olhos d agua
customers.customer_city,olimpia,olimpia
customers.customer_city,olinda,olinda
customers.customer_city,olindina,olindina
customers.customer_city,oliveira,oliveira
customers.customer_city,oliveira dos brejinhos,oliveira dos brejinhos
customers.customer_city,onda verde,onda verde
customers.customer_city,oriente,oriente
customers.customer_city,orindiuva,orindiuva
customers.customer_city,orizania,orizania
customers.customer_city,orizona,orizona
customers.customer_city,orlandia,orlandia
customers.customer_city,orleans,orleans
customers.customer_city,orobo,orobo
customers.customer_city,oroco,oroco
customers.customer_city,oros,oros
customers.customer_city,ortigueira,ortigueira
customers.customer_city,osasco,osasco
customers.customer_city,oscar bressane,oscar bressane
customers.customer_city,osorio,osorio
customers.customer_city,osvaldo cruz,osvaldo cruz
customers.customer_city,osvaldo kroeff,osvaldo kroeff
customers.customer_city,otacilio costa,otacilio costa
customers.customer_city,ourem,ourem
customers.customer_city,ouricuri,ouricuri
customers.customer_city,ourilandia do norte,ourilandia do norte
customers.customer_city,ourinhos,ourinhos
customers.customer_city,ourizona,ourizona
customers.customer_city,ouro,ouro
customers.customer_city,ouro branco,ouro branco
customers.customer_city,ouro fino,ouro fino
customers.customer_city,ouro preto,ouro preto
customers.customer_city,ouro preto do oeste,ouro preto do oeste
customers.customer_city,ouro verde,ouro verde
customers.customer_city,ouro verde de goias,ouro verde de goias
customers.customer_city,ouro verde de minas,ouro verde de minas
customers.customer_city,ouro verde do oeste,ouro verde do oeste
customers.customer_city,ouroeste,ouroeste
customers.customer_city,ouvidor,ouvidor
customers.customer_city,pacaembu,pacaembu
customers.customer_city,pacaja,pacaja
customers.customer_city,pacajus,pacajus
customers.customer_city,pacatuba,pacatuba
customers.customer_city,paco do lumiar,paco do lumiar
customers.customer_city,pacoti,pacoti
customers.customer_city,pacotuba,pacotuba
customers.customer_city,pacuja,pacuja
customers.customer_city,padre bernardo,padre bernardo
customers.customer_city,padre carvalho,padre carvalho
customers.customer_city,padre gonzales,padre gonzales
customers.customer_city,padre paraiso,padre paraiso
customers.customer_city,paial,paial
customers.customer_city,paicandu,paicandu
customers.customer_city,paineiras,paineiras
customers.customer_city,pains,pains
customers.customer_city,paiva,paiva
customers.customer_city,palestina,palestina
customers.customer_city,palhano,palhano
customers.customer_city,palhoca,palhoca
customers.customer_city,palma,palma
customers.customer_city,palma sola,palma sola
customers.customer_city,palmares,palmares
customers.customer_city,palmares do sul,palmares do sul
customers.customer_city,palmares paulista,palmares paulista
customers.customer_city,palmas,palmas
customers.customer_city,palmeira,palmeira
customers.customer_city,palmeira d oeste,palmeira d oeste
customers.customer_city,palmeira d'oeste,palmeira d oeste
customers.customer_city,palmeira das missoes,palmeira das missoes
customers.customer_city,palmeira dos indios,palmeira dos indios
customers.customer_city,palmeiras,palmeiras
customers.customer_city,palmeiras de goias,palmeiras de goias
customers.customer_city,palmeirinha,palmeirinha
customers.customer_city,palminopolis,palminopolis
customers.customer_city,palmital,palmital
customers.customer_city,palmital de minas,palmital de minas
customers.customer_city,palmitinho,palmitinho
customers.customer_city,palmitos,palmitos
customers.customer_city,palmopolis,palmopolis
customers.customer_city,palotina,palotina
customers.customer_city,panambi,panambi
customers.customer_city,pancas,pancas
customers.customer_city,panelas,panelas
customers.customer_city,panorama,panorama
customers.customer_city,pantano grande,pantano grande
customers.customer_city,papagaios,papagaios
customers.customer_city,papanduva,papanduva
customers.customer_city,papucaia,papucaia
customers.customer_city,para de minas,para de minas
customers.customer_city,paracambi,paracambi
customers.customer_city,paracatu,paracatu
customers.customer_city,paracuru,paracuru
customers.customer_city,paragominas,paragominas
customers.customer_city,paraguacu,paraguacu
customers.customer_city,paraguacu paulista,paraguacu paulista
customers.customer_city,parai,parai
customers.customer_city,paraiba do sul,paraiba do sul
customers.customer_city,paraibano,paraibano
customers.customer_city,paraibuna,paraibuna
customers.customer_city,paraipaba,paraipaba
customers.customer_city,paraiso,paraiso
customers.customer_city,paraiso das aguas,paraiso das aguas
customers.customer_city,paraiso do norte,paraiso do norte
customers.customer_city,paraiso do sul,paraiso do sul
customers.customer_city,paraiso do tocantins,paraiso do tocantins
customers.customer_city,paraisopolis,paraisopolis
customers.customer_city,paraju,paraju
customers.customer_city,parambu,parambu
customers.customer_city,paramirim,paramirim
customers.customer_city,parana,parana
customers.customer_city,paranacity,paranacity
customers.customer_city,paranagua,paranagua
customers.customer_city,paranaiba,paranaiba
customers.customer_city,paranaiguara,paranaiguara
customers.customer_city,paranaita,paranaita
customers.customer_city,paranapanema,paranapanema
customers.customer_city,paranapoema,paranapoema
customers.customer_city,paranapua,paranapua
customers.customer_city,paranatinga,paranatinga
customers.customer_city,paranavai,paranavai
customers.customer_city,paranhos,paranhos
customers.customer_city,paraopeba,paraopeba
customers.customer_city,parapua,parapua
customers.customer_city,parati,parati
customers.customer_city,paraty,paraty
customers.customer_city,parauapebas,parauapebas
customers.customer_city,parauna,parauna
customers.customer_city,pardinho,pardinho
customers.customer_city,pareci novo,pareci novo
customers.customer_city,parelhas,parelhas
customers.customer_city,paripiranga,paripiranga
customers.customer_city,paripueira,paripueira
customers.customer_city,pariquera-acu,pariquera acu
customers.customer_city,parisi,parisi
customers.customer_city,parnaiba,parnaiba
customers.customer_city,parnamirim,parnamirim
customers.customer_city,parnarama,parnarama
customers.customer_city,parobe,parobe
customers.customer_city,passa quatro,passa quatro
customers.customer_city,passa tempo,passa tempo
customers.customer_city,passa tres,passa tres
customers.customer_city,passagem,passagem
customers.customer_city,passagem franca,passagem franca
customers.customer_city,passira,passira
customers.customer_city,passo de camaragibe,passo de camaragibe
customers.customer_city,passo de torres,passo de torres
customers.customer_city,passo fundo,passo fundo
customers.customer_city,passos,passos
customers.customer_city,passos maia,passos maia
customers.customer_city,pastos bons,pastos bons
customers.customer_city,patis,patis
customers.customer_city,pato bragado,pato bragado
customers.customer_city,pato branco,pato branco
customers.customer_city,patos,patos
customers.customer_city,patos de minas,patos de minas
customers.customer_city,patrocinio,patrocinio
customers.customer_city,patrocinio do muriae,patrocinio do muriae
customers.customer_city,patrocinio paulista,patrocinio paulista
customers.customer_city,patu,patu
customers.customer_city,paty do alferes,paty do alferes
customers.customer_city,pau brasil,pau brasil
customers.customer_city,pau d'arco,pau d arco
customers.customer_city,pau dos ferros,pau dos ferros
customers.customer_city,paudalho,paudalho
customers.customer_city,paula candido,paula candido
customers.customer_city,paula freitas,paula freitas
customers.customer_city,pauliceia,pauliceia
customers.customer_city,paulinia,paulinia
customers.customer_city,paulino neves,paulino neves
customers.customer_city,paulista,paulista
customers.customer_city,paulistana,paulistana
customers.customer_city,paulistania,paulistania
customers.customer_city,paulo afonso,paulo afonso
customers.customer_city,paulo de faria,paulo de faria
customers.customer_city,paulo frontin,paulo frontin
customers.customer_city,paulo jacinto,paulo jacinto
customers.customer_city,paulo lopes,paulo lopes
customers.customer_city,pavao,pavao
customers.customer_city,peabiru,peabiru
customers.customer_city,pecanha,pecanha
customers.customer_city,pederneiras,pederneiras
customers.customer_city,pedra,pedra
customers.customer_city,pedra azul,pedra azul
customers.customer_city,pedra bela,pedra bela
customers.customer_city,pedra branca,pedra branca
customers.customer_city,pedra do indaia,pedra do indaia
customers.customer_city,pedra lavrada,pedra lavrada
customers.customer_city,pedra menina,pedra menina
customers.customer_city,pedra preta,pedra preta
customers.customer_city,pedralva,pedralva
customers.customer_city,pedranopolis,pedranopolis
customers.customer_city,pedrao,pedrao
customers.customer_city,pedras altas,pedras altas
customers.customer_city,pedras de fogo,pedras de fogo
customers.customer_city,pedregulho,pedregulho
customers.customer_city,pedreira,pedreira
customers.customer_city,pedreiras,pedreiras
customers.customer_city,pedrinhas paulista,pedrinhas paulista
customers.customer_city,pedrinopolis,pedrinopolis
customers.customer_city,pedro afonso,pedro afonso
customers.customer_city,pedro canario,pedro canario
customers.customer_city,pedro de toledo,pedro de toledo
customers.customer_city,pedro gomes,pedro gomes
customers.customer_city,pedro ii,pedro ii
customers.customer_city,pedro leopoldo,pedro leopoldo
customers.customer_city,pedro osorio,pedro osorio
customers.customer_city,pedro velho,pedro velho
customers.customer_city,peixe,peixe
customers.customer_city,peixoto de azevedo,peixoto de azevedo
customers.customer_city,pejucara,pejucara
customers.customer_city,pelotas,pelotas
customers.customer_city,penaforte,penaforte
customers.customer_city,penapolis,penapolis
customers.customer_city,pendencias,pendencias
customers.customer_city,penedo,penedo
customers.customer_city,penha,penha
customers.customer_city,pentecoste,pentecoste
customers.customer_city,pequi,pequi
customers.customer_city,pequizeiro,pequizeiro
customers.customer_city,perdigao,perdigao
customers.customer_city,perdizes,perdizes
customers.customer_city,perdoes,perdoes
customers.customer_city,pereira barreto,pereira barreto
customers.customer_city,pereiras,pereiras
customers.customer_city,pereiro,pereiro
customers.customer_city,peri mirim,peri mirim
customers.customer_city,periquito,periquito
customers.customer_city,peritiba,peritiba
customers.customer_city,perobal,perobal
customers.customer_city,perola,perola
customers.customer_city,perola d'oeste,perola d oeste
customers.customer_city,perola independente,perola independente
customers.customer_city,perpetuo socorro,perpetuo socorro
customers.customer_city,peruibe,peruibe
customers.customer_city,pescador,pescador
customers.customer_city,pesqueira,pesqueira
customers.customer_city,petrolandia,petrolandia
customers.customer_city,petrolina,petrolina
customers.customer_city,petropolis,petropolis
customers.customer_city,piacabucu,piacabucu
customers.customer_city,piacatu,piacatu
customers.customer_city,piacu,piacu
customers.customer_city,pianco,pianco
customers.customer_city,piao,piao
customers.customer_city,piata,piata
customers.customer_city,piau,piau
customers.customer_city,picada cafe,picada cafe
customers.customer_city,picarra,picarra
customers.customer_city,picarras,picarras
customers.customer_city,picos,picos
customers.customer_city,picui,picui
customers.customer_city,piedade,piedade
customers.customer_city,piedade de caratinga,piedade de caratinga
customers.customer_city,piedade do rio grande,piedade do rio grande
customers.customer_city,piedade dos gerais,piedade dos gerais
customers.customer_city,pien,pien
customers.customer_city,pilao arcado,pilao arcado
customers.customer_city,pilar,pilar
customers.customer_city,pilar do sul,pilar do sul
customers.customer_city,pimenta,pimenta
customers.customer_city,pimenta bueno,pimenta bueno
customers.customer_city,pimenteiras,pimenteiras
customers.customer_city,pindai,pindai
customers.customer_city,pindamonhangaba,pindamonhangaba
customers.customer_city,pindare mirim,pindare mirim
customers.customer_city,pindoba,pindoba
customers.customer_city,pindobacu,pindobacu
customers.customer_city,pindorama,pindorama
customers.customer_city,pindorama do tocantins,pindorama do tocantins
customers.customer_city,pindoretama,pindoretama
customers.customer_city,pingo-d'agua,pingo d agua
customers.customer_city,pinhais,pinhais
customers.customer_city,pinhal da serra,pinhal da serra
customers.customer_city,pinhalao,pinhalao
customers.customer_city,pinhalzinho,pinhalzinho
customers.customer_city,pinhao,pinhao
customers.customer_city,pinheiral,pinheiral
customers.customer_city,pinheiro,pinheiro
customers.customer_city,pinheiro machado,pinheiro machado
customers.customer_city,pinheiros,pinheiros
customers.customer_city,pinhotiba,pinhotiba
customers.customer_city,pintadas,pintadas
customers.customer_city,pinto bandeira,pinto bandeira
customers.customer_city,pio ix,pio ix
customers.customer_city,pio xii,pio xii
customers.customer_city,piquerobi,piquerobi
customers.customer_city,piquete,piquete
customers.customer_city,piracaia,piracaia
customers.customer_city,piracanjuba,piracanjuba
customers.customer_city,piracema,piracema
customers.customer_city,piracicaba,piracicaba
customers.customer_city,piracuruca,piracuruca
customers.customer_city,pirai,pirai
customers.customer_city,pirai do norte,pirai do norte
customers.customer_city,pirai do sul,pirai do sul
customers.customer_city,piraju,piraju
customers.customer_city,pirajuba,pirajuba
customers.customer_city,pirajui,pirajui
customers.customer_city,pirambu,pirambu
customers.customer_city,piranga,piranga
customers.customer_city,pirangi,pirangi
customers.customer_city,piranguinho,piranguinho
customers.customer_city,piranhas,piranhas
customers.customer_city,pirapemas,pirapemas
customers.customer_city,pirapetinga,pirapetinga
customers.customer_city,pirapo,pirapo
customers.customer_city,pirapora,pirapora
customers.customer_city,pirapora do bom jesus,pirapora do bom jesus
customers.customer_city,pirapozinho,pirapozinho
customers.customer_city,piraquara,piraquara
customers.customer_city,pirassununga,pirassununga
customers.customer_city,piratini,piratini
customers.customer_city,piratininga,piratininga
customers.customer_city,piratuba,piratuba
customers.customer_city,pirauba,pirauba
customers.customer_city,pirenopolis,pirenopolis
customers.customer_city,pires do rio,pires do rio
customers.customer_city,pires ferreira,pires ferreira
customers.customer_city,piripa,piripa
customers.customer_city,piripiri,piripiri
customers.customer_city,piritiba,piritiba
customers.customer_city,pirpirituba,pirpirituba
customers.customer_city,pitanga,pitanga
customers.customer_city,pitanga de estrada,pitanga de estrada
customers.customer_city,pitangueiras,pitangueiras
customers.customer_city,pitangui,pitangui
customers.customer_city,pitimbu,pitimbu
customers.customer_city,pium,pium
customers.customer_city,piuma,piuma
customers.customer_city,piumhi,piumhi
customers.customer_city,piumhii,piumhii
customers.customer_city,placas,placas
customers.customer_city,planaltina,planaltina
customers.customer_city,planaltina de goias,planaltina de goias
customers.customer_city,planaltina do parana,planaltina do parana
customers.customer_city,planaltino,planaltino
customers.customer_city,planalto,planalto
customers.customer_city,planura,planura
customers.customer_city,poa,poa
customers.customer_city,pocao,pocao
customers.customer_city,pocao de pedras,pocao de pedras
customers.customer_city,pocinhos,pocinhos
customers.customer_city,poco de pedra,poco de pedra
customers.customer_city,poco fundo,poco fundo
customers.customer_city,poco redondo,poco redondo
customers.customer_city,poco verde,poco verde
customers.customer_city,pocoes,pocoes
customers.customer_city,pocoes de paineiras,pocoes de paineiras
customers.customer_city,pocos de caldas,pocos de caldas
customers.customer_city,pocrane,pocrane
customers.customer_city,pojuca,pojuca
customers.customer_city,polo petroquimico de triunfo,polo petroquimico de triunfo
customers.customer_city,poloni,poloni
customers.customer_city,pombal,pombal
customers.customer_city,pombos,pombos
customers.customer_city,pomerode,pomerode
customers.customer_city,pompeia,pompeia
customers.customer_city,pompeu,pompeu
customers.customer_city,pongai,pongai
customers.customer_city,ponta grossa,ponta grossa
customers.customer_city,ponta pora,ponta pora
customers.customer_city,pontal,pontal
customers.customer_city,pontal do parana,pontal do parana
customers.customer_city,pontalina,pontalina
customers.customer_city,pontalinda,pontalinda
customers.customer_city,pontao,pontao
customers.customer_city,ponte alta do norte,ponte alta do norte
customers.customer_city,ponte nova,ponte nova
customers.customer_city,ponte serrada,ponte serrada
customers.customer_city,pontes e lacerda,pontes e lacerda
customers.customer_city,pontes gestal,pontes gestal
customers.customer_city,ponto belo,ponto belo
customers.customer_city,ponto do marambaia,ponto do marambaia
customers.customer_city,ponto dos volantes,ponto dos volantes
customers.customer_city,ponto novo,ponto novo
customers.customer_city,populina,populina
customers.customer_city,porangaba,porangaba
customers.customer_city,porangatu,porangatu
customers.customer_city,porciuncula,porciuncula
customers.customer_city,porecatu,porecatu
customers.customer_city,portalegre,portalegre
customers.customer_city,portao,portao
customers.customer_city,porteiras,porteiras
customers.customer_city,porteirinha,porteirinha
customers.customer_city,portela,portela
customers.customer_city,portelandia,portelandia
customers.customer_city,porto acre,porto acre
customers.customer_city,porto alegre,porto alegre
customers.customer_city,porto alegre do norte,porto alegre do norte
customers.customer_city,porto amazonas,porto amazonas
customers.customer_city,porto belo,porto belo
customers.customer_city,porto calvo,porto calvo
customers.customer_city,porto de pedras,porto de pedras
customers.customer_city,porto dos gauchos,porto dos gauchos
customers.customer_city,porto esperidiao,porto esperidiao
customers.customer_city,porto estrela,porto estrela
customers.customer_city,porto feliz,porto feliz
customers.customer_city,porto ferreira,porto ferreira
customers.customer_city,porto firme,porto firme
customers.customer_city,porto franco,porto franco
customers.customer_city,porto grande,porto grande
customers.customer_city,porto lucena,porto lucena
customers.customer_city,porto murtinho,porto murtinho
customers.customer_city,porto nacional,porto nacional
customers.customer_city,porto real,porto real
customers.customer_city,porto rico,porto rico
customers.customer_city,porto seguro,porto seguro
customers.customer_city,porto trombetas,porto trombetas
customers.customer_city,porto uniao,porto uniao
customers.customer_city,porto velho,porto velho
customers.customer_city,porto xavier,porto xavier
customers.customer_city,posse,posse
customers.customer_city,posto da mata,posto da mata
customers.customer_city,pote,pote
customers.customer_city,potengi,potengi
customers.customer_city,potim,potim
customers.customer_city,potiragua,potiragua
customers.customer_city,potirendaba,potirendaba
customers.customer_city,pouso alegre,pouso alegre
customers.customer_city,pouso alto,pouso alto
customers.customer_city,pouso novo,pouso novo
customers.customer_city,pouso redondo,pouso redondo
customers.customer_city,poxoreu,poxoreu
customers.customer_city,prado,prado
customers.customer_city,pradopolis,pradopolis
customers.customer_city,prados,prados
customers.customer_city,praia grande,praia grande
customers.customer_city,praia norte,praia norte
customers.customer_city,pranchita,pranchita
customers.customer_city,prata,prata
customers.customer_city,pratapolis,pratapolis
customers.customer_city,presidente alves,presidente alves
customers.customer_city,presidente bernardes,presidente bernardes
customers.customer_city,presidente castello branco,presidente castello branco
customers.customer_city,presidente dutra,presidente dutra
customers.customer_city,presidente epitacio,presidente epitacio
customers.customer_city,presidente getulio,presidente getulio
customers.customer_city,presidente janio quadros,presidente janio quadros
customers.customer_city,presidente juscelino,presidente juscelino
customers.customer_city,presidente kennedy,presidente kennedy
customers.customer_city,presidente kubitschek,presidente kubitschek
customers.customer_city,presidente lucena,presidente lucena
customers.customer_city,presidente medici,presidente medici
customers.customer_city,presidente nereu,presidente nereu
customers.customer_city,presidente olegario,presidente olegario
customers.customer_city,presidente prudente,presidente prudente
customers.customer_city,presidente tancredo neves,presidente tancredo neves
customers.customer_city,presidente venceslau,presidente venceslau
customers.customer_city,primavera,primavera
customers.customer_city,primavera do leste,primavera do leste
customers.customer_city,primeiro de maio,primeiro de maio
customers.customer_city,princesa isabel,princesa isabel
customers.customer_city,progresso,progresso
customers.customer_city,promissao,promissao
customers.customer_city,propria,propria
customers.customer_city,protasio alves,protasio alves
customers.customer_city,prudencio thomaz,prudencio thomaz
customers.customer_city,prudente de morais,prudente de morais
customers.customer_city,prudentopolis,prudentopolis
customers.customer_city,pugmil,pugmil
customers.customer_city,pureza,pureza
customers.customer_city,purilandia,purilandia
customers.customer_city,putinga,putinga
customers.customer_city,puxinana,puxinana
customers.customer_city,quadra,quadra
customers.customer_city,quarai,quarai
customers.customer_city,quata,quata
customers.customer_city,quatigua,quatigua
customers.customer_city,quatis,quatis
customers.customer_city,quatituba,quatituba
customers.customer_city,quatro barras,quatro barras
customers.customer_city,quatro bocas,quatro bocas
customers.customer_city,quatro pontes,quatro pontes
customers.customer_city,quedas do iguacu,quedas do iguacu
customers.customer_city,queimadas,queimadas
customers.customer_city,queimados,queimados
customers.customer_city,queiroz,queiroz
customers.customer_city,queixada,queixada
customers.customer_city,queluz,queluz
customers.customer_city,querencia,querencia
customers.customer_city,querencia do norte,querencia do norte
customers.customer_city,quevedos,quevedos
customers.customer_city,quijingue,quijingue
customers.customer_city,quilombo,quilombo
customers.customer_city,quilometro 14 do mutum,quilometro 14 do mutum
customers.customer_city,quinta do sol,quinta do sol
customers.customer_city,quintana,quintana
customers.customer_city,quipapa,quipapa
customers.customer_city,quirinopolis,quirinopolis
customers.customer_city,quissama,quissama
customers.customer_city,quitandinha,quitandinha
customers.customer_city,quixabeira,quixabeira
customers.customer_city,quixada,quixada
customers.customer_city,quixelo,quixelo
customers.customer_city,quixeramobim,quixeramobim
customers.customer_city,quixere,quixere
customers.customer_city,rafard,rafard
customers.customer_city,rainha do mar,rainha do mar
customers.customer_city,rancharia,rancharia
customers.customer_city,rancho alegre,rancho alegre
customers.customer_city,rancho alegre d'oeste,rancho alegre d oeste
customers.customer_city,rancho queimado,rancho queimado
customers.customer_city,raposo,raposo
customers.customer_city,raposos,raposos
customers.customer_city,raul soares,raul soares
customers.customer_city,ravena,ravena
customers.customer_city,realeza,realeza
customers.customer_city,reboucas,reboucas
customers.customer_city,rechan,rechan
customers.customer_city,recife,recife
customers.customer_city,recreio,recreio
customers.customer_city,redencao,redencao
customers.customer_city,redencao da serra,redencao da serra
customers.customer_city,redencao do gurgueia,redencao do gurgueia
customers.customer_city,redentora,redentora
customers.customer_city,regeneracao,regeneracao
customers.customer_city,regente feijo,regente feijo
customers.customer_city,reginopolis,reginopolis
customers.customer_city,registro,registro
customers.customer_city,remanso,remanso
customers.customer_city,remigio,remigio
customers.customer_city,renascenca,renascenca
customers.customer_city,reriutaba,reriutaba
customers.customer_city,resende,resende
customers.customer_city,resende costa,resende costa
customers.customer_city,reserva,reserva
customers.customer_city,reserva do cabacal,reserva do cabacal
customers.customer_city,reserva do iguacu,reserva do iguacu
customers.customer_city,resplendor,resplendor
customers.customer_city,ressaquinha,ressaquinha
customers.customer_city,restinga seca,restinga seca
customers.customer_city,retirolandia,retirolandia
customers.customer_city,riachao das neves,riachao das neves
customers.customer_city,riachao do jacuipe,riachao do jacuipe
customers.customer_city,riachinho,riachinho
customers.customer_city,riacho da cruz,riacho da cruz
customers.customer_city,riacho das almas,riacho das almas
customers.customer_city,riacho de santana,riacho de santana
customers.customer_city,riacho de santo antonio,riacho de santo antonio
customers.customer_city,riacho dos machados,riacho dos machados
customers.customer_city,riachuelo,riachuelo
customers.customer_city,rianapolis,rianapolis
customers.customer_city,ribas do rio pardo,ribas do rio pardo
customers.customer_city,ribeira,ribeira
customers.customer_city,ribeira do amparo,ribeira do amparo
customers.customer_city,ribeira do pombal,ribeira do pombal
customers.customer_city,ribeirao,ribeirao
customers.customer_city,ribeirao bonito,ribeirao bonito
customers.customer_city,ribeirao branco,ribeirao branco
customers.customer_city,ribeirao cascalheira,ribeirao cascalheira
customers.customer_city,ribeirao claro,ribeirao claro
customers.customer_city,ribeirao das neves,ribeirao das neves
customers.customer_city,ribeirao do pinhal,ribeirao do pinhal
customers.customer_city,ribeirao do sul,ribeirao do sul
customers.customer_city,ribeirao pires,ribeirao pires
customers.customer_city,ribeirao preto,ribeirao preto
customers.customer_city,ribeirao vermelho,ribeirao vermelho
customers.customer_city,ribeiraozinho,ribeiraozinho
customers.customer_city,ribeiro junqueira,ribeiro junqueira
customers.customer_city,ribeiropolis,ribeiropolis
customers.customer_city,rifaina,rifaina
customers.customer_city,rincao,rincao
customers.customer_city,rinopolis,rinopolis
customers.customer_city,rio acima,rio acima
customers.customer_city,rio azul,rio azul
customers.customer_city,rio bananal,rio bananal
customers.customer_city,rio bonito,rio bonito
customers.customer_city,rio bonito do iguacu,rio bonito do iguacu
customers.customer_city,rio branco,rio branco
customers.customer_city,rio branco do sul,rio branco do sul
customers.customer_city,rio brilhante,rio brilhante
customers.customer_city,rio casca,rio casca
customers.customer_city,rio claro,rio claro
customers.customer_city,rio das antas,rio das antas
customers.customer_city,rio das flores,rio das flores
customers.customer_city,rio das ostras,rio das ostras
customers.customer_city,rio das pedras,rio das pedras
customers.customer_city,rio de contas,rio de contas
customers.customer_city,rio de janeiro,rio de janeiro
customers.customer_city,rio do antonio,rio do antonio
customers.customer_city,rio do campo,rio do campo
customers.customer_city,rio do oeste,rio do oeste
customers.customer_city,rio do pires,rio do pires
customers.customer_city,rio do sul,rio do sul
customers.customer_city,rio doce,rio doce
customers.customer_city,rio dos cedros,rio dos cedros
customers.customer_city,rio dos indios,rio dos indios
customers.customer_city,rio espera,rio espera
customers.customer_city,rio formoso,rio formoso
customers.customer_city,rio fortuna,rio fortuna
customers.customer_city,rio grande,rio grande
customers.customer_city,rio grande da serra,rio grande da serra
customers.customer_city,rio grande do piaui,rio grande do piaui
customers.customer_city,rio largo,rio largo
customers.customer_city,rio manso,rio manso
customers.customer_city,rio maria,rio maria
customers.customer_city,rio negrinho,rio negrinho
customers.customer_city,rio negro,rio negro
customers.customer_city,rio novo,rio novo
customers.customer_city,rio novo do sul,rio novo do sul
customers.customer_city,rio paranaiba,rio paranaiba
customers.customer_city,rio pardo,rio pardo
customers.customer_city,rio pardo de minas,rio pardo de minas
customers.customer_city,rio piracicaba,rio piracicaba
customers.customer_city,rio pomba,rio pomba
customers.customer_city,rio preto,rio preto
customers.customer_city,rio real,rio real
customers.customer_city,rio rufino,rio rufino
customers.customer_city,rio tinto,rio tinto
customers.customer_city,rio verde,rio verde
customers.customer_city,riolandia,riolandia
customers.customer_city,riqueza,riqueza
customers.customer_city,ritapolis,ritapolis
customers.customer_city,riversul,riversul
customers.customer_city,roca sales,roca sales
customers.customer_city,rodeio,rodeio
customers.customer_city,rodeio bonito,rodeio bonito
customers.customer_city,rodeiro,rodeiro
customers.customer_city,rodelas,rodelas
customers.customer_city,rodolfo fernandes,rodolfo fernandes
customers.customer_city,rolandia,rolandia
customers.customer_city,rolante,rolante
customers.customer_city,rolim de moura,rolim de moura
customers.customer_city,romaria,romaria
customers.customer_city,romelandia,romelandia
customers.customer_city,roncador,roncador
customers.customer_city,ronda alta,ronda alta
customers.customer_city,rondon,rondon
customers.customer_city,rondon do para,rondon do para
customers.customer_city,rondonopolis,rondonopolis
customers.customer_city,roque gonzales,roque gonzales
customers.customer_city,rosana,rosana
customers.customer_city,rosario,rosario
customers.customer_city,rosario do ivai,rosario do ivai
customers.customer_city,rosario do sul,rosario do sul
customers.customer_city,roseira,roseira
customers.customer_city,rubelita,rubelita
customers.customer_city,rubiacea,rubiacea
customers.customer_city,rubiataba,rubiataba
customers.customer_city,rubim,rubim
customers.customer_city,rubineia,rubineia
customers.customer_city,russas,russas
customers.customer_city,ruy barbosa,ruy barbosa
customers.customer_city,sabara,sabara
customers.customer_city,sabaudia,sabaudia
customers.customer_city,sabino,sabino
customers.customer_city,sabinopolis,sabinopolis
customers.customer_city,saboeiro,saboeiro
customers.customer_city,sacra familia do tingua,sacra familia do tingua
customers.customer_city,sacramento,sacramento
customers.customer_city,sales,sales
customers.customer_city,sales oliveira,sales oliveira
customers.customer_city,salesopolis,salesopolis
customers.customer_city,salgado filho,salgado filho
customers.customer_city,salgueiro,salgueiro
customers.customer_city,salinas,salinas
customers.customer_city,salinas da margarida,salinas da margarida
customers.customer_city,salmourao,salmourao
customers.customer_city,saloa,saloa
customers.customer_city,salobro,salobro
customers.customer_city,saltinho,saltinho
customers.customer_city,salto,salto
customers.customer_city,salto da divisa,salto da divisa
customers.customer_city,salto de pirapora,salto de pirapora
customers.customer_city,salto do ceu,salto do ceu
customers.customer_city,salto do itarare,salto do itarare
customers.customer_city,salto do jacui,salto do jacui
customers.customer_city,salto do lontra,salto do lontra
customers.customer_city,salto grande,salto grande
customers.customer_city,salto veloso,salto veloso
customers.customer_city,salvador,salvador
customers.customer_city,salvador do sul,salvador do sul
customers.customer_city,sambaiba,sambaiba
customers.customer_city,sananduva,sananduva
customers.customer_city,sanclerlandia,sanclerlandia
customers.customer_city,sandolandia,sandolandia
customers.customer_city,sanga puita,sanga puita
customers.customer_city,sangao,sangao
customers.customer_city,sanharo,sanharo
customers.customer_city,santa adelia,santa adelia
customers.customer_city,santa albertina,santa albertina
customers.customer_city,santa amelia,santa amelia
customers.customer_city,santa barbara,santa barbara
customers.customer_city,santa barbara d oeste,santa barbara d oeste
customers.customer_city,santa barbara d'oeste,santa barbara d oeste
customers.customer_city,santa barbara do para,santa barbara do para
customers.customer_city,santa barbara do sul,santa barbara do sul
customers.customer_city,santa branca,santa branca
customers.customer_city,santa brigida,santa brigida
customers.customer_city,santa cecilia,santa cecilia
customers.customer_city,santa cecilia do pavao,santa cecilia do pavao
customers.customer_city,santa clara d'oeste,santa clara d oeste
customers.customer_city,santa clara do sul,santa clara do sul
customers.customer_city,santa cruz,santa cruz
customers.customer_city,santa cruz cabralia,santa cruz cabralia
customers.customer_city,santa cruz da conceicao,santa cruz da conceicao
customers.customer_city,santa cruz das palmeiras,santa cruz das palmeiras
customers.customer_city,santa cruz de goias,santa cruz de goias
customers.customer_city,santa cruz de minas,santa cruz de minas
customers.customer_city,santa cruz de monte castelo,santa cruz de monte castelo
customers.customer_city,santa cruz de salinas,santa cruz de salinas
customers.customer_city,santa cruz do capibaribe,santa cruz do capibaribe
customers.customer_city,santa cruz do piaui,santa cruz do piaui
customers.customer_city,santa cruz do prata,santa cruz do prata
customers.customer_city,santa cruz do rio pardo,santa cruz do rio pardo
customers.customer_city,santa cruz do sul,santa cruz do sul
customers.customer_city,santa cruz do timbo,santa cruz do timbo
customers.customer_city,santa ernestina,santa ernestina
customers.customer_city,santa fe,santa fe
customers.customer_city,santa fe de goias,santa fe de goias
customers.customer_city,santa fe de minas,santa fe de minas
customers.customer_city,santa fe do sul,santa fe do sul
customers.customer_city,santa filomena,santa filomena
customers.customer_city,santa gertrudes,santa gertrudes
customers.customer_city,santa helena,santa helena
customers.customer_city,santa helena de goias,santa helena de goias
customers.customer_city,santa helena de minas,santa helena de minas
customers.customer_city,santa ines,santa ines
customers.customer_city,santa isabel,santa isabel
customers.customer_city,santa isabel do ivai,santa isabel do ivai
customers.customer_city,santa isabel do para,santa isabel do para
customers.customer_city,santa isabel do rio preto,santa isabel do rio preto
customers.customer_city,santa izabel do oeste,santa izabel do oeste
customers.customer_city,santa juliana,santa juliana
customers.customer_city,santa leopoldina,santa leopoldina
customers.customer_city,santa lucia,santa lucia
customers.customer_city,santa luzia,santa luzia
customers.customer_city,santa luzia do norte,santa luzia do norte
customers.customer_city,santa luzia do parua,santa luzia do parua
customers.customer_city,santa margarida,santa margarida
customers.customer_city,santa maria,santa maria
customers.customer_city,santa maria da boa vista,santa maria da boa vista
customers.customer_city,santa maria da serra,santa maria da serra
customers.customer_city,santa maria da vitoria,santa maria da vitoria
customers.customer_city,santa maria de itabira,santa maria de itabira
customers.customer_city,santa maria de jetiba,santa maria de jetiba
customers.customer_city,santa maria do herval,santa maria do herval
customers.customer_city,santa maria do para,santa maria do para
customers.customer_city,santa maria do salto,santa maria do salto
customers.customer_city,santa maria do suacui,santa maria do suacui
customers.customer_city,santa maria madalena,santa maria madalena
customers.customer_city,santa mariana,santa mariana
customers.customer_city,santa mercedes,santa mercedes
customers.customer_city,santa monica,santa monica
customers.customer_city,santa quiteria,santa quiteria
customers.customer_city,santa quiteria do maranhao,santa quiteria do maranhao
customers.customer_city,santa rita,santa rita
customers.customer_city,santa rita d'oeste,santa rita d oeste
customers.customer_city,santa rita da floresta,santa rita da floresta
customers.customer_city,santa rita de caldas,santa rita de caldas
customers.customer_city,santa rita de jacutinga,santa rita de jacutinga
customers.customer_city,santa rita de minas,santa rita de minas
customers.customer_city,santa rita do araguaia,santa rita do araguaia
customers.customer_city,santa rita do ibitipoca,santa rita do ibitipoca
customers.customer_city,santa rita do itueto,santa rita do itueto
customers.customer_city,santa rita do passa quatro,santa rita do passa quatro
customers.customer_city,santa rita do sapucai,santa rita do sapucai
customers.customer_city,santa rosa,santa rosa
customers.customer_city,santa rosa de lima,santa rosa de lima
customers.customer_city,santa rosa de viterbo,santa rosa de viterbo
customers.customer_city,santa rosa do sul,santa rosa do sul
customers.customer_city,santa salete,santa salete
customers.customer_city,santa teresa,santa teresa
customers.customer_city,santa teresinha,santa teresinha
customers.customer_city,santa tereza do oeste,santa tereza do oeste
customers.customer_city,santa terezinha,santa terezinha
customers.customer_city,santa terezinha de itaipu,santa terezinha de itaipu
customers.customer_city,santa vitoria,santa vitoria
customers.customer_city,santa vitoria do palmar,santa vitoria do palmar
customers.customer_city,santaluz,santaluz
customers.customer_city,santana,santana
customers.customer_city,santana da boa vista,santana da boa vista
customers.customer_city,santana da vargem,santana da vargem
customers.customer_city,santana de parnaiba,santana de parnaiba
customers.customer_city,santana de pirapama,santana de pirapama
customers.customer_city,santana do acarau,santana do acarau
customers.customer_city,santana do araguaia,santana do araguaia
customers.customer_city,santana do capivari,santana do capivari
customers.customer_city,santana do cariri,santana do cariri
customers.customer_city,santana do deserto,santana do deserto
customers.customer_city,santana do ipanema,santana do ipanema
customers.customer_city,santana do itarare,santana do itarare
customers.customer_city,santana do jacare,santana do jacare
customers.customer_city,santana do livramento,santana do livramento
customers.customer_city,santana do manhuacu,santana do manhuacu
customers.customer_city,santana do mundau,santana do mundau
customers.customer_city,santana do paraiso,santana do paraiso
customers.customer_city,santana do serido,santana do serido
customers.customer_city,santana do sobrado,santana do sobrado
customers.customer_city,santana dos montes,santana dos montes
customers.customer_city,santanesia,santanesia
customers.customer_city,santarem,santarem
customers.customer_city,santiago,santiago
customers.customer_city,santo amaro,santo amaro
customers.customer_city,santo amaro da imperatriz,santo amaro da imperatriz
customers.customer_city,santo amaro das brotas,santo amaro das brotas
customers.customer_city,santo amaro de campos,santo amaro de campos
customers.customer_city,santo anastacio,santo anastacio
customers.customer_city,santo andre,santo andre
customers.customer_city,santo angelo,santo angelo
customers.customer_city,santo antonio,santo antonio
customers.customer_city,santo antonio da alegria,santo antonio da alegria
customers.customer_city,santo antonio da patrulha,santo antonio da patrulha
customers.customer_city,santo antonio da platina,santo antonio da platina
customers.customer_city,santo antonio das missoes,santo antonio das missoes
customers.customer_city,santo antonio das queimadas,santo antonio das queimadas
customers.customer_city,santo antonio de goias,santo antonio de goias
customers.customer_city,santo antonio de jesus,santo antonio de jesus
customers.customer_city,santo antonio de padua,santo antonio de padua
customers.customer_city,santo antonio de posse,santo antonio de posse
customers.customer_city,santo antonio do amparo,santo antonio do amparo
customers.customer_city,santo antonio do aracangua,santo antonio do aracangua
customers.customer_city,santo antonio do aventureiro,santo antonio do aventureiro
customers.customer_city,santo antonio do caiua,santo antonio do caiua
customers.customer_city,santo antonio do canaa,santo antonio do canaa
customers.customer_city,santo antonio do descoberto,santo antonio do descoberto
customers.customer_city,santo antonio do grama,santo antonio do grama
customers.customer_city,santo antonio do itambe,santo antonio do itambe
customers.customer_city,santo antonio do jacinto,santo antonio do jacinto
customers.customer_city,santo antonio do jardim,santo antonio do jardim
customers.customer_city,santo antonio do leste,santo antonio do leste
customers.customer_city,santo antonio do leverger,santo antonio do leverger
customers.customer_city,santo antonio do monte,santo antonio do monte
customers.customer_city,santo antonio do palma,santo antonio do palma
customers.customer_city,santo antonio do pinhal,santo antonio do pinhal
customers.customer_city,santo antonio do planalto,santo antonio do planalto
customers.customer_city,santo antonio do rio abaixo,santo antonio do rio abaixo
customers.customer_city,santo antonio do sudoeste,santo antonio do sudoeste
customers.customer_city,santo antonio do taua,santo antonio do taua
customers.customer_city,santo antonio dos campos,santo antonio dos campos
customers.customer_city,santo augusto,santo augusto
customers.customer_city,santo cristo,santo cristo
customers.customer_city,santo eduardo,santo eduardo
customers.customer_city,santo estevao,santo estevao
customers.customer_city,santo expedito,santo expedito
customers.customer_city,santo expedito do sul,santo expedito do sul
customers.customer_city,santo hipolito,santo hipolito
customers.customer_city,santo inacio,santo inacio
customers.customer_city,santos,santos
customers.customer_city,santos dumont,santos dumont
customers.customer_city,sao benedito,sao benedito
customers.customer_city,sao benedito do rio preto,sao benedito do rio preto
customers.customer_city,sao benedito do sul,sao benedito do sul
customers.customer_city,sao bentinho,sao bentinho
customers.customer_city,sao bento,sao bento
customers.customer_city,sao bento abade,sao bento abade
customers.customer_city,sao bento do sapucai,sao bento do sapucai
customers.customer_city,sao bento do sul,sao bento do sul
customers.customer_city,sao bento do una,sao bento do una
customers.customer_city,sao bernardino,sao bernardino
customers.customer_city,sao bernardo,sao bernardo
customers.customer_city,sao bernardo do campo,sao bernardo do campo
customers.customer_city,sao bonifacio,sao bonifacio
customers.customer_city,sao borja,sao borja
customers.customer_city,sao bras,sao bras
customers.customer_city,sao bras do suacui,sao bras do suacui
customers.customer_city,sao caetano do sul,sao caetano do sul
customers.customer_city,sao carlos,sao carlos
customers.customer_city,sao carlos do ivai,sao carlos do ivai
customers.customer_city,sao clemente,sao clemente
customers.customer_city,sao cristovao,sao cristovao
customers.customer_city,sao cristovao do sul,sao cristovao do sul
customers.customer_city,sao desiderio,sao desiderio
customers.customer_city,sao domingos,sao domingos
customers.customer_city,sao domingos das dores,sao domingos das dores
customers.customer_city,sao domingos do araguaia,sao domingos do araguaia
customers.customer_city,sao domingos do maranhao,sao domingos do maranhao
customers.customer_city,sao domingos do norte,sao domingos do norte
customers.customer_city,sao domingos do prata,sao domingos do prata
customers.customer_city,sao domingos do sul,sao domingos do sul
customers.customer_city,sao felipe,sao felipe
customers.customer_city,sao felix,sao felix
customers.customer_city,sao felix de minas,sao felix de minas
customers.customer_city,sao felix do araguaia,sao felix do araguaia
customers.customer_city,sao felix do coribe,sao felix do coribe
customers.customer_city,sao felix do xingu,sao felix do xingu
customers.customer_city,sao fernando,sao fernando
customers.customer_city,sao fidelis,sao fidelis
customers.customer_city,sao francisco,sao francisco
customers.customer_city,sao francisco de assis,sao francisco de assis
customers.customer_city,sao francisco de itabapoana,sao francisco de itabapoana
customers.customer_city,sao francisco de paula,sao francisco de paula
customers.customer_city,sao francisco do brejao,sao francisco do brejao
customers.customer_city,sao francisco do conde,sao francisco do conde
customers.customer_city,sao francisco do gloria,sao francisco do gloria
customers.customer_city,sao francisco do guapore,sao francisco do guapore
customers.customer_city,sao francisco do humaita,sao francisco do humaita
customers.customer_city,sao francisco do sul,sao francisco do sul
customers.customer_city,sao gabriel,sao gabriel
customers.customer_city,sao gabriel da palha,sao gabriel da palha
customers.customer_city,sao gabriel do oeste,sao gabriel do oeste
customers.customer_city,sao geraldo,sao geraldo
customers.customer_city,sao geraldo da piedade,sao geraldo da piedade
customers.customer_city,sao geraldo do baguari,sao geraldo do baguari
customers.customer_city,sao goncalo,sao goncalo
customers.customer_city,sao goncalo do abaete,sao goncalo do abaete
customers.customer_city,sao goncalo do amarante,sao goncalo do amarante
customers.customer_city,sao goncalo do para,sao goncalo do para
customers.customer_city,sao goncalo do rio abaixo,sao goncalo do rio abaixo
customers.customer_city,sao goncalo do rio das pedras,sao goncalo do rio das pedras
customers.customer_city,sao goncalo do rio preto,sao goncalo do rio preto
customers.customer_city,sao goncalo do sapucai,sao goncalo do sapucai
customers.customer_city,sao gotardo,sao gotardo
customers.customer_city,sao jeronimo,sao jeronimo
customers.customer_city,sao joao,sao joao
customers.customer_city,sao joao batista,sao joao batista
customers.customer_city,sao joao batista do gloria,sao joao batista do gloria
customers.customer_city,sao joao d'alianca,sao joao d alianca
customers.customer_city,sao joao da barra,sao joao da barra
customers.customer_city,sao joao da boa vista,sao joao da boa vista
customers.customer_city,sao joao da mata,sao joao da mata
customers.customer_city,sao joao da parauna,sao joao da parauna
customers.customer_city,sao joao da ponte,sao joao da ponte
customers.customer_city,sao joao da urtiga,sao joao da urtiga
customers.customer_city,sao joao das missoes,sao joao das missoes
customers.customer_city,sao joao de iracema,sao joao de iracema
customers.customer_city,sao joao de meriti,sao joao de meriti
customers.customer_city,sao joao de petropolis,sao joao de petropolis
customers.customer_city,sao joao de pirabas,sao joao de pirabas
customers.customer_city,sao joao del rei,sao joao del rei
customers.customer_city,sao joao do itaperiu,sao joao do itaperiu
customers.customer_city,sao joao do ivai,sao joao do ivai
customers.customer_city,sao joao do manhuacu,sao joao do manhuacu
customers.customer_city,sao joao do manteninha,sao joao do manteninha
customers.customer_city,sao joao do oriente,sao joao do oriente
customers.customer_city,sao joao do paraiso,sao joao do paraiso
customers.customer_city,sao joao do piaui,sao joao do piaui
customers.customer_city,sao joao do sabugi,sao joao do sabugi
customers.customer_city,sao joao do sobrado,sao joao do sobrado
customers.customer_city,sao joao do sul,sao joao do sul
customers.customer_city,sao joao do triunfo,sao joao do triunfo
customers.customer_city,sao joao dos patos,sao joao dos patos
customers.customer_city,sao joao evangelista,sao joao evangelista
customers.customer_city,sao joao nepomuceno,sao joao nepomuceno
customers.customer_city,sao joaquim,sao joaquim
customers.customer_city,sao joaquim da barra,sao joaquim da barra
customers.customer_city,sao joaquim de bicas,sao joaquim de bicas
customers.customer_city,sao joaquim do monte,sao joaquim do monte
customers.customer_city,sao jorge,sao jorge
customers.customer_city,sao jorge d'oeste,sao jorge d oeste
customers.customer_city,sao jorge do ivai,sao jorge do ivai
customers.customer_city,sao jorge do oeste,sao jorge do oeste
customers.customer_city,sao jorge do patrocinio,sao jorge do patrocinio
customers.customer_city,sao jose,sao jose
customers.customer_city,sao jose da barra,sao jose da barra
customers.customer_city,sao jose da bela vista,sao jose da bela vista
customers.customer_city,sao jose da boa vista,sao jose da boa vista
customers.customer_city,sao jose da coroa grande,sao jose da coroa grande
customers.customer_city,sao jose da laje,sao jose da laje
customers.customer_city,sao jose da lapa,sao jose da lapa
customers.customer_city,sao jose da tapera,sao jose da tapera
customers.customer_city,sao jose da vitoria,sao jose da vitoria
customers.customer_city,sao jose de mipibu,sao jose de mipibu
customers.customer_city,sao jose de ribamar,sao jose de ribamar
customers.customer_city,sao jose de uba,sao jose de uba
customers.customer_city,sao jose do barreiro,sao jose do barreiro
customers.customer_city,sao jose do belmonte,sao jose do belmonte
customers.customer_city,sao jose do calcado,sao jose do calcado
customers.customer_city,sao jose do campestre,sao jose do campestre
customers.customer_city,sao jose do cedro,sao jose do cedro
customers.customer_city,sao jose do cerrito,sao jose do cerrito
customers.customer_city,sao jose do divino,sao jose do divino
customers.customer_city,sao jose do egito,sao jose do egito
customers.customer_city,sao jose do goiabal,sao jose do goiabal
customers.customer_city,sao jose do hortencio,sao jose do hortencio
customers.customer_city,sao jose do inhacora,sao jose do inhacora
customers.customer_city,sao jose do norte,sao jose do norte
customers.customer_city,sao jose do ouro,sao jose do ouro
customers.customer_city,sao jose do piaui,sao jose do piaui
customers.customer_city,sao jose do ribeirao,sao jose do ribeirao
customers.customer_city,sao jose do rio claro,sao jose do rio claro
customers.customer_city,sao jose do rio pardo,sao jose do rio pardo
customers.customer_city,sao jose do rio preto,sao jose do rio preto
customers.customer_city,sao jose do serido,sao jose do serido
customers.customer_city,sao jose do turvo,sao jose do turvo
customers.customer_city,sao jose do vale do rio preto,sao jose do vale do rio preto
customers.customer_city,sao jose do xingu,sao jose do xingu
customers.customer_city,sao jose dos campos,sao jose dos campos
customers.customer_city,sao jose dos cordeiros,sao jose dos cordeiros
customers.customer_city,sao jose dos pinhais,sao jose dos pinhais
customers.customer_city,sao jose dos quatro marcos,sao jose dos quatro marcos
customers.customer_city,sao leopoldo,sao leopoldo
customers.customer_city,sao lourenco,sao lourenco
customers.customer_city,sao lourenco da mata,sao lourenco da mata
customers.customer_city,sao lourenco da serra,sao lourenco da serra
customers.customer_city,sao lourenco do oeste,sao lourenco do oeste
customers.customer_city,sao lourenco do piaui,sao lourenco do piaui
customers.customer_city,sao lourenco do sul,sao lourenco do sul
customers.customer_city,sao ludgero,sao ludgero
customers.customer_city,sao luis,sao luis
customers.customer_city,sao luis de montes belos,sao luis de montes belos
customers.customer_city,sao luis do curu,sao luis do curu
customers.customer_city,sao luis do paraitinga,sao luis do paraitinga
customers.customer_city,sao luis do quitunde,sao luis do quitunde
customers.customer_city,sao luiz do norte,sao luiz do norte
customers.customer_city,sao luiz gonzaga,sao luiz gonzaga
customers.customer_city,sao mamede,sao mamede
customers.customer_city,sao manuel,sao manuel
customers.customer_city,sao marcos,sao marcos
customers.customer_city,sao martinho,sao martinho
customers.customer_city,sao mateus,sao mateus
customers.customer_city,sao mateus de minas,sao mateus de minas
customers.customer_city,sao mateus do maranhao,sao mateus do maranhao
customers.customer_city,sao mateus do sul,sao mateus do sul
customers.customer_city,sao miguel,sao miguel
customers.customer_city,sao miguel arcanjo,sao miguel arcanjo
customers.customer_city,sao miguel das matas,sao miguel das matas
customers.customer_city,sao miguel do aleixo,sao miguel do aleixo
customers.customer_city,sao miguel do anta,sao miguel do anta
customers.customer_city,sao miguel do araguaia,sao miguel do araguaia
customers.customer_city,sao miguel do cambui,sao miguel do cambui
customers.customer_city,sao miguel do gostoso,sao miguel do gostoso
customers.customer_city,sao miguel do guama,sao miguel do guama
customers.customer_city,sao miguel do guapore,sao miguel do guapore
customers.customer_city,sao miguel do iguacu,sao miguel do iguacu
customers.customer_city,sao miguel do oeste,sao miguel do oeste
customers.customer_city,sao miguel do tapuio,sao miguel do tapuio
customers.customer_city,sao miguel dos campos,sao miguel dos campos
customers.customer_city,sao nicolau,sao nicolau
customers.customer_city,sao patricio,sao patricio
customers.customer_city,sao paulo,sao paulo
customers.customer_city,sao paulo das missoes,sao paulo das missoes
customers.customer_city,sao paulo do potengi,sao paulo do potengi
customers.customer_city,sao pedro,sao pedro
customers.customer_city,sao pedro da agua branca,sao pedro da agua branca
customers.customer_city,sao pedro da aldeia,sao pedro da aldeia
customers.customer_city,sao pedro da uniao,sao pedro da uniao
customers.customer_city,sao pedro de alcantara,sao pedro de alcantara
customers.customer_city,sao pedro do butia,sao pedro do butia
customers.customer_city,sao pedro do iguacu,sao pedro do iguacu
customers.customer_city,sao pedro do ivai,sao pedro do ivai
customers.customer_city,sao pedro do sul,sao pedro do sul
customers.customer_city,sao pedro do turvo,sao pedro do turvo
customers.customer_city,sao pedro dos ferros,sao pedro dos ferros
customers.customer_city,sao rafael,sao rafael
customers.customer_city,sao raimundo nonato,sao raimundo nonato
customers.customer_city,sao romao,sao romao
customers.customer_city,sao roque,sao roque
customers.customer_city,sao roque de minas,sao roque de minas
customers.customer_city,sao roque do canaa,sao roque do canaa
customers.customer_city,sao sebastiao,sao sebastiao
customers.customer_city,sao sebastiao da amoreira,sao sebastiao da amoreira
customers.customer_city,sao sebastiao da boa vista,sao sebastiao da boa vista
customers.customer_city,sao sebastiao da grama,sao sebastiao da grama
customers.customer_city,sao sebastiao da serra,sao sebastiao da serra
customers.customer_city,sao sebastiao de campos,sao sebastiao de campos
customers.customer_city,sao sebastiao do alto,sao sebastiao do alto
customers.customer_city,sao sebastiao do cai,sao sebastiao do cai
customers.customer_city,sao sebastiao do maranhao,sao sebastiao do maranhao
customers.customer_city,sao sebastiao do paraiba,sao sebastiao do paraiba
customers.customer_city,sao sebastiao do paraiso,sao sebastiao do paraiso
customers.customer_city,sao sebastiao do passe,sao sebastiao do passe
customers.customer_city,sao sebastiao do rio verde,sao sebastiao do rio verde
customers.customer_city,sao sepe,sao sepe
customers.customer_city,sao simao,sao simao
customers.customer_city,sao thome das letras,sao thome das letras
customers.customer_city,sao tiago,sao tiago
customers.customer_city,sao tomas de aquino,sao tomas de aquino
customers.customer_city,sao tome,sao tome
customers.customer_city,sao valentim,sao valentim
customers.customer_city,sao vendelino,sao vendelino
customers.customer_city,sao vicente,sao vicente
customers.customer_city,sao vicente ferrer,sao vicente ferrer
customers.customer_city,sao vitor,sao vitor
customers.customer_city,sape,sape
customers.customer_city,sapeacu,sapeacu
customers.customer_city,sapezal,sapezal
customers.customer_city,sapiranga,sapiranga
customers.customer_city,sapopema,sapopema
customers.customer_city,sapucai-mirim,sapucai mirim
customers.customer_city,sapucaia,sapucaia
customers.customer_city,sapucaia do sul,sapucaia do sul
customers.customer_city,saquarema,saquarema
customers.customer_city,sarandi,sarandi
customers.customer_city,sarapui,sarapui
customers.customer_city,sardoa,sardoa
customers.customer_city,sarutaia,sarutaia
customers.customer_city,sarzedo,sarzedo
customers.customer_city,satiro dias,satiro dias
customers.customer_city,satuba,satuba
customers.customer_city,satubinha,satubinha
customers.customer_city,saubara,saubara
customers.customer_city,saudade do iguacu,saudade do iguacu
customers.customer_city,saudades,saudades
customers.customer_city,saude,saude
customers.customer_city,schroeder,schroeder
customers.customer_city,seabra,seabra
customers.customer_city,seara,seara
customers.customer_city,sebastiao leal,sebastiao leal
customers.customer_city,seberi,seberi
customers.customer_city,sede alvorada,sede alvorada
customers.customer_city,segredo,segredo
customers.customer_city,selbach,selbach
customers.customer_city,senador amaral,senador amaral
customers.customer_city,senador canedo,senador canedo
customers.customer_city,senador cortes,senador cortes
customers.customer_city,senador firmino,senador firmino
customers.customer_city,senador guiomard,senador guiomard
customers.customer_city,senador jose porfirio,senador jose porfirio
customers.customer_city,senador la rocque,senador la rocque
customers.customer_city,senador modestino goncalves,senador modestino goncalves
customers.customer_city,senador pompeu,senador pompeu
customers.customer_city,senador salgado filho,senador salgado filho
customers.customer_city,senges,senges
customers.customer_city,senhor do bonfim,senhor do bonfim
customers.customer_city,senhora de oliveira,senhora de oliveira
customers.customer_city,senhora dos remedios,senhora dos remedios
customers.customer_city,sento se,sento se
customers.customer_city,serafina correa,serafina correa
customers.customer_city,sericita,sericita
customers.customer_city,seringueiras,seringueiras
customers.customer_city,serio,serio
customers.customer_city,seropedica,seropedica
customers.customer_city,serra,serra
customers.customer_city,serra azul,serra azul
customers.customer_city,serra azul de minas,serra azul de minas
customers.customer_city,serra bonita,serra bonita
customers.customer_city,serra branca,serra branca
customers.customer_city,serra de sao bento,serra de sao bento
customers.customer_city,serra do ramalho,serra do ramalho
customers.customer_city,serra do salitre,serra do salitre
customers.customer_city,serra dos aimores,serra dos aimores
customers.customer_city,serra dos dourados,serra dos dourados
customers.customer_city,serra dourada,serra dourada
customers.customer_city,serra negra,serra negra
customers.customer_city,serra talhada,serra talhada
customers.customer_city,serrana,serrana
customers.customer_city,serrania,serrania
customers.customer_city,serranopolis,serranopolis
customers.customer_city,serranopolis de minas,serranopolis de minas
customers.customer_city,serranopolis do iguacu,serranopolis do iguacu
customers.customer_city,serrinha,serrinha
customers.customer_city,serrita,serrita
customers.customer_city,serro,serro
customers.customer_city,serrolandia,serrolandia
customers.customer_city,sertania,sertania
customers.customer_city,sertanopolis,sertanopolis
customers.customer_city,sertao,sertao
customers.customer_city,sertao santana,sertao santana
customers.customer_city,sertaozinho,sertaozinho
customers.customer_city,sete barras,sete barras
customers.customer_city,sete de setembro,sete de setembro
customers.customer_city,sete lagoas,sete lagoas
customers.customer_city,setubinha,setubinha
customers.customer_city,severiano melo,severiano melo
customers.customer_city,severinia,severinia
customers.customer_city,sideropolis,sideropolis
customers.customer_city,sidrolandia,sidrolandia
customers.customer_city,silva jardim,silva jardim
customers.customer_city,silvania,silvania
customers.customer_city,silvano,silvano
customers.customer_city,silvanopolis,silvanopolis
customers.customer_city,silveira carvalho,silveira carvalho
customers.customer_city,silveira martins,silveira martins
customers.customer_city,silveiras,silveiras
customers.customer_city,silvianopolis,silvianopolis
customers.customer_city,simao dias,simao dias
customers.customer_city,simao pereira,simao pereira
customers.customer_city,simoes filho,simoes filho
customers.customer_city,simolandia,simolandia
customers.customer_city,simonesia,simonesia
customers.customer_city,simplicio mendes,simplicio mendes
customers.customer_city,sinimbu,sinimbu
customers.customer_city,sinop,sinop
customers.customer_city,siqueira campos,siqueira campos
customers.customer_city,siriji,siriji
customers.customer_city,sirinhaem,sirinhaem
customers.customer_city,sitio do quinto,sitio do quinto
customers.customer_city,sitio novo,sitio novo
customers.customer_city,sitio novo do tocantins,sitio novo do tocantins
customers.customer_city,sobradinho,sobradinho
customers.customer_city,sobral,sobral
customers.customer_city,sobralia,sobralia
customers.customer_city,socorro,socorro
customers.customer_city,solanea,solanea
customers.customer_city,soledade,soledade
customers.customer_city,soledade de minas,soledade de minas
customers.customer_city,solonopole,solonopole
customers.customer_city,sombrio,sombrio
customers.customer_city,sonora,sonora
customers.customer_city,sooretama,sooretama
customers.customer_city,sorocaba,sorocaba
customers.customer_city,sorriso,sorriso
customers.customer_city,sousa,sousa
customers.customer_city,sucesso,sucesso
customers.customer_city,sucupira do norte,sucupira do norte
customers.customer_city,sud mennucci,sud mennucci
customers.customer_city,sulina,sulina
customers.customer_city,sumare,sumare
customers.customer_city,sume,sume
customers.customer_city,sumidouro,sumidouro
customers.customer_city,surubim,surubim
customers.customer_city,suzanapolis,suzanapolis
customers.customer_city,suzano,suzano
customers.customer_city,tabapora,tabapora
customers.customer_city,tabapua,tabapua
customers.customer_city,tabatinga,tabatinga
customers.customer_city,tabira,tabira
customers.customer_city,taboao da serra,taboao da serra
customers.customer_city,tabocas do brejo velho,tabocas do brejo velho
customers.customer_city,taboquinhas,taboquinhas
customers.customer_city,tabuleiro,tabuleiro
customers.customer_city,tabuleiro do norte,tabuleiro do norte
customers.customer_city,tacaratu,tacaratu
customers.customer_city,taciba,taciba
customers.customer_city,tacuru,tacuru
customers.customer_city,taguai,taguai
customers.customer_city,taguatinga,taguatinga
customers.customer_city,taiacu,taiacu
customers.customer_city,tailandia,tailandia
customers.customer_city,taio,taio
customers.customer_city,taiobeiras,taiobeiras
customers.customer_city,taiuva,taiuva
customers.customer_city,tamandare,tamandare
customers.customer_city,tamarana,tamarana
customers.customer_city,tambau,tambau
customers.customer_city,tamboara,tamboara
customers.customer_city,tanabi,tanabi
customers.customer_city,tangara,tangara
customers.customer_city,tangara da serra,tangara da serra
customers.customer_city,tangua,tangua
customers.customer_city,tanhacu,tanhacu
customers.customer_city,tanque d'arca,tanque d arca
customers.customer_city,tanque novo,tanque novo
customers.customer_city,taparuba,taparuba
customers.customer_city,tapejara,tapejara
customers.customer_city,tapera,tapera
customers.customer_city,taperuaba,taperuaba
customers.customer_city,tapes,tapes
customers.customer_city,tapinas,tapinas
customers.customer_city,tapirai,tapirai
customers.customer_city,tapiramuta,tapiramuta
customers.customer_city,tapiratiba,tapiratiba
customers.customer_city,tapurah,tapurah
customers.customer_city,taquara,taquara
customers.customer_city,taquaracu de minas,taquaracu de minas
customers.customer_city,taquarana,taquarana
customers.customer_city,taquari,taquari
customers.customer_city,taquaritinga,taquaritinga
customers.customer_city,taquaritinga do norte,taquaritinga do norte
customers.customer_city,taquarituba,taquarituba
customers.customer_city,taquarivai,taquarivai
customers.customer_city,taquarucu do sul,taquarucu do sul
customers.customer_city,tarabai,tarabai
customers.customer_city,taruma,taruma
customers.customer_city,tarumirim,tarumirim
customers.customer_city,tatui,tatui
customers.customer_city,taua,taua
customers.customer_city,taubate,taubate
customers.customer_city,tavares,tavares
customers.customer_city,tecainda,tecainda
customers.customer_city,teixeira,teixeira
customers.customer_city,teixeira de freitas,teixeira de freitas
customers.customer_city,teixeira soares,teixeira soares
customers.customer_city,teixeiras,teixeiras
customers.customer_city,tejupa,tejupa
customers.customer_city,telemaco borba,telemaco borba
customers.customer_city,telha,telha
customers.customer_city,tenente ananias,tenente ananias
customers.customer_city,tenente portela,tenente portela
customers.customer_city,teodoro sampaio,teodoro sampaio
customers.customer_city,teofilandia,teofilandia
customers.customer_city,teofilo otoni,teofilo otoni
customers.customer_city,teolandia,teolandia
customers.customer_city,teotonio vilela,teotonio vilela
customers.customer_city,terenos,terenos
customers.customer_city,teresina,teresina
customers.customer_city,teresina de goias,teresina de goias
customers.customer_city,teresopolis,teresopolis
customers.customer_city,terezinha,terezinha
customers.customer_city,termas de ibira,termas de ibira
customers.customer_city,terra boa,terra boa
customers.customer_city,terra de areia,terra de areia
customers.customer_city,terra nova,terra nova
customers.customer_city,terra nova do norte,terra nova do norte
customers.customer_city,terra rica,terra rica
customers.customer_city,terra roxa,terra roxa
customers.customer_city,teutonia,teutonia
customers.customer_city,tiangua,tiangua
customers.customer_city,tibagi,tibagi
customers.customer_city,tibau do sul,tibau do sul
customers.customer_city,tiete,tiete
customers.customer_city,tijucas,tijucas
customers.customer_city,timbauba,timbauba
customers.customer_city,timbe do sul,timbe do sul
customers.customer_city,timbo,timbo
customers.customer_city,timburi,timburi
customers.customer_city,timon,timon
customers.customer_city,timoteo,timoteo
customers.customer_city,tiradentes,tiradentes
customers.customer_city,tiradentes do sul,tiradentes do sul
customers.customer_city,tiros,tiros
customers.customer_city,tobias barreto,tobias barreto
customers.customer_city,tocantinopolis,tocantinopolis
customers.customer_city,tocantins,tocantins
customers.customer_city,tocos,tocos
customers.customer_city,tocos do moji,tocos do moji
customers.customer_city,toledo,toledo
customers.customer_city,tomar do geru,tomar do geru
customers.customer_city,tomazina,tomazina
customers.customer_city,tombos,tombos
customers.customer_city,tome-acu,tome acu
customers.customer_city,toritama,toritama
customers.customer_city,toropi,toropi
customers.customer_city,torres,torres
customers.customer_city,torrinha,torrinha
customers.customer_city,trabiju,trabiju
customers.customer_city,tracuateua,tracuateua
customers.customer_city,tracunhaem,tracunhaem
customers.customer_city,traipu,traipu
customers.customer_city,trairi,trairi
customers.customer_city,trajano de moraes,trajano de moraes
customers.customer_city,tramandai,tramandai
customers.customer_city,trancoso,trancoso
customers.customer_city,travessao,travessao
customers.customer_city,travesseiro,travesseiro
customers.customer_city,tremembe,tremembe
customers.customer_city,tres arroios,tres arroios
customers.customer_city,tres barras,tres barras
customers.customer_city,tres cachoeiras,tres cachoeiras
customers.customer_city,tres coracoes,tres coracoes
customers.customer_city,tres coroas,tres coroas
customers.customer_city,tres de maio,tres de maio
customers.customer_city,tres forquilhas,tres forquilhas
customers.customer_city,tres fronteiras,tres fronteiras
customers.customer_city,tres irmaos,tres irmaos
customers.customer_city,tres lagoas,tres lagoas
customers.customer_city,tres marias,tres marias
customers.customer_city,tres passos,tres passos
customers.customer_city,tres pontas,tres pontas
customers.customer_city,tres rios,tres rios
customers.customer_city,treviso,treviso
customers.customer_city,treze tilias,treze tilias
customers.customer_city,trindade,trindade
customers.customer_city,trindade do sul,trindade do sul
customers.customer_city,triunfo,triunfo
customers.customer_city,trombas,trombas
customers.customer_city,trombudo central,trombudo central
customers.customer_city,tubarao,tubarao
customers.customer_city,tucano,tucano
customers.customer_city,tucuma,tucuma
customers.customer_city,tucunduva,tucunduva
customers.customer_city,tucurui,tucurui
customers.customer_city,tuiuti,tuiuti
customers.customer_city,tumiritinga,tumiritinga
customers.customer_city,tunapolis,tunapolis
customers.customer_city,tunas do parana,tunas do parana
customers.customer_city,tupa,tupa
customers.customer_city,tupaciguara,tupaciguara
customers.customer_city,tupancireta,tupancireta
customers.customer_city,tupandi,tupandi
customers.customer_city,tuparece,tuparece
customers.customer_city,tuparendi,tuparendi
customers.customer_city,tuparetama,tuparetama
customers.customer_city,tupassi,tupassi
customers.customer_city,tupi paulista,tupi paulista
customers.customer_city,turmalina,turmalina
customers.customer_city,tururu,tururu
customers.customer_city,turvania,turvania
customers.customer_city,turvelandia,turvelandia
customers.customer_city,turvo,turvo
customers.customer_city,turvolandia,turvolandia
customers.customer_city,tutoia,tutoia
customers.customer_city,uaua,uaua
customers.customer_city,uba,uba
customers.customer_city,ubai,ubai
customers.customer_city,ubaira,ubaira
customers.customer_city,ubaitaba,ubaitaba
customers.customer_city,ubajara,ubajara
customers.customer_city,ubaporanga,ubaporanga
customers.customer_city,ubata,ubata
customers.customer_city,ubatuba,ubatuba
customers.customer_city,uberaba,uberaba
customers.customer_city,uberlandia,uberlandia
customers.customer_city,ubirajara,ubirajara
customers.customer_city,ubirata,ubirata
customers.customer_city,uchoa,uchoa
customers.customer_city,uibai,uibai
customers.customer_city,uirauna,uirauna
customers.customer_city,ulianopolis,ulianopolis
customers.customer_city,umbauba,umbauba
customers.customer_city,umburanas,umburanas
customers.customer_city,umburatiba,umburatiba
customers.customer_city,umuarama,umuarama
customers.customer_city,una,una
customers.customer_city,unai,unai
customers.customer_city,uniao,uniao
customers.customer_city,uniao da serra,uniao da serra
customers.customer_city,uniao da vitoria,uniao da vitoria
customers.customer_city,uniao de minas,uniao de minas
customers.customer_city,uniao do oeste,uniao do oeste
customers.customer_city,uniao do sul,uniao do sul
customers.customer_city,uniao dos palmares,uniao dos palmares
customers.customer_city,unistalda,unistalda
customers.customer_city,upanema,upanema
customers.customer_city,urai,urai
customers.customer_city,urandi,urandi
customers.customer_city,urania,urania
customers.customer_city,urbano santos,urbano santos
customers.customer_city,uruacu,uruacu
customers.customer_city,uruana,uruana
customers.customer_city,uruana de minas,uruana de minas
customers.customer_city,uruara,uruara
customers.customer_city,urubici,urubici
customers.customer_city,uruburetama,uruburetama
customers.customer_city,urucania,urucania
customers.customer_city,urucuca,urucuca
customers.customer_city,urucui,urucui
customers.customer_city,urucuia,urucuia
customers.customer_city,urucurituba,urucurituba
customers.customer_city,uruguaiana,uruguaiana
customers.customer_city,uruoca,uruoca
customers.customer_city,urupa,urupa
customers.customer_city,urupes,urupes
customers.customer_city,urussanga,urussanga
customers.customer_city,urutai,urutai
customers.customer_city,utinga,utinga
customers.customer_city,vacaria,vacaria
customers.customer_city,valao do barro,valao do barro
customers.customer_city,vale do sol,vale do sol
customers.customer_city,vale real,vale real
customers.customer_city,valenca,valenca
customers.customer_city,valenca do piaui,valenca do piaui
customers.customer_city,valente,valente
customers.customer_city,valentim gentil,valentim gentil
customers.customer_city,valinhos,valinhos
customers.customer_city,valparaiso,valparaiso
customers.customer_city,valparaiso de goias,valparaiso de goias
customers.customer_city,vanini,vanini
customers.customer_city,vargeao,vargeao
customers.customer_city,vargem,vargem
customers.customer_city,vargem alegre,vargem alegre
customers.customer_city,vargem alta,vargem alta
customers.customer_city,vargem bonita,vargem bonita
customers.customer_city,vargem grande,vargem grande
customers.customer_city,vargem grande do rio pardo,vargem grande do rio pardo
customers.customer_city,vargem grande do soturno,vargem grande do soturno
customers.customer_city,vargem grande do sul,vargem grande do sul
customers.customer_city,vargem grande paulista,vargem grande paulista
customers.customer_city,varginha,varginha
customers.customer_city,varjao de minas,varjao de minas
customers.customer_city,varjota,varjota
customers.customer_city,varre-sai,varre sai
customers.customer_city,varzea,varzea
customers.customer_city,varzea alegre,varzea alegre
customers.customer_city,varzea da palma,varzea da palma
customers.customer_city,varzea do poco,varzea do poco
customers.customer_city,varzea grande,varzea grande
customers.customer_city,varzea nova,varzea nova
customers.customer_city,varzea paulista,varzea paulista
customers.customer_city,varzedo,varzedo
customers.customer_city,varzelandia,varzelandia
customers.customer_city,vassouras,vassouras
customers.customer_city,vazante,vazante
customers.customer_city,venancio aires,venancio aires
customers.customer_city,venda branca,venda branca
customers.customer_city,venda nova do imigrante,venda nova do imigrante
customers.customer_city,ventania,ventania
customers.customer_city,venturosa,venturosa
customers.customer_city,vera,vera
customers.customer_city,vera cruz,vera cruz
customers.customer_city,vera cruz do oeste,vera cruz do oeste
customers.customer_city,veranopolis,veranopolis
customers.customer_city,vere,vere
customers.customer_city,vereda,vereda
customers.customer_city,verissimo,verissimo
customers.customer_city,vermelho,vermelho
customers.customer_city,vermelho novo,vermelho novo
customers.customer_city,vertentes,vertentes
customers.customer_city,vespasiano,vespasiano
customers.customer_city,vespasiano correa,vespasiano correa
customers.customer_city,viamao,viamao
customers.customer_city,viana,viana
customers.customer_city,vianopolis,vianopolis
customers.customer_city,vicencia,vicencia
customers.customer_city,vicente dutra,vicente dutra
customers.customer_city,vicentina,vicentina
customers.customer_city,vicentinopolis,vicentinopolis
customers.customer_city,vicosa,vicosa
customers.customer_city,vicosa do ceara,vicosa do ceara
customers.customer_city,victor graeff,victor graeff
customers.customer_city,videira,videira
customers.customer_city,vieiras,vieiras
customers.customer_city,vigia,vigia
customers.customer_city,vila bela da santissima trindade,vila bela da santissima trindade
customers.customer_city,vila dos cabanos,vila dos cabanos
customers.customer_city,vila flor,vila flor
customers.customer_city,vila flores,vila flores
customers.customer_city,vila langaro,vila langaro
customers.customer_city,vila muriqui,vila muriqui
customers.customer_city,vila nelita,vila nelita
customers.customer_city,vila nova,vila nova
customers.customer_city,vila nova do sul,vila nova do sul
customers.customer_city,vila pereira,vila pereira
customers.customer_city,vila reis,vila reis
customers.customer_city,vila rica,vila rica
customers.customer_city,vila valerio,vila valerio
customers.customer_city,vila velha,vila velha
customers.customer_city,vilhena,vilhena
customers.customer_city,vinhedo,vinhedo
customers.customer_city,viradouro,viradouro
customers.customer_city,virgem da lapa,virgem da lapa
customers.customer_city,virginia,virginia
customers.customer_city,virginopolis,virginopolis
customers.customer_city,virgolandia,virgolandia
customers.customer_city,visconde de maua,visconde de maua
customers.customer_city,visconde do rio branco,visconde do rio branco
customers.customer_city,viseu,viseu
customers.customer_city,vista alegre,vista alegre
customers.customer_city,vista alegre do alto,vista alegre do alto
customers.customer_city,vitoria,vitoria
customers.customer_city,vitoria da conquista,vitoria da conquista
customers.customer_city,vitoria das missoes,vitoria das missoes
customers.customer_city,vitoria de santo antao,vitoria de santo antao
customers.customer_city,vitoria do jari,vitoria do jari
customers.customer_city,vitoria do mearim,vitoria do mearim
customers.customer_city,vitorino,vitorino
customers.customer_city,vitorino freire,vitorino freire
customers.customer_city,vitorinos,vitorinos
customers.customer_city,volta grande,volta grande
customers.customer_city,volta redonda,volta redonda
customers.customer_city,votorantim,votorantim
customers.customer_city,votuporanga,votuporanga
customers.customer_city,wagner,wagner
customers.customer_city,wanderley,wanderley
customers.customer_city,wenceslau braz,wenceslau braz
customers.customer_city,wenceslau guimaraes,wenceslau guimaraes
customers.customer_city,werneck,werneck
customers.customer_city,witmarsum,witmarsum
customers.customer_city,xambioa,xambioa
customers.customer_city,xambre,xambre
customers.customer_city,xangri-la,xangri la
customers.customer_city,xanxere,xanxere
customers.customer_city,xapuri,xapuri
customers.customer_city,xavantina,xavantina
customers.customer_city,xaxim,xaxim
customers.customer_city,xexeu,xexeu
customers.customer_city,xinguara,xinguara
customers.customer_city,xique-xique,xique xique
customers.customer_city,zacarias,zacarias
customers.customer_city,ze doca,ze doca
customers.customer_city,zortea,zortea
customers.customer_state,AC,ac
customers.customer_state,AL,al
customers.customer_state,AM,am
customers.customer_state,AP,ap
customers.customer_state,BA,ba
customers.customer_state,CE,ce
customers.customer_state,DF,df
customers.customer_state,ES,es
customers.customer_state,GO,go
customers.customer_state,MA,ma
customers.customer_state,MG,mg
customers.customer_state,MS,ms
customers.customer_state,MT,mt
customers.customer_state,PA,pa
customers.customer_state,PB,pb
customers.customer_state,PE,pe
customers.customer_state,PI,pi
customers.customer_state,PR,pr
customers.customer_state,RJ,rj
customers.customer_state,RN,rn
customers.customer_state,RO,ro
customers.customer_state,RR,rr
customers.customer_state,RS,rs
customers.customer_state,SC,sc
customers.customer_state,SE,se
customers.customer_state,SP,sp
customers.customer_state,TO,to
geolocation.geolocation_city,* cidade,cidade
geolocation.geolocation_city,...arraial do cabo,arraial do cabo
geolocation.geolocation_city,4o. centenario,4o centenario
geolocation.geolocation_city,4º centenario,4 centenario
geolocation.geolocation_city,abadia de goias,abadia de goias
geolocation.geolocation_city,abadia dos dourados,abadia dos dourados
geolocation.geolocation_city,abadiania,abadiania
geolocation.geolocation_city,abadiânia,abadiania
geolocation.geolocation_city,abaete,abaete
geolocation.geolocation_city,abaetetuba,abaetetuba
geolocation.geolocation_city,abaeté,abaete
geolocation.geolocation_city,abaiara,abaiara
geolocation.geolocation_city,abaira,abaira
geolocation.geolocation_city,abare,abare
geolocation.geolocation_city,abaré,abare
geolocation.geolocation_city,abatia,abatia
geolocation.geolocation_city,abatiá,abatia
geolocation.geolocation_city,abaíra,abaira
geolocation.geolocation_city,abdon batista,abdon batista
geolocation.geolocation_city,abel figueiredo,abel figueiredo
geolocation.geolocation_city,abelardo luz,abelardo luz
geolocation.geolocation_city,abrantes,abrantes
geolocation.geolocation_city,abre campo,abre campo
geolocation.geolocation_city,abreu e lima,abreu e lima
geolocation.geolocation_city,abreulândia,abreulandia
geolocation.geolocation_city,abreus,abreus
geolocation.geolocation_city,acaiaca,acaiaca
geolocation.geolocation_city,acailandia,acailandia
geolocation.geolocation_city,acajutiba,acajutiba
geolocation.geolocation_city,acara,acara
geolocation.geolocation_city,acarape,acarape
geolocation.geolocation_city,acarau,acarau
geolocation.geolocation_city,acaraú,acarau
geolocation.geolocation_city,acari,acari
geolocation.geolocation_city,acará,acara
geolocation.geolocation_city,acaua,acaua
geolocation.geolocation_city,acauã,acaua
geolocation.geolocation_city,acegua,acegua
geolocation.geolocation_city,aceguá,acegua
geolocation.geolocation_city,acioli,acioli
geolocation.geolocation_city,acopiara,acopiara
geolocation.geolocation_city,acorizal,acorizal
geolocation.geolocation_city,acrelandia,acrelandia
geolocation.geolocation_city,acrelândia,acrelandia
geolocation.geolocation_city,acreuna,acreuna
geolocation.geolocation_city,acreúna,acreuna
geolocation.geolocation_city,acu,acu
geolocation.geolocation_city,acucena,acucena
geolocation.geolocation_city,acupe,acupe
geolocation.geolocation_city,adamantina,adamantina
geolocation.geolocation_city,adao colares,adao colares
geolocation.geolocation_city,adelandia,adelandia
geolocation.geolocation_city,adhemar de barros,adhemar de barros
geolocation.geolocation_city,adolfo,adolfo
geolocation.geolocation_city,adrianopolis,adrianopolis
geolocation.geolocation_city,adrianópolis,adrianopolis
geolocation.geolocation_city,adustina,adustina
geolocation.geolocation_city,afogados da ingazeira,afogados da ingazeira
geolocation.geolocation_city,afonso arinos,afonso arinos
geolocation.geolocation_city,afonso bezerra,afonso bezerra
geolocation.geolocation_city,afonso claudio,afonso claudio
geolocation.geolocation_city,afonso cláudio,afonso claudio
geolocation.geolocation_city,afonso cunha,afonso cunha
geolocation.geolocation_city,afranio,afranio
geolocation.geolocation_city,afrânio,afranio
geolocation.geolocation_city,afua,afua
geolocation.geolocation_city,afuá,afua
geolocation.geolocation_city,agisse,agisse
geolocation.geolocation_city,agrestina,agrestina
geolocation.geolocation_city,agricolandia,agricolandia
geolocation.geolocation_city,agricolândia,agricolandia
geolocation.geolocation_city,agrolandia,agrolandia
geolocation.geolocation_city,agrolândia,agrolandia
geolocation.geolocation_city,agronomica,agronomica
geolocation.geolocation_city,agronômica,agronomica
geolocation.geolocation_city,agua azul do norte,agua azul do norte
geolocation.geolocation_city,agua boa,agua boa
geolocation.geolocation_city,agua branca,agua branca
geolocation.geolocation_city,agua branca de minas,agua branca de minas
geolocation.geolocation_city,agua clara,agua clara
geolocation.geolocation_city,agua comprida,agua comprida
geolocation.geolocation_city,agua doce,agua doce
geolocation.geolocation_city,agua doce do maranhao,agua doce do maranhao
geolocation.geolocation_city,agua doce do norte,agua doce do norte
geolocation.geolocation_city,agua fria,agua fria
geolocation.geolocation_city,agua fria de goias,agua fria de goias
geolocation.geolocation_city,agua limpa,agua limpa
geolocation.geolocation_city,agua nova,agua nova
geolocation.geolocation_city,agua preta,agua preta
geolocation.geolocation_city,agua santa,agua santa
geolocation.geolocation_city,agua vermelha,agua vermelha
geolocation.geolocation_city,aguai,aguai
geolocation.geolocation_city,aguanil,aguanil
geolocation.geolocation_city,aguas belas,aguas belas
geolocation.geolocation_city,aguas claras,aguas claras
geolocation.geolocation_city,aguas da prata,aguas da prata
geolocation.geolocation_city,aguas de chapeco,aguas de chapeco
geolocation.geolocation_city,aguas de lindoia,aguas de lindoia
geolocation.geolocation_city,aguas de santa barbara,aguas de santa barbara
geolocation.geolocation_city,aguas de sao pedro,aguas de sao pedro
geolocation.geolocation_city,aguas ferreas,aguas ferreas
geolocation.geolocation_city,aguas formosas,aguas formosas
geolocation.geolocation_city,aguas frias,aguas frias
geolocation.geolocation_city,aguas lindas de goias,aguas lindas de goias
geolocation.geolocation_city,aguas mornas,aguas mornas
geolocation.geolocation_city,aguas vermelhas,aguas vermelhas
geolocation.geolocation_city,aguaí,aguai
geolocation.geolocation_city,agudo,agudo
geolocation.geolocation_city,agudos,agudos
geolocation.geolocation_city,agudos do sul,agudos do sul
geolocation.geolocation_city,aguia branca,aguia branca
geolocation.geolocation_city,aguiar,aguiar
geolocation.geolocation_city,aguiarnopolis,aguiarnopolis
geolocation.geolocation_city,aguiarnópolis,aguiarnopolis
geolocation.geolocation_city,agulha,agulha
geolocation.geolocation_city,aimores,aimores
geolocation.geolocation_city,aimorés,aimores
geolocation.geolocation_city,aiquara,aiquara
geolocation.geolocation_city,aiuaba,aiuaba
geolocation.geolocation_city,aiuruoca,aiuruoca
geolocation.geolocation_city,ajuricaba,ajuricaba
geolocation.geolocation_city,alagoa,alagoa
geolocation.geolocation_city,alagoa grande,alagoa grande
geolocation.geolocation_city,alagoa nova,alagoa nova
geolocation.geolocation_city,alagoinha,alagoinha
geolocation.geolocation_city,alagoinha do piaui,alagoinha do piaui
geolocation.geolocation_city,alagoinha do piauí,alagoinha do piaui
geolocation.geolocation_city,alagoinhas,alagoinhas
geolocation.geolocation_city,alambari,alambari
geolocation.geolocation_city,albertina,albertina
geolocation.geolocation_city,alberto isaacson,alberto isaacson
geolocation.geolocation_city,alcantara,alcantara
geolocation.geolocation_city,alcantaras,alcantaras
geolocation.geolocation_city,alcantil,alcantil
geolocation.geolocation_city,alcinopolis,alcinopolis
geolocation.geolocation_city,alcinópolis,alcinopolis
geolocation.geolocation_city,alcobaca,alcobaca
geolocation.geolocation_city,alcobaça,alcobaca
geolocation.geolocation_city,alcântara,alcantara
geolocation.geolocation_city,alcântaras,alcantaras
geolocation.geolocation_city,aldeia,aldeia
geolocation.geolocation_city,aldeias altas,aldeias altas
geolocation.geolocation_city,alecrim,alecrim
geolocation.geolocation_city,alegre,alegre
geolocation.geolocation_city,alegrete,alegrete
geolocation.geolocation_city,alegrete do piaui,alegrete do piaui
geolocation.geolocation_city,alegrete do piauí,alegrete do piaui
geolocation.geolocation_city,alegria,alegria
geolocation.geolocation_city,alem paraiba,alem paraiba
geolocation.geolocation_city,alenquer,alenquer
geolocation.geolocation_city,alexandra,alexandra
geolocation.geolocation_city,alexandria,alexandria
geolocation.geolocation_city,alexandrita,alexandrita
geolocation.geolocation_city,alexania,alexania
geolocation.geolocation_city,alexânia,alexania
geolocation.geolocation_city,alfenas,alfenas
geolocation.geolocation_city,alfredo chaves,alfredo chaves
geolocation.geolocation_city,alfredo guedes,alfredo guedes
geolocation.geolocation_city,alfredo marcondes,alfredo marcondes
geolocation.geolocation_city,alfredo vasconcelos,alfredo vasconcelos
geolocation.geolocation_city,alfredo wagner,alfredo wagner
geolocation.geolocation_city,algodão de jandaíra,algodao de jandaira
geolocation.geolocation_city,algodões,algodoes
geolocation.geolocation_city,alhandra,alhandra
geolocation.geolocation_city,alianca,alianca
geolocation.geolocation_city,alianca do tocantins,alianca do tocantins
geolocation.geolocation_city,aliança,alianca
geolocation.geolocation_city,aliança do tocantins,alianca do tocantins
geolocation.geolocation_city,almadina,almadina
geolocation.geolocation_city,almas,almas
geolocation.geolocation_city,almeirim,almeirim
geolocation.geolocation_city,almenara,almenara
geolocation.geolocation_city,almino afonso,almino afonso
geolocation.geolocation_city,almirante tamandare,almirante tamandare
geolocation.geolocation_city,almirante tamandare do sul,almirante tamandare do sul
geolocation.geolocation_city,almirante tamandaré,almirante tamandare
geolocation.geolocation_city,almirante tamandaré do sul,almirante tamandare do sul
geolocation.geolocation_city,aloandia,aloandia
geolocation.geolocation_city,aloândia,aloandia
geolocation.geolocation_city,alpercata,alpercata
geolocation.geolocation_city,alpestre,alpestre
geolocation.geolocation_city,alpinopolis,alpinopolis
geolocation.geolocation_city,alpinópolis,alpinopolis
geolocation.geolocation_city,alta alegre dos parecis,alta alegre dos parecis
geolocation.geolocation_city,alta floresta,alta floresta
geolocation.geolocation_city,alta floresta d'oeste,alta floresta d oeste
geolocation.geolocation_city,alta floresta do oeste,alta floresta do oeste
geolocation.geolocation_city,alta floresta doeste,alta floresta doeste
geolocation.geolocation_city,altair,altair
geolocation.geolocation_city,altamira,altamira
geolocation.geolocation_city,altamira do maranhao,altamira do maranhao
geolocation.geolocation_city,altamira do parana,altamira do parana
geolocation.geolocation_city,altamira do paraná,altamira do parana
geolocation.geolocation_city,altaneira,altaneira
geolocation.geolocation_city,alterosa,alterosa
geolocation.geolocation_city,altinho,altinho
geolocation.geolocation_city,altinopolis,altinopolis
geolocation.geolocation_city,altinópolis,altinopolis
geolocation.geolocation_city,alto alegre,alto alegre
geolocation.geolocation_city,alto alegre do iguacu,alto alegre do iguacu
geolocation.geolocation_city,alto alegre do maranhao,alto alegre do maranhao
geolocation.geolocation_city,alto alegre do pindare,alto alegre do pindare
geolocation.geolocation_city,alto alegre do pindaré,alto alegre do pindare
geolocation.geolocation_city,alto alegre dos parecis,alto alegre dos parecis
geolocation.geolocation_city,alto araguaia,alto araguaia
geolocation.geolocation_city,alto bela vista,alto bela vista
geolocation.geolocation_city,alto boa vista,alto boa vista
geolocation.geolocation_city,alto calcado,alto calcado
geolocation.geolocation_city,alto caparao,alto caparao
geolocation.geolocation_city,alto caparaó,alto caparao
geolocation.geolocation_city,alto do rodrigues,alto do rodrigues
geolocation.geolocation_city,alto feliz,alto feliz
geolocation.geolocation_city,alto garcas,alto garcas
geolocation.geolocation_city,alto garças,alto garcas
geolocation.geolocation_city,alto horizonte,alto horizonte
geolocation.geolocation_city,alto jequitiba,alto jequitiba
geolocation.geolocation_city,alto jequitibá,alto jequitiba
geolocation.geolocation_city,alto longa,alto longa
geolocation.geolocation_city,alto maranhao,alto maranhao
geolocation.geolocation_city,alto mutum preto,alto mutum preto
geolocation.geolocation_city,alto paraguai,alto paraguai
geolocation.geolocation_city,alto paraiso,alto paraiso
geolocation.geolocation_city,alto paraiso de goias,alto paraiso de goias
geolocation.geolocation_city,alto parana,alto parana
geolocation.geolocation_city,alto paraná,alto parana
geolocation.geolocation_city,alto paraíso,alto paraiso
geolocation.geolocation_city,alto paraíso de goiás,alto paraiso de goias
geolocation.geolocation_city,alto parnaiba,alto parnaiba
geolocation.geolocation_city,alto parnaíba,alto parnaiba
geolocation.geolocation_city,alto piquiri,alto piquiri
geolocation.geolocation_city,alto rio doce,alto rio doce
geolocation.geolocation_city,alto rio novo,alto rio novo
geolocation.geolocation_city,alto santo,alto santo
geolocation.geolocation_city,alto taquari,alto taquari
geolocation.geolocation_city,altonia,altonia
geolocation.geolocation_city,altos,altos
geolocation.geolocation_city,altônia,altonia
geolocation.geolocation_city,aluminio,aluminio
geolocation.geolocation_city,alumínio,aluminio
geolocation.geolocation_city,alvacao,alvacao
geolocation.geolocation_city,alvaraes,alvaraes
geolocation.geolocation_city,alvarenga,alvarenga
geolocation.geolocation_city,alvares florence,alvares florence
geolocation.geolocation_city,alvares machado,alvares machado
geolocation.geolocation_city,alvaro de carvalho,alvaro de carvalho
geolocation.geolocation_city,alvinlandia,alvinlandia
geolocation.geolocation_city,alvinlândia,alvinlandia
geolocation.geolocation_city,alvinopolis,alvinopolis
geolocation.geolocation_city,alvinópolis,alvinopolis
geolocation.geolocation_city,alvorada,alvorada
geolocation.geolocation_city,alvorada d'oeste,alvorada d oeste
geolocation.geolocation_city,alvorada de minas,alvorada de minas
geolocation.geolocation_city,alvorada do gurgueia,alvorada do gurgueia
geolocation.geolocation_city,alvorada do gurguéia,alvorada do gurgueia
geolocation.geolocation_city,alvorada do norte,alvorada do norte
geolocation.geolocation_city,alvorada do oeste,alvorada do oeste
geolocation.geolocation_city,alvorada do sul,alvorada do sul
geolocation.geolocation_city,além paraíba,alem paraiba
geolocation.geolocation_city,amambai,amambai
geolocation.geolocation_city,amambaí,amambai
geolocation.geolocation_city,amanari,amanari
geolocation.geolocation_city,amandina,amandina
geolocation.geolocation_city,amanhece,amanhece
geolocation.geolocation_city,amapa,amapa
geolocation.geolocation_city,amapa do maranhao,amapa do maranhao
geolocation.geolocation_city,amapari,amapari
geolocation.geolocation_city,amapora,amapora
geolocation.geolocation_city,amaporã,amapora
geolocation.geolocation_city,amapá do maranhão,amapa do maranhao
geolocation.geolocation_city,amaraji,amaraji
geolocation.geolocation_city,amaral ferrador,amaral ferrador
geolocation.geolocation_city,amaralina,amaralina
geolocation.geolocation_city,amarante,amarante
geolocation.geolocation_city,amarante do maranhao,amarante do maranhao
geolocation.geolocation_city,amarantina,amarantina
geolocation.geolocation_city,amargosa,amargosa
geolocation.geolocation_city,amatura,amatura
geolocation.geolocation_city,amaturá,amatura
geolocation.geolocation_city,amelia rodrigues,amelia rodrigues
geolocation.geolocation_city,america dourada,america dourada
geolocation.geolocation_city,americana,americana
geolocation.geolocation_city,americano,americano
geolocation.geolocation_city,americano do brasil,americano do brasil
geolocation.geolocation_city,americo brasiliense,americo brasiliense
geolocation.geolocation_city,americo de campos,americo de campos
geolocation.geolocation_city,ametista do sul,ametista do sul
geolocation.geolocation_city,amontada,amontada
geolocation.geolocation_city,amorinopolis,amorinopolis
geolocation.geolocation_city,amorinópolis,amorinopolis
geolocation.geolocation_city,amparo,amparo
geolocation.geolocation_city,amparo da serra,amparo da serra
geolocation.geolocation_city,amparo de sao francisco,amparo de sao francisco
geolocation.geolocation_city,ampere,ampere
geolocation.geolocation_city,ampére,ampere
geolocation.geolocation_city,amélia rodrigues,amelia rodrigues
geolocation.geolocation_city,américo brasiliense,americo brasiliense
geolocation.geolocation_city,américo de campos,americo de campos
geolocation.geolocation_city,ana dias,ana dias
geolocation.geolocation_city,anadia,anadia
geolocation.geolocation_city,anage,anage
geolocation.geolocation_city,anagé,anage
geolocation.geolocation_city,anahy,anahy
geolocation.geolocation_city,anajas,anajas
geolocation.geolocation_city,anajatuba,anajatuba
geolocation.geolocation_city,anajás,anajas
geolocation.geolocation_city,analandia,analandia
geolocation.geolocation_city,anama,anama
geolocation.geolocation_city,ananas,ananas
geolocation.geolocation_city,ananindeua,ananindeua
geolocation.geolocation_city,ananás,ananas
geolocation.geolocation_city,anapolis,anapolis
geolocation.geolocation_city,anapu,anapu
geolocation.geolocation_city,anapurus,anapurus
geolocation.geolocation_city,anastacio,anastacio
geolocation.geolocation_city,anastácio,anastacio
geolocation.geolocation_city,anaurilandia,anaurilandia
geolocation.geolocation_city,anaurilândia,anaurilandia
geolocation.geolocation_city,anchieta,anchieta
geolocation.geolocation_city,andarai,andarai
geolocation.geolocation_city,andaraí,andarai
geolocation.geolocation_city,andira,andira
geolocation.geolocation_city,andirá,andira
geolocation.geolocation_city,andorinha,andorinha
geolocation.geolocation_city,andradas,andradas
geolocation.geolocation_city,andrade pinto,andrade pinto
geolocation.geolocation_city,andradina,andradina
geolocation.geolocation_city,andre da rocha,andre da rocha
geolocation.geolocation_city,andrelandia,andrelandia
geolocation.geolocation_city,andrelândia,andrelandia
geolocation.geolocation_city,andrequice,andrequice
geolocation.geolocation_city,andré da rocha,andre da rocha
geolocation.geolocation_city,angatuba,angatuba
geolocation.geolocation_city,angelandia,angelandia
geolocation.geolocation_city,angelica,angelica
geolocation.geolocation_city,angelim,angelim
geolocation.geolocation_city,angelina,angelina
geolocation.geolocation_city,angelândia,angelandia
geolocation.geolocation_city,angical,angical
geolocation.geolocation_city,angical do piaui,angical do piaui
geolocation.geolocation_city,angical do piauí,angical do piaui
geolocation.geolocation_city,angico,angico
geolocation.geolocation_city,angicos,angicos
geolocation.geolocation_city,angra dos reis,angra dos reis
geolocation.geolocation_city,anguera,anguera
geolocation.geolocation_city,anguereta,anguereta
geolocation.geolocation_city,angulo,angulo
geolocation.geolocation_city,angustura,angustura
geolocation.geolocation_city,angélica,angelica
geolocation.geolocation_city,anhandui,anhandui
geolocation.geolocation_city,anhanguera,anhanguera
geolocation.geolocation_city,anhembi,anhembi
geolocation.geolocation_city,anhumas,anhumas
geolocation.geolocation_city,anicuns,anicuns
geolocation.geolocation_city,anisio de abreu,anisio de abreu
geolocation.geolocation_city,anita garibaldi,anita garibaldi
geolocation.geolocation_city,anitapolis,anitapolis
geolocation.geolocation_city,anitápolis,anitapolis
geolocation.geolocation_city,anori,anori
geolocation.geolocation_city,anta,anta
geolocation.geolocation_city,anta gorda,anta gorda
geolocation.geolocation_city,antas,antas
geolocation.geolocation_city,antonina,antonina
geolocation.geolocation_city,antonina do norte,antonina do norte
geolocation.geolocation_city,antonio almeida,antonio almeida
geolocation.geolocation_city,antonio cardoso,antonio cardoso
geolocation.geolocation_city,antonio carlos,antonio carlos
geolocation.geolocation_city,antonio dias,antonio dias
geolocation.geolocation_city,antonio goncalves,antonio goncalves
geolocation.geolocation_city,antonio joao,antonio joao
geolocation.geolocation_city,antonio martins,antonio martins
geolocation.geolocation_city,antonio olinto,antonio olinto
geolocation.geolocation_city,antonio pereira,antonio pereira
geolocation.geolocation_city,antonio prado,antonio prado
geolocation.geolocation_city,antonio prado de minas,antonio prado de minas
geolocation.geolocation_city,antunes,antunes
geolocation.geolocation_city,antunes (igaratinga),antunes igaratinga
geolocation.geolocation_city,antônio almeida,antonio almeida
geolocation.geolocation_city,antônio cardoso,antonio cardoso
geolocation.geolocation_city,antônio carlos,antonio carlos
geolocation.geolocation_city,antônio dias,antonio dias
geolocation.geolocation_city,antônio gonçalves,antonio goncalves
geolocation.geolocation_city,antônio joão,antonio joao
geolocation.geolocation_city,antônio martins,antonio martins
geolocation.geolocation_city,antônio olinto,antonio olinto
geolocation.geolocation_city,antônio pereira,antonio pereira
geolocation.geolocation_city,antônio prado,antonio prado
geolocation.geolocation_city,antônio prado de minas,antonio prado de minas
geolocation.geolocation_city,anápolis,anapolis
geolocation.geolocation_city,aparecida,aparecida
geolocation.geolocation_city,aparecida d oeste,aparecida d oeste
geolocation.geolocation_city,aparecida d'oeste,aparecida d oeste
geolocation.geolocation_city,aparecida de goiania,aparecida de goiania
geolocation.geolocation_city,aparecida de goiânia,aparecida de goiania
geolocation.geolocation_city,aparecida de minas,aparecida de minas
geolocation.geolocation_city,aparecida de monte alto,aparecida de monte alto
geolocation.geolocation_city,aparecida de sao manuel,aparecida de sao manuel
geolocation.geolocation_city,aparecida de são manuel,aparecida de sao manuel
geolocation.geolocation_city,aparecida do rio doce,aparecida do rio doce
geolocation.geolocation_city,aparecida do rio negro,aparecida do rio negro
geolocation.geolocation_city,aparecida do taboado,aparecida do taboado
geolocation.geolocation_city,aparecida doeste,aparecida doeste
geolocation.geolocation_city,aperibe,aperibe
geolocation.geolocation_city,aperibé,aperibe
geolocation.geolocation_city,apeu,apeu
geolocation.geolocation_city,apiaca,apiaca
geolocation.geolocation_city,apiacas,apiacas
geolocation.geolocation_city,apiacá,apiaca
geolocation.geolocation_city,apiacás,apiacas
geolocation.geolocation_city,apiai,apiai
geolocation.geolocation_city,apiaí,apiai
geolocation.geolocation_city,apicum-acu,apicum acu
geolocation.geolocation_city,apiuna,apiuna
geolocation.geolocation_city,apiúna,apiuna
geolocation.geolocation_city,apodi,apodi
geolocation.geolocation_city,apora,apora
geolocation.geolocation_city,apore,apore
geolocation.geolocation_city,aporá,apora
geolocation.geolocation_city,aporé,apore
geolocation.geolocation_city,apuarema,apuarema
geolocation.geolocation_city,apucarana,apucarana
geolocation.geolocation_city,apui,apui
geolocation.geolocation_city,apuiares,apuiares
geolocation.geolocation_city,apuiarés,apuiares
geolocation.geolocation_city,apuí,apui
geolocation.geolocation_city,aquidaba,aquidaba
geolocation.geolocation_city,aquidaban,aquidaban
geolocation.geolocation_city,aquidabã,aquidaba
geolocation.geolocation_city,aquidauana,aquidauana
geolocation.geolocation_city,aquiraz,aquiraz
geolocation.geolocation_city,arabuta,arabuta
geolocation.geolocation_city,aracagi,aracagi
geolocation.geolocation_city,aracai,aracai
geolocation.geolocation_city,aracaju,aracaju
geolocation.geolocation_city,aracariguama,aracariguama
geolocation.geolocation_city,aracas,aracas
geolocation.geolocation_city,aracati,aracati
geolocation.geolocation_city,aracatu,aracatu
geolocation.geolocation_city,aracatuba,aracatuba
geolocation.geolocation_city,arace,arace
geolocation.geolocation_city,araci,araci
geolocation.geolocation_city,aracitaba,aracitaba
geolocation.geolocation_city,aracoiaba,aracoiaba
geolocation.geolocation_city,aracoiaba da serra,aracoiaba da serra
geolocation.geolocation_city,aracruz,aracruz
geolocation.geolocation_city,aracu,aracu
geolocation.geolocation_city,aracuai,aracuai
geolocation.geolocation_city,aragarcas,aragarcas
geolocation.geolocation_city,aragarças,aragarcas
geolocation.geolocation_city,aragoiania,aragoiania
geolocation.geolocation_city,aragoiânia,aragoiania
geolocation.geolocation_city,aragominas,aragominas
geolocation.geolocation_city,araguacema,araguacema
geolocation.geolocation_city,araguacu,araguacu
geolocation.geolocation_city,araguaia,araguaia
geolocation.geolocation_city,araguaiana,araguaiana
geolocation.geolocation_city,araguaina,araguaina
geolocation.geolocation_city,araguainha,araguainha
geolocation.geolocation_city,araguana,araguana
geolocation.geolocation_city,araguanã,araguana
geolocation.geolocation_city,araguapaz,araguapaz
geolocation.geolocation_city,araguari,araguari
geolocation.geolocation_city,araguatins,araguatins
geolocation.geolocation_city,araguaçu,araguacu
geolocation.geolocation_city,araguaína,araguaina
geolocation.geolocation_city,araioses,araioses
geolocation.geolocation_city,araióses,araioses
geolocation.geolocation_city,aral moreira,aral moreira
geolocation.geolocation_city,aramari,aramari
geolocation.geolocation_city,arambare,arambare
geolocation.geolocation_city,arambaré,arambare
geolocation.geolocation_city,arame,arame
geolocation.geolocation_city,aramina,aramina
geolocation.geolocation_city,arandu,arandu
geolocation.geolocation_city,arantina,arantina
geolocation.geolocation_city,arapei,arapei
geolocation.geolocation_city,arapeí,arapei
geolocation.geolocation_city,arapiraca,arapiraca
geolocation.geolocation_city,arapoema,arapoema
geolocation.geolocation_city,araponga,araponga
geolocation.geolocation_city,arapongas,arapongas
geolocation.geolocation_city,arapora,arapora
geolocation.geolocation_city,araporã,arapora
geolocation.geolocation_city,arapoti,arapoti
geolocation.geolocation_city,arapua,arapua
geolocation.geolocation_city,araputanga,araputanga
geolocation.geolocation_city,arapuá,arapua
geolocation.geolocation_city,arapuã,arapua
geolocation.geolocation_city,araquari,araquari
geolocation.geolocation_city,arara,arara
geolocation.geolocation_city,ararangua,ararangua
geolocation.geolocation_city,araranguá,ararangua
geolocation.geolocation_city,araraquara,araraquara
geolocation.geolocation_city,araras,araras
geolocation.geolocation_city,ararenda,ararenda
geolocation.geolocation_city,ararendá,ararenda
geolocation.geolocation_city,arari,arari
geolocation.geolocation_city,ararica,ararica
geolocation.geolocation_city,araricá,ararica
geolocation.geolocation_city,araripe,araripe
geolocation.geolocation_city,araripina,araripina
geolocation.geolocation_city,araruama,araruama
geolocation.geolocation_city,araruna,araruna
geolocation.geolocation_city,arataca,arataca
geolocation.geolocation_city,aratiba,aratiba
geolocation.geolocation_city,aratuba,aratuba
geolocation.geolocation_city,aratuipe,aratuipe
geolocation.geolocation_city,aratuípe,aratuipe
geolocation.geolocation_city,araua,araua
geolocation.geolocation_city,araucaria,araucaria
geolocation.geolocation_city,araucária,araucaria
geolocation.geolocation_city,araujos,araujos
geolocation.geolocation_city,arauá,araua
geolocation.geolocation_city,araxa,araxa
geolocation.geolocation_city,araxá,araxa
geolocation.geolocation_city,araçagi,aracagi
geolocation.geolocation_city,araçariguama,aracariguama
geolocation.geolocation_city,araçatuba,aracatuba
geolocation.geolocation_city,araçaí,aracai
geolocation.geolocation_city,araçoiaba,aracoiaba
geolocation.geolocation_city,araçoiaba da serra,aracoiaba da serra
geolocation.geolocation_city,araçu,aracu
geolocation.geolocation_city,araçuaí,aracuai
geolocation.geolocation_city,araçás,aracas
geolocation.geolocation_city,araújos,araujos
geolocation.geolocation_city,arceburgo,arceburgo
geolocation.geolocation_city,arco verde,arco verde
geolocation.geolocation_city,arco-iris,arco iris
geolocation.geolocation_city,arcos,arcos
geolocation.geolocation_city,arcoverde,arcoverde
geolocation.geolocation_city,areado,areado
geolocation.geolocation_city,areal,areal
geolocation.geolocation_city,arealva,arealva
geolocation.geolocation_city,areia,areia
geolocation.geolocation_city,areia branca,areia branca
geolocation.geolocation_city,areia branca dos assis,areia branca dos assis
geolocation.geolocation_city,areia de baraunas,areia de baraunas
geolocation.geolocation_city,areial,areial
geolocation.geolocation_city,areias,areias
geolocation.geolocation_city,areiopolis,areiopolis
geolocation.geolocation_city,areiópolis,areiopolis
geolocation.geolocation_city,arembepe,arembepe
geolocation.geolocation_city,arenapolis,arenapolis
geolocation.geolocation_city,arenopolis,arenopolis
geolocation.geolocation_city,arenápolis,arenapolis
geolocation.geolocation_city,arez,arez
geolocation.geolocation_city,argirita,argirita
geolocation.geolocation_city,aricanduva,aricanduva
geolocation.geolocation_city,arinos,arinos
geolocation.geolocation_city,aripuana,aripuana
geolocation.geolocation_city,aripuanã,aripuana
geolocation.geolocation_city,ariquemes,ariquemes
geolocation.geolocation_city,ariranha,ariranha
geolocation.geolocation_city,ariranha do ivai,ariranha do ivai
geolocation.geolocation_city,ariranha do ivaí,ariranha do ivai
geolocation.geolocation_city,armacao de buzios,armacao de buzios
geolocation.geolocation_city,armacao dos buzios,armacao dos buzios
geolocation.geolocation_city,armazem,armazem
geolocation.geolocation_city,armazém,armazem
geolocation.geolocation_city,armação dos búzios,armacao dos buzios
geolocation.geolocation_city,arneiroz,arneiroz
geolocation.geolocation_city,aroazes,aroazes
geolocation.geolocation_city,aroeiras,aroeiras
geolocation.geolocation_city,arraial,arraial
geolocation.geolocation_city,arraial d ajuda,arraial d ajuda
geolocation.geolocation_city,arraial d'ajuda,arraial d ajuda
geolocation.geolocation_city,arraial do cabo,arraial do cabo
geolocation.geolocation_city,arraias,arraias
geolocation.geolocation_city,arroio do meio,arroio do meio
geolocation.geolocation_city,arroio do padre,arroio do padre
geolocation.geolocation_city,arroio do sal,arroio do sal
geolocation.geolocation_city,arroio do tigre,arroio do tigre
geolocation.geolocation_city,arroio dos ratos,arroio dos ratos
geolocation.geolocation_city,arroio grande,arroio grande
geolocation.geolocation_city,arroio trinta,arroio trinta
geolocation.geolocation_city,arrozal,arrozal
geolocation.geolocation_city,artur nogueira,artur nogueira
geolocation.geolocation_city,aruana,aruana
geolocation.geolocation_city,aruanã,aruana
geolocation.geolocation_city,aruja,aruja
geolocation.geolocation_city,arujá,aruja
geolocation.geolocation_city,arvoredo,arvoredo
geolocation.geolocation_city,arvorezinha,arvorezinha
geolocation.geolocation_city,ascurra,ascurra
geolocation.geolocation_city,aspasia,aspasia
geolocation.geolocation_city,aspásia,aspasia
geolocation.geolocation_city,assai,assai
geolocation.geolocation_city,assare,assare
geolocation.geolocation_city,assaré,assare
geolocation.geolocation_city,assaí,assai
geolocation.geolocation_city,assis,assis
geolocation.geolocation_city,assis brasil,assis brasil
geolocation.geolocation_city,assis chateaubriand,assis chateaubriand
geolocation.geolocation_city,assuncao,assuncao
geolocation.geolocation_city,assuncao do piaui,assuncao do piaui
geolocation.geolocation_city,astolfo dutra,astolfo dutra
geolocation.geolocation_city,astorga,astorga
geolocation.geolocation_city,atalaia,atalaia
geolocation.geolocation_city,atalaia do norte,atalaia do norte
geolocation.geolocation_city,atalanta,atalanta
geolocation.geolocation_city,ataleia,ataleia
geolocation.geolocation_city,ataléia,ataleia
geolocation.geolocation_city,atibaia,atibaia
geolocation.geolocation_city,atilio vivacqua,atilio vivacqua
geolocation.geolocation_city,augustinopolis,augustinopolis
geolocation.geolocation_city,augustinópolis,augustinopolis
geolocation.geolocation_city,augusto correa,augusto correa
geolocation.geolocation_city,augusto corrêa,augusto correa
geolocation.geolocation_city,augusto de lima,augusto de lima
geolocation.geolocation_city,augusto pestana,augusto pestana
geolocation.geolocation_city,aurea,aurea
geolocation.geolocation_city,aurelino leal,aurelino leal
geolocation.geolocation_city,auriflama,auriflama
geolocation.geolocation_city,aurilandia,aurilandia
geolocation.geolocation_city,aurora,aurora
geolocation.geolocation_city,aurora do iguacu,aurora do iguacu
geolocation.geolocation_city,aurora do para,aurora do para
geolocation.geolocation_city,aurora do tocantins,aurora do tocantins
geolocation.geolocation_city,autazes,autazes
geolocation.geolocation_city,avai,avai
geolocation.geolocation_city,avanhandava,avanhandava
geolocation.geolocation_city,avare,avare
geolocation.geolocation_city,avaré,avare
geolocation.geolocation_city,avaí,avai
geolocation.geolocation_city,avaí do jacinto,avai do jacinto
geolocation.geolocation_city,avelar,avelar
geolocation.geolocation_city,avelino lopes,avelino lopes
geolocation.geolocation_city,avelinopolis,avelinopolis
geolocation.geolocation_city,axixa,axixa
geolocation.geolocation_city,axixa do tocantins,axixa do tocantins
geolocation.geolocation_city,axixá do tocantins,axixa do tocantins
geolocation.geolocation_city,azambuja,azambuja
geolocation.geolocation_city,azurita,azurita
geolocation.geolocation_city,açailândia,acailandia
geolocation.geolocation_city,açu,acu
geolocation.geolocation_city,açu da torre,acu da torre
geolocation.geolocation_city,açucena,acucena
geolocation.geolocation_city,babaculandia,babaculandia
geolocation.geolocation_city,bacabal,bacabal
geolocation.geolocation_city,bacabeira,bacabeira
geolocation.geolocation_city,bacaxa,bacaxa
geolocation.geolocation_city,bacaxa (saquarema) - distrito,bacaxa saquarema distrito
geolocation.geolocation_city,bacuri,bacuri
geolocation.geolocation_city,bacurituba,bacurituba
geolocation.geolocation_city,bady bassitt,bady bassitt
geolocation.geolocation_city,baependi,baependi
geolocation.geolocation_city,bage,bage
geolocation.geolocation_city,bagre,bagre
geolocation.geolocation_city,baguacu,baguacu
geolocation.geolocation_city,baguari,baguari
geolocation.geolocation_city,bagé,bage
geolocation.geolocation_city,baia formosa,baia formosa
geolocation.geolocation_city,baianopolis,baianopolis
geolocation.geolocation_city,baiao,baiao
geolocation.geolocation_city,baixa grande,baixa grande
geolocation.geolocation_city,baixa grande do ribeiro,baixa grande do ribeiro
geolocation.geolocation_city,baixio,baixio
geolocation.geolocation_city,baixo guandu,baixo guandu
geolocation.geolocation_city,baião,baiao
geolocation.geolocation_city,balbinos,balbinos
geolocation.geolocation_city,baldim,baldim
geolocation.geolocation_city,baliza,baliza
geolocation.geolocation_city,balneario arroio do silva,balneario arroio do silva
geolocation.geolocation_city,balneario barra do sul,balneario barra do sul
geolocation.geolocation_city,balneario camboriu,balneario camboriu
geolocation.geolocation_city,balneario de picarras,balneario de picarras
geolocation.geolocation_city,balneario gaivota,balneario gaivota
geolocation.geolocation_city,balneario picarras,balneario picarras
geolocation.geolocation_city,balneario pinhal,balneario pinhal
geolocation.geolocation_city,balneario rincao,balneario rincao
geolocation.geolocation_city,balneário arroio do silva,balneario arroio do silva
geolocation.geolocation_city,balneário barra do sul,balneario barra do sul
geolocation.geolocation_city,balneário camboriú,balneario camboriu
geolocation.geolocation_city,balneário gaivota,balneario gaivota
geolocation.geolocation_city,balneário pinhal,balneario pinhal
geolocation.geolocation_city,balneário piçarras,balneario picarras
geolocation.geolocation_city,balneário rincão,balneario rincao
geolocation.geolocation_city,balsa nova,balsa nova
geolocation.geolocation_city,balsamo,balsamo
geolocation.geolocation_city,balsas,balsas
geolocation.geolocation_city,bambui,bambui
geolocation.geolocation_city,bambuí,bambui
geolocation.geolocation_city,banabuiu,banabuiu
geolocation.geolocation_city,banabuiú,banabuiu
geolocation.geolocation_city,bananal,bananal
geolocation.geolocation_city,bananeiras,bananeiras
geolocation.geolocation_city,bandeira,bandeira
geolocation.geolocation_city,bandeira do sul,bandeira do sul
geolocation.geolocation_city,bandeirante,bandeirante
geolocation.geolocation_city,bandeirantes,bandeirantes
geolocation.geolocation_city,bandeirantes d'oeste,bandeirantes d oeste
geolocation.geolocation_city,bandeirantes do tocantins,bandeirantes do tocantins
geolocation.geolocation_city,bannach,bannach
geolocation.geolocation_city,banquete,banquete
geolocation.geolocation_city,banzae,banzae
geolocation.geolocation_city,banzaê,banzae
geolocation.geolocation_city,barao,barao
geolocation.geolocation_city,barao ataliba nogueira,barao ataliba nogueira
geolocation.geolocation_city,barao de antonina,barao de antonina
geolocation.geolocation_city,barao de cocais,barao de cocais
geolocation.geolocation_city,barao de cotegipe,barao de cotegipe
geolocation.geolocation_city,barao de grajau,barao de grajau
geolocation.geolocation_city,barao de juparana,barao de juparana
geolocation.geolocation_city,barao de melgaco,barao de melgaco
geolocation.geolocation_city,barao de monte alto,barao de monte alto
geolocation.geolocation_city,barao do triunfo,barao do triunfo
geolocation.geolocation_city,barauna,barauna
geolocation.geolocation_city,baraúna,barauna
geolocation.geolocation_city,barbacena,barbacena
geolocation.geolocation_city,barbalha,barbalha
geolocation.geolocation_city,barbosa,barbosa
geolocation.geolocation_city,barbosa ferraz,barbosa ferraz
geolocation.geolocation_city,barcarena,barcarena
geolocation.geolocation_city,barcelona,barcelona
geolocation.geolocation_city,barcelos,barcelos
geolocation.geolocation_city,bariri,bariri
geolocation.geolocation_city,barra,barra
geolocation.geolocation_city,barra bonita,barra bonita
geolocation.geolocation_city,barra d'alcantara,barra d alcantara
geolocation.geolocation_city,barra d'alcântara,barra d alcantara
geolocation.geolocation_city,barra da estiva,barra da estiva
geolocation.geolocation_city,barra de  santo antônio,barra de santo antonio
geolocation.geolocation_city,barra de guabiraba,barra de guabiraba
geolocation.geolocation_city,barra de santa rosa,barra de santa rosa
geolocation.geolocation_city,barra de santana,barra de santana
geolocation.geolocation_city,barra de santo antonio,barra de santo antonio
geolocation.geolocation_city,barra de santo antônio,barra de santo antonio
geolocation.geolocation_city,barra de sao francisco,barra de sao francisco
geolocation.geolocation_city,barra de sao joao,barra de sao joao
geolocation.geolocation_city,barra de sao miguel,barra de sao miguel
geolocation.geolocation_city,barra de são francisco,barra de sao francisco
geolocation.geolocation_city,barra de são joão,barra de sao joao
geolocation.geolocation_city,barra de são miguel,barra de sao miguel
geolocation.geolocation_city,barra do ariranha,barra do ariranha
geolocation.geolocation_city,barra do bugres,barra do bugres
geolocation.geolocation_city,barra do chapeu,barra do chapeu
geolocation.geolocation_city,barra do chapéu,barra do chapeu
geolocation.geolocation_city,barra do choca,barra do choca
geolocation.geolocation_city,barra do choça,barra do choca
geolocation.geolocation_city,barra do corda,barra do corda
geolocation.geolocation_city,barra do cuiete,barra do cuiete
geolocation.geolocation_city,barra do garcas,barra do garcas
geolocation.geolocation_city,barra do garças,barra do garcas
geolocation.geolocation_city,barra do guarita,barra do guarita
geolocation.geolocation_city,barra do jacare,barra do jacare
geolocation.geolocation_city,barra do jacaré,barra do jacare
geolocation.geolocation_city,barra do jacuipe,barra do jacuipe
geolocation.geolocation_city,barra do mendes,barra do mendes
geolocation.geolocation_city,barra do pirai,barra do pirai
geolocation.geolocation_city,barra do piraí,barra do pirai
geolocation.geolocation_city,barra do quarai,barra do quarai
geolocation.geolocation_city,barra do quaraí,barra do quarai
geolocation.geolocation_city,barra do ribeiro,barra do ribeiro
geolocation.geolocation_city,barra do rio azul,barra do rio azul
geolocation.geolocation_city,barra do rocha,barra do rocha
geolocation.geolocation_city,barra do tarrachil,barra do tarrachil
geolocation.geolocation_city,barra do turvo,barra do turvo
geolocation.geolocation_city,barra dos coqueiros,barra dos coqueiros
geolocation.geolocation_city,barra feliz,barra feliz
geolocation.geolocation_city,barra funda,barra funda
geolocation.geolocation_city,barra longa,barra longa
geolocation.geolocation_city,barra mansa,barra mansa
geolocation.geolocation_city,barra velha,barra velha
geolocation.geolocation_city,barracao,barracao
geolocation.geolocation_city,barracão,barracao
geolocation.geolocation_city,barrado quarai,barrado quarai
geolocation.geolocation_city,barras,barras
geolocation.geolocation_city,barreira,barreira
geolocation.geolocation_city,barreiras,barreiras
geolocation.geolocation_city,barreiras do piaui,barreiras do piaui
geolocation.geolocation_city,barreiras do piauí,barreiras do piaui
geolocation.geolocation_city,barreirinhas,barreirinhas
geolocation.geolocation_city,barreiro branco,barreiro branco
geolocation.geolocation_city,barreiros,barreiros
geolocation.geolocation_city,barretos,barretos
geolocation.geolocation_city,barrinha,barrinha
geolocation.geolocation_city,barro,barro
geolocation.geolocation_city,barro alto,barro alto
geolocation.geolocation_city,barro duro,barro duro
geolocation.geolocation_city,barro preto,barro preto
geolocation.geolocation_city,barrocas,barrocas
geolocation.geolocation_city,barrolandia,barrolandia
geolocation.geolocation_city,barrolândia,barrolandia
geolocation.geolocation_city,barroquinha,barroquinha
geolocation.geolocation_city,barros cassal,barros cassal
geolocation.geolocation_city,barroso,barroso
geolocation.geolocation_city,barueri,barueri
geolocation.geolocation_city,barão,barao
geolocation.geolocation_city,barão ataliba nogueira,barao ataliba nogueira
geolocation.geolocation_city,barão de antonina,barao de antonina
geolocation.geolocation_city,barão de cocais,barao de cocais
geolocation.geolocation_city,barão de cotegipe,barao de cotegipe
geolocation.geolocation_city,barão de grajaú,barao de grajau
geolocation.geolocation_city,barão de juparana,barao de juparana
geolocation.geolocation_city,barão de monte alto,barao de monte alto
geolocation.geolocation_city,barão do triunfo,barao do triunfo
geolocation.geolocation_city,bastos,bastos
geolocation.geolocation_city,bataguassu,bataguassu
geolocation.geolocation_city,bataipora,bataipora
geolocation.geolocation_city,batalha,batalha
geolocation.geolocation_city,batatais,batatais
geolocation.geolocation_city,batateira,batateira
geolocation.geolocation_city,bataypora,bataypora
geolocation.geolocation_city,batayporã,bataypora
geolocation.geolocation_city,batinga,batinga
geolocation.geolocation_city,baturite,baturite
geolocation.geolocation_city,baturité,baturite
geolocation.geolocation_city,bauru,bauru
geolocation.geolocation_city,bayeux,bayeux
geolocation.geolocation_city,baía formosa,baia formosa
geolocation.geolocation_city,bebedouro,bebedouro
geolocation.geolocation_city,beberibe,beberibe
geolocation.geolocation_city,bela cruz,bela cruz
geolocation.geolocation_city,bela vista,bela vista
geolocation.geolocation_city,bela vista da caroba,bela vista da caroba
geolocation.geolocation_city,bela vista de goias,bela vista de goias
geolocation.geolocation_city,bela vista de goiás,bela vista de goias
geolocation.geolocation_city,bela vista de minas,bela vista de minas
geolocation.geolocation_city,bela vista do maranhao,bela vista do maranhao
geolocation.geolocation_city,bela vista do paraiso,bela vista do paraiso
geolocation.geolocation_city,bela vista do paraíso,bela vista do paraiso
geolocation.geolocation_city,bela vista do piaui,bela vista do piaui
geolocation.geolocation_city,bela vista do piauí,bela vista do piaui
geolocation.geolocation_city,bela vista do toldo,bela vista do toldo
geolocation.geolocation_city,belagua,belagua
geolocation.geolocation_city,belem,belem
geolocation.geolocation_city,belem de maria,belem de maria
geolocation.geolocation_city,belem de sao francisco,belem de sao francisco
geolocation.geolocation_city,belem do brejo do cruz,belem do brejo do cruz
geolocation.geolocation_city,belem do piaui,belem do piaui
geolocation.geolocation_city,belem do sao francisco,belem do sao francisco
geolocation.geolocation_city,belford roxo,belford roxo
geolocation.geolocation_city,belmiro braga,belmiro braga
geolocation.geolocation_city,belmonte,belmonte
geolocation.geolocation_city,belo campo,belo campo
geolocation.geolocation_city,belo horizonta,belo horizonta
geolocation.geolocation_city,belo horizonte,belo horizonte
geolocation.geolocation_city,belo jardim,belo jardim
geolocation.geolocation_city,belo oriente,belo oriente
geolocation.geolocation_city,belo vale,belo vale
geolocation.geolocation_city,belterra,belterra
geolocation.geolocation_city,belágua,belagua
geolocation.geolocation_city,belém,belem
geolocation.geolocation_city,belém do são francisco,belem do sao francisco
geolocation.geolocation_city,beneditinos,beneditinos
geolocation.geolocation_city,benedito leite,benedito leite
geolocation.geolocation_city,benedito novo,benedito novo
geolocation.geolocation_city,benevides,benevides
geolocation.geolocation_city,benfica,benfica
geolocation.geolocation_city,benjamin constant,benjamin constant
geolocation.geolocation_city,benjamin constant do sul,benjamin constant do sul
geolocation.geolocation_city,bento de abreu,bento de abreu
geolocation.geolocation_city,bento fernandes,bento fernandes
geolocation.geolocation_city,bento goncalves,bento goncalves
geolocation.geolocation_city,bento gonçalves,bento goncalves
geolocation.geolocation_city,bentopolis,bentopolis
geolocation.geolocation_city,bentópolis de minas,bentopolis de minas
geolocation.geolocation_city,bequimao,bequimao
geolocation.geolocation_city,bequimão,bequimao
geolocation.geolocation_city,berilo,berilo
geolocation.geolocation_city,berizal,berizal
geolocation.geolocation_city,bernardino batista,bernardino batista
geolocation.geolocation_city,bernardino de campos,bernardino de campos
geolocation.geolocation_city,bernardo do mearim,bernardo do mearim
geolocation.geolocation_city,bernardo sayao,bernardo sayao
geolocation.geolocation_city,bernardo sayão,bernardo sayao
geolocation.geolocation_city,bertioga,bertioga
geolocation.geolocation_city,bertolinia,bertolinia
geolocation.geolocation_city,bertolínia,bertolinia
geolocation.geolocation_city,bertopolis,bertopolis
geolocation.geolocation_city,bertópolis,bertopolis
geolocation.geolocation_city,betania,betania
geolocation.geolocation_city,betania do piaui,betania do piaui
geolocation.geolocation_city,betim,betim
geolocation.geolocation_city,betânia,betania
geolocation.geolocation_city,betânia do piauí,betania do piaui
geolocation.geolocation_city,bezerros,bezerros
geolocation.geolocation_city,bh,bh
geolocation.geolocation_city,bias fortes,bias fortes
geolocation.geolocation_city,bicas,bicas
geolocation.geolocation_city,bicuiba,bicuiba
geolocation.geolocation_city,biguacu,biguacu
geolocation.geolocation_city,biguaçu,biguacu
geolocation.geolocation_city,bilac,bilac
geolocation.geolocation_city,biquinhas,biquinhas
geolocation.geolocation_city,birigui,birigui
geolocation.geolocation_city,birigüi,birigui
geolocation.geolocation_city,biritiba mirim,biritiba mirim
geolocation.geolocation_city,biritiba-mirim,biritiba mirim
geolocation.geolocation_city,biritinga,biritinga
geolocation.geolocation_city,bitupita,bitupita
geolocation.geolocation_city,bituruna,bituruna
geolocation.geolocation_city,bizarra,bizarra
geolocation.geolocation_city,blumenau,blumenau
geolocation.geolocation_city,boa esperanca,boa esperanca
geolocation.geolocation_city,boa esperanca do iguacu,boa esperanca do iguacu
geolocation.geolocation_city,boa esperanca do sul,boa esperanca do sul
geolocation.geolocation_city,boa esperança,boa esperanca
geolocation.geolocation_city,boa esperança do iguaçu,boa esperanca do iguacu
geolocation.geolocation_city,boa esperança do sul,boa esperanca do sul
geolocation.geolocation_city,boa hora,boa hora
geolocation.geolocation_city,boa nova,boa nova
geolocation.geolocation_city,boa saude,boa saude
geolocation.geolocation_city,boa sorte,boa sorte
geolocation.geolocation_city,boa uniao,boa uniao
geolocation.geolocation_city,boa uniao de itabirinha,boa uniao de itabirinha
geolocation.geolocation_city,boa união de itabirinha,boa uniao de itabirinha
geolocation.geolocation_city,boa ventura,boa ventura
geolocation.geolocation_city,boa ventura de sao roque,boa ventura de sao roque
geolocation.geolocation_city,boa ventura de são roque,boa ventura de sao roque
geolocation.geolocation_city,boa viagem,boa viagem
geolocation.geolocation_city,boa vista,boa vista
geolocation.geolocation_city,boa vista da aparecida,boa vista da aparecida
geolocation.geolocation_city,boa vista das missoes,boa vista das missoes
geolocation.geolocation_city,boa vista das missões,boa vista das missoes
geolocation.geolocation_city,boa vista de minas,boa vista de minas
geolocation.geolocation_city,boa vista do burica,boa vista do burica
geolocation.geolocation_city,boa vista do buricá,boa vista do burica
geolocation.geolocation_city,boa vista do cadeado,boa vista do cadeado
geolocation.geolocation_city,boa vista do gurupi,boa vista do gurupi
geolocation.geolocation_city,boa vista do incra,boa vista do incra
geolocation.geolocation_city,boa vista do ramos,boa vista do ramos
geolocation.geolocation_city,boa vista do sul,boa vista do sul
geolocation.geolocation_city,boa vista do tupim,boa vista do tupim
geolocation.geolocation_city,boa vista dos andradas,boa vista dos andradas
geolocation.geolocation_city,boca da mata,boca da mata
geolocation.geolocation_city,boca do acre,boca do acre
geolocation.geolocation_city,bocaina,bocaina
geolocation.geolocation_city,bocaina de minas,bocaina de minas
geolocation.geolocation_city,bocaina do sul,bocaina do sul
geolocation.geolocation_city,bocaiuva,bocaiuva
geolocation.geolocation_city,bocaiuva do sul,bocaiuva do sul
geolocation.geolocation_city,bocaiúva,bocaiuva
geolocation.geolocation_city,bocaiúva do sul,bocaiuva do sul
geolocation.geolocation_city,bocaína do sul,bocaina do sul
geolocation.geolocation_city,bodo,bodo
geolocation.geolocation_city,bodoco,bodoco
geolocation.geolocation_city,bodocó,bodoco
geolocation.geolocation_city,bodoquena,bodoquena
geolocation.geolocation_city,bofete,bofete
geolocation.geolocation_city,boituva,boituva
geolocation.geolocation_city,bom conselho,bom conselho
geolocation.geolocation_city,bom despacho,bom despacho
geolocation.geolocation_city,bom fim do bom jesus,bom fim do bom jesus
geolocation.geolocation_city,bom jardim,bom jardim
geolocation.geolocation_city,bom jardim da serra,bom jardim da serra
geolocation.geolocation_city,bom jardim de goias,bom jardim de goias
geolocation.geolocation_city,bom jardim de goiás,bom jardim de goias
geolocation.geolocation_city,bom jardim de minas,bom jardim de minas
geolocation.geolocation_city,bom jardim do sul,bom jardim do sul
geolocation.geolocation_city,bom jesus,bom jesus
geolocation.geolocation_city,bom jesus da lapa,bom jesus da lapa
geolocation.geolocation_city,bom jesus da penha,bom jesus da penha
geolocation.geolocation_city,bom jesus da serra,bom jesus da serra
geolocation.geolocation_city,bom jesus das selvas,bom jesus das selvas
geolocation.geolocation_city,bom jesus de goias,bom jesus de goias
geolocation.geolocation_city,bom jesus do amparo,bom jesus do amparo
geolocation.geolocation_city,bom jesus do araguaia,bom jesus do araguaia
geolocation.geolocation_city,bom jesus do galho,bom jesus do galho
geolocation.geolocation_city,bom jesus do itabapoana,bom jesus do itabapoana
geolocation.geolocation_city,bom jesus do norte,bom jesus do norte
geolocation.geolocation_city,bom jesus do sul,bom jesus do sul
geolocation.geolocation_city,bom jesus do tocantins,bom jesus do tocantins
geolocation.geolocation_city,bom jesus dos perdoes,bom jesus dos perdoes
geolocation.geolocation_city,bom jesus dos perdões,bom jesus dos perdoes
geolocation.geolocation_city,bom lugar,bom lugar
geolocation.geolocation_city,bom principio,bom principio
geolocation.geolocation_city,bom principio do piaui,bom principio do piaui
geolocation.geolocation_city,bom princípio,bom principio
geolocation.geolocation_city,bom progresso,bom progresso
geolocation.geolocation_city,bom repouso,bom repouso
geolocation.geolocation_city,bom retiro,bom retiro
geolocation.geolocation_city,bom retiro da esperanca,bom retiro da esperanca
geolocation.geolocation_city,bom retiro do sul,bom retiro do sul
geolocation.geolocation_city,bom sucesso,bom sucesso
geolocation.geolocation_city,bom sucesso de itarare,bom sucesso de itarare
geolocation.geolocation_city,bom sucesso de itararé,bom sucesso de itarare
geolocation.geolocation_city,bom sucesso do sul,bom sucesso do sul
geolocation.geolocation_city,bombinhas,bombinhas
geolocation.geolocation_city,bonfim,bonfim
geolocation.geolocation_city,bonfim paulista,bonfim paulista
geolocation.geolocation_city,bonfinopolis,bonfinopolis
geolocation.geolocation_city,bonfinopolis de minas,bonfinopolis de minas
geolocation.geolocation_city,bonfinópolis,bonfinopolis
geolocation.geolocation_city,bonfinópolis de minas,bonfinopolis de minas
geolocation.geolocation_city,boninal,boninal
geolocation.geolocation_city,bonito,bonito
geolocation.geolocation_city,bonito de minas,bonito de minas
geolocation.geolocation_city,bonito de santa fe,bonito de santa fe
geolocation.geolocation_city,bonopolis,bonopolis
geolocation.geolocation_city,bonópolis,bonopolis
geolocation.geolocation_city,boqueirao,boqueirao
geolocation.geolocation_city,boqueirao do leao,boqueirao do leao
geolocation.geolocation_city,boqueirao do piaui,boqueirao do piaui
geolocation.geolocation_city,boqueirão do leão,boqueirao do leao
geolocation.geolocation_city,boqueirão do piauí,boqueirao do piaui
geolocation.geolocation_city,boquim,boquim
geolocation.geolocation_city,boquira,boquira
geolocation.geolocation_city,boraceia,boraceia
geolocation.geolocation_city,boracéia,boraceia
geolocation.geolocation_city,borba,borba
geolocation.geolocation_city,borborema,borborema
geolocation.geolocation_city,borda da mata,borda da mata
geolocation.geolocation_city,borda do campo,borda do campo
geolocation.geolocation_city,borebi,borebi
geolocation.geolocation_city,borrazopolis,borrazopolis
geolocation.geolocation_city,borrazópolis,borrazopolis
geolocation.geolocation_city,bossoroca,bossoroca
geolocation.geolocation_city,botelho,botelho
geolocation.geolocation_city,botelhos,botelhos
geolocation.geolocation_city,botucatu,botucatu
geolocation.geolocation_city,botumirim,botumirim
geolocation.geolocation_city,botupora,botupora
geolocation.geolocation_city,botuporã,botupora
geolocation.geolocation_city,botuvera,botuvera
geolocation.geolocation_city,botuverá,botuvera
geolocation.geolocation_city,bozano,bozano
geolocation.geolocation_city,braco do norte,braco do norte
geolocation.geolocation_city,braco do rio,braco do rio
geolocation.geolocation_city,braco do trombudo,braco do trombudo
geolocation.geolocation_city,braga,braga
geolocation.geolocation_city,braganca,braganca
geolocation.geolocation_city,braganca paulista,braganca paulista
geolocation.geolocation_city,braganey,braganey
geolocation.geolocation_city,bragantina,bragantina
geolocation.geolocation_city,bragança,braganca
geolocation.geolocation_city,bragança paulista,braganca paulista
geolocation.geolocation_city,branquinha,branquinha
geolocation.geolocation_city,bras pires,bras pires
geolocation.geolocation_city,brasil novo,brasil novo
geolocation.geolocation_city,brasilandia,brasilandia
geolocation.geolocation_city,brasilandia de minas,brasilandia de minas
geolocation.geolocation_city,brasilandia do sul,brasilandia do sul
geolocation.geolocation_city,brasilandia do tocantins,brasilandia do tocantins
geolocation.geolocation_city,brasileia,brasileia
geolocation.geolocation_city,brasileira,brasileira
geolocation.geolocation_city,brasilia,brasilia
geolocation.geolocation_city,brasilia de minas,brasilia de minas
geolocation.geolocation_city,brasilândia,brasilandia
geolocation.geolocation_city,brasilândia de minas,brasilandia de minas
geolocation.geolocation_city,brasilândia do sul,brasilandia do sul
geolocation.geolocation_city,brasilândia do tocantins,brasilandia do tocantins
geolocation.geolocation_city,brasiléia,brasileia
geolocation.geolocation_city,brasitania,brasitania
geolocation.geolocation_city,brasitânia,brasitania
geolocation.geolocation_city,brasnorte,brasnorte
geolocation.geolocation_city,brasopolis,brasopolis
geolocation.geolocation_city,brasília,brasilia
geolocation.geolocation_city,brasília de minas,brasilia de minas
geolocation.geolocation_city,brasópolis,brasopolis
geolocation.geolocation_city,brauna,brauna
geolocation.geolocation_city,braunas,braunas
geolocation.geolocation_city,brazabrantes,brazabrantes
geolocation.geolocation_city,brazlandia,brazlandia
geolocation.geolocation_city,brazlândia,brazlandia
geolocation.geolocation_city,brazopolis,brazopolis
geolocation.geolocation_city,brazópolis,brazopolis
geolocation.geolocation_city,braço do norte,braco do norte
geolocation.geolocation_city,braço do rio,braco do rio
geolocation.geolocation_city,braço do trombudo,braco do trombudo
geolocation.geolocation_city,braúnas,braunas
geolocation.geolocation_city,brejetuba,brejetuba
geolocation.geolocation_city,brejinho,brejinho
geolocation.geolocation_city,brejinho de nazare,brejinho de nazare
geolocation.geolocation_city,brejinho de nazaré,brejinho de nazare
geolocation.geolocation_city,brejo,brejo
geolocation.geolocation_city,brejo alegre,brejo alegre
geolocation.geolocation_city,brejo bonito,brejo bonito
geolocation.geolocation_city,brejo da madre de deus,brejo da madre de deus
geolocation.geolocation_city,brejo de areia,brejo de areia
geolocation.geolocation_city,brejo do cruz,brejo do cruz
geolocation.geolocation_city,brejo do piaui,brejo do piaui
geolocation.geolocation_city,brejo dos santos,brejo dos santos
geolocation.geolocation_city,brejo grande,brejo grande
geolocation.geolocation_city,brejo grande do araguaia,brejo grande do araguaia
geolocation.geolocation_city,brejo santo,brejo santo
geolocation.geolocation_city,brejoes,brejoes
geolocation.geolocation_city,brejolandia,brejolandia
geolocation.geolocation_city,brejolândia,brejolandia
geolocation.geolocation_city,brejão,brejao
geolocation.geolocation_city,brejões,brejoes
geolocation.geolocation_city,breu branco,breu branco
geolocation.geolocation_city,breves,breves
geolocation.geolocation_city,britania,britania
geolocation.geolocation_city,britânia,britania
geolocation.geolocation_city,brochier,brochier
geolocation.geolocation_city,brodowski,brodowski
geolocation.geolocation_city,brotas,brotas
geolocation.geolocation_city,brotas de macaubas,brotas de macaubas
geolocation.geolocation_city,brotas de macaúbas,brotas de macaubas
geolocation.geolocation_city,brumadinho,brumadinho
geolocation.geolocation_city,brumado,brumado
geolocation.geolocation_city,brunopolis,brunopolis
geolocation.geolocation_city,brunópolis,brunopolis
geolocation.geolocation_city,brusque,brusque
geolocation.geolocation_city,brás pires,bras pires
geolocation.geolocation_city,bueno brandao,bueno brandao
geolocation.geolocation_city,bueno brandão,bueno brandao
geolocation.geolocation_city,buenopolis,buenopolis
geolocation.geolocation_city,buenos aires,buenos aires
geolocation.geolocation_city,buenópolis,buenopolis
geolocation.geolocation_city,buerarema,buerarema
geolocation.geolocation_city,bugre,bugre
geolocation.geolocation_city,buique,buique
geolocation.geolocation_city,bujari,bujari
geolocation.geolocation_city,bujaru,bujaru
geolocation.geolocation_city,burarama,burarama
geolocation.geolocation_city,buri,buri
geolocation.geolocation_city,buritama,buritama
geolocation.geolocation_city,buriti,buriti
geolocation.geolocation_city,buriti alegre,buriti alegre
geolocation.geolocation_city,buriti bravo,buriti bravo
geolocation.geolocation_city,buriti de goias,buriti de goias
geolocation.geolocation_city,buriti de goiás,buriti de goias
geolocation.geolocation_city,buriti do tocantins,buriti do tocantins
geolocation.geolocation_city,buriti dos lopes,buriti dos lopes
geolocation.geolocation_city,buriti dos montes,buriti dos montes
geolocation.geolocation_city,buriticupu,buriticupu
geolocation.geolocation_city,buritinopolis,buritinopolis
geolocation.geolocation_city,buritinópolis,buritinopolis
geolocation.geolocation_city,buritirama,buritirama
geolocation.geolocation_city,buritirana,buritirana
geolocation.geolocation_city,buritis,buritis
geolocation.geolocation_city,buritizal,buritizal
geolocation.geolocation_city,buritizeiro,buritizeiro
geolocation.geolocation_city,butia,butia
geolocation.geolocation_city,butiá,butia
geolocation.geolocation_city,buzios,buzios
geolocation.geolocation_city,buíque,buique
geolocation.geolocation_city,bálsamo,balsamo
geolocation.geolocation_city,búzios,buzios
geolocation.geolocation_city,caapiranga,caapiranga
geolocation.geolocation_city,caapora,caapora
geolocation.geolocation_city,caaporã,caapora
geolocation.geolocation_city,caarapo,caarapo
geolocation.geolocation_city,caarapó,caarapo
geolocation.geolocation_city,caatiba,caatiba
geolocation.geolocation_city,cabaceiras,cabaceiras
geolocation.geolocation_city,cabaceiras do paraguacu,cabaceiras do paraguacu
geolocation.geolocation_city,cabaceiras do paraguaçu,cabaceiras do paraguacu
geolocation.geolocation_city,cabeceira grande,cabeceira grande
geolocation.geolocation_city,cabeceiras,cabeceiras
geolocation.geolocation_city,cabeceiras do piaui,cabeceiras do piaui
geolocation.geolocation_city,cabedelo,cabedelo
geolocation.geolocation_city,cabixi,cabixi
geolocation.geolocation_city,cabo de santo agostinho,cabo de santo agostinho
geolocation.geolocation_city,cabo frio,cabo frio
geolocation.geolocation_city,cabo verde,cabo verde
geolocation.geolocation_city,cabralia paulista,cabralia paulista
geolocation.geolocation_city,cabreuva,cabreuva
geolocation.geolocation_city,cabreúva,cabreuva
geolocation.geolocation_city,cabrobo,cabrobo
geolocation.geolocation_city,cabrobó,cabrobo
geolocation.geolocation_city,cabrália paulista,cabralia paulista
geolocation.geolocation_city,cacador,cacador
geolocation.geolocation_city,cacapava,cacapava
geolocation.geolocation_city,cacapava do sul,cacapava do sul
geolocation.geolocation_city,cacaratiba,cacaratiba
geolocation.geolocation_city,cacarema,cacarema
geolocation.geolocation_city,cacaulandia,cacaulandia
geolocation.geolocation_city,cacaulândia,cacaulandia
geolocation.geolocation_city,cacequi,cacequi
geolocation.geolocation_city,caceres,caceres
geolocation.geolocation_city,cachoeira,cachoeira
geolocation.geolocation_city,cachoeira alegre,cachoeira alegre
geolocation.geolocation_city,cachoeira alta,cachoeira alta
geolocation.geolocation_city,cachoeira da prata,cachoeira da prata
geolocation.geolocation_city,cachoeira de goias,cachoeira de goias
geolocation.geolocation_city,cachoeira de goiás,cachoeira de goias
geolocation.geolocation_city,cachoeira de minas,cachoeira de minas
geolocation.geolocation_city,cachoeira de pajeu,cachoeira de pajeu
geolocation.geolocation_city,cachoeira de pajeú,cachoeira de pajeu
geolocation.geolocation_city,cachoeira de piria,cachoeira de piria
geolocation.geolocation_city,cachoeira de santa cruz,cachoeira de santa cruz
geolocation.geolocation_city,cachoeira do arari,cachoeira do arari
geolocation.geolocation_city,cachoeira do brumado,cachoeira do brumado
geolocation.geolocation_city,cachoeira do campo,cachoeira do campo
geolocation.geolocation_city,cachoeira do piria,cachoeira do piria
geolocation.geolocation_city,cachoeira do piriá,cachoeira do piria
geolocation.geolocation_city,cachoeira do sul,cachoeira do sul
geolocation.geolocation_city,cachoeira dos indios,cachoeira dos indios
geolocation.geolocation_city,cachoeira dos índios,cachoeira dos indios
geolocation.geolocation_city,cachoeira dourada,cachoeira dourada
geolocation.geolocation_city,cachoeira paulista,cachoeira paulista
geolocation.geolocation_city,cachoeiras de macacu,cachoeiras de macacu
geolocation.geolocation_city,cachoeirinha,cachoeirinha
geolocation.geolocation_city,cachoeiro de itapemirim,cachoeiro de itapemirim
geolocation.geolocation_city,cacimba de dentro,cacimba de dentro
geolocation.geolocation_city,cacimbas,cacimbas
geolocation.geolocation_city,cacimbinhas,cacimbinhas
geolocation.geolocation_city,cacique doble,cacique doble
geolocation.geolocation_city,cacoal,cacoal
geolocation.geolocation_city,caconde,caconde
geolocation.geolocation_city,cacu,cacu
geolocation.geolocation_city,cacule,cacule
geolocation.geolocation_city,caculé,cacule
geolocation.geolocation_city,caem,caem
geolocation.geolocation_city,caetano mendes,caetano mendes
geolocation.geolocation_city,caetanopolis,caetanopolis
geolocation.geolocation_city,caetanos,caetanos
geolocation.geolocation_city,caetanópolis,caetanopolis
geolocation.geolocation_city,caete,caete
geolocation.geolocation_city,caetes,caetes
geolocation.geolocation_city,caetite,caetite
geolocation.geolocation_city,caetité,caetite
geolocation.geolocation_city,caeté,caete
geolocation.geolocation_city,caetés,caetes
geolocation.geolocation_city,cafarnaum,cafarnaum
geolocation.geolocation_city,cafe,cafe
geolocation.geolocation_city,cafeara,cafeara
geolocation.geolocation_city,cafelandia,cafelandia
geolocation.geolocation_city,cafelândia,cafelandia
geolocation.geolocation_city,cafezal do sul,cafezal do sul
geolocation.geolocation_city,caiabu,caiabu
geolocation.geolocation_city,caiana,caiana
geolocation.geolocation_city,caiaponia,caiaponia
geolocation.geolocation_city,caiapônia,caiaponia
geolocation.geolocation_city,caibate,caibate
geolocation.geolocation_city,caibaté,caibate
geolocation.geolocation_city,caibi,caibi
geolocation.geolocation_city,caicara,caicara
geolocation.geolocation_city,caicara do norte,caicara do norte
geolocation.geolocation_city,caicara do rio do vento,caicara do rio do vento
geolocation.geolocation_city,caico,caico
geolocation.geolocation_city,caicó,caico
geolocation.geolocation_city,caieiras,caieiras
geolocation.geolocation_city,cairu,cairu
geolocation.geolocation_city,caiua,caiua
geolocation.geolocation_city,caiuá,caiua
geolocation.geolocation_city,caiçara,caicara
geolocation.geolocation_city,caiçara do norte,caicara do norte
geolocation.geolocation_city,caiçara do rio do vento,caicara do rio do vento
geolocation.geolocation_city,cajamar,cajamar
geolocation.geolocation_city,cajapio,cajapio
geolocation.geolocation_city,cajari,cajari
geolocation.geolocation_city,cajati,cajati
geolocation.geolocation_city,cajazeiras,cajazeiras
geolocation.geolocation_city,cajazeiras do piauí,cajazeiras do piaui
geolocation.geolocation_city,cajobi,cajobi
geolocation.geolocation_city,cajueiro,cajueiro
geolocation.geolocation_city,cajueiro da praia,cajueiro da praia
geolocation.geolocation_city,cajuri,cajuri
geolocation.geolocation_city,cajuru,cajuru
geolocation.geolocation_city,calcado,calcado
geolocation.geolocation_city,calcoene,calcoene
geolocation.geolocation_city,caldas,caldas
geolocation.geolocation_city,caldas brandao,caldas brandao
geolocation.geolocation_city,caldas novas,caldas novas
geolocation.geolocation_city,caldazinha,caldazinha
geolocation.geolocation_city,caldeirao grande,caldeirao grande
geolocation.geolocation_city,caldeirao grande do piaui,caldeirao grande do piaui
geolocation.geolocation_city,caldeirão grande,caldeirao grande
geolocation.geolocation_city,caldeirão grande do piauí,caldeirao grande do piaui
geolocation.geolocation_city,calheiros,calheiros
geolocation.geolocation_city,california,california
geolocation.geolocation_city,california da barra,california da barra
geolocation.geolocation_city,california da barra (barra do pirai),california da barra barra do pirai
geolocation.geolocation_city,califórnia,california
geolocation.geolocation_city,califórnia da barra,california da barra
geolocation.geolocation_city,calixto,calixto
geolocation.geolocation_city,calmon,calmon
geolocation.geolocation_city,calumbi,calumbi
geolocation.geolocation_city,camacan,camacan
geolocation.geolocation_city,camacari,camacari
geolocation.geolocation_city,camacho,camacho
geolocation.geolocation_city,camalau,camalau
geolocation.geolocation_city,camalaú,camalau
geolocation.geolocation_city,camamu,camamu
geolocation.geolocation_city,camanducaia,camanducaia
geolocation.geolocation_city,camapua,camapua
geolocation.geolocation_city,camapuã,camapua
geolocation.geolocation_city,camaqua,camaqua
geolocation.geolocation_city,camaquã,camaqua
geolocation.geolocation_city,camaragibe,camaragibe
geolocation.geolocation_city,camargo,camargo
geolocation.geolocation_city,camaçari,camacari
geolocation.geolocation_city,cambara,cambara
geolocation.geolocation_city,cambara do sul,cambara do sul
geolocation.geolocation_city,cambará,cambara
geolocation.geolocation_city,cambará do sul,cambara do sul
geolocation.geolocation_city,cambe,cambe
geolocation.geolocation_city,cambiasca,cambiasca
geolocation.geolocation_city,cambira,cambira
geolocation.geolocation_city,camboriu,camboriu
geolocation.geolocation_city,camboriú,camboriu
geolocation.geolocation_city,cambuci,cambuci
geolocation.geolocation_city,cambui,cambui
geolocation.geolocation_city,cambuquira,cambuquira
geolocation.geolocation_city,cambuí,cambui
geolocation.geolocation_city,cambé,cambe
geolocation.geolocation_city,camela,camela
geolocation.geolocation_city,cameta,cameta
geolocation.geolocation_city,cametá,cameta
geolocation.geolocation_city,camocim,camocim
geolocation.geolocation_city,camocim de sao felix,camocim de sao felix
geolocation.geolocation_city,camocim de são félix,camocim de sao felix
geolocation.geolocation_city,campanario,campanario
geolocation.geolocation_city,campanha,campanha
geolocation.geolocation_city,campanário,campanario
geolocation.geolocation_city,campestre,campestre
geolocation.geolocation_city,campestre da serra,campestre da serra
geolocation.geolocation_city,campestre de goias,campestre de goias
geolocation.geolocation_city,campestre do maranhao,campestre do maranhao
geolocation.geolocation_city,campestre do maranhão,campestre do maranhao
geolocation.geolocation_city,campina da lagoa,campina da lagoa
geolocation.geolocation_city,campina das missoes,campina das missoes
geolocation.geolocation_city,campina das missões,campina das missoes
geolocation.geolocation_city,campina do monte alegre,campina do monte alegre
geolocation.geolocation_city,campina do simao,campina do simao
geolocation.geolocation_city,campina do simão,campina do simao
geolocation.geolocation_city,campina grande,campina grande
geolocation.geolocation_city,campina grande do sul,campina grande do sul
geolocation.geolocation_city,campina verde,campina verde
geolocation.geolocation_city,campinacu,campinacu
geolocation.geolocation_city,campinal,campinal
geolocation.geolocation_city,campinapolis,campinapolis
geolocation.geolocation_city,campinas,campinas
geolocation.geolocation_city,campinas do piaui,campinas do piaui
geolocation.geolocation_city,campinas do piauí,campinas do piaui
geolocation.geolocation_city,campinas do sul,campinas do sul
geolocation.geolocation_city,campinaçu,campinacu
geolocation.geolocation_city,campinorte,campinorte
geolocation.geolocation_city,campinápolis,campinapolis
geolocation.geolocation_city,campo alegre,campo alegre
geolocation.geolocation_city,campo alegre de goias,campo alegre de goias
geolocation.geolocation_city,campo alegre de lourdes,campo alegre de lourdes
geolocation.geolocation_city,"campo alegre de lourdes, bahia, brasil",campo alegre de lourdes bahia brasil
geolocation.geolocation_city,campo alegre de minas,campo alegre de minas
geolocation.geolocation_city,campo alegre do fidalgo,campo alegre do fidalgo
geolocation.geolocation_city,campo azul,campo azul
geolocation.geolocation_city,campo belo,campo belo
geolocation.geolocation_city,campo belo do sul,campo belo do sul
geolocation.geolocation_city,campo bom,campo bom
geolocation.geolocation_city,campo bonito,campo bonito
geolocation.geolocation_city,campo do brito,campo do brito
geolocation.geolocation_city,campo do meio,campo do meio
geolocation.geolocation_city,campo do tenente,campo do tenente
geolocation.geolocation_city,campo ere,campo ere
geolocation.geolocation_city,campo erê,campo ere
geolocation.geolocation_city,campo florido,campo florido
geolocation.geolocation_city,campo formoso,campo formoso
geolocation.geolocation_city,campo grande,campo grande
geolocation.geolocation_city,campo grande do piaui,campo grande do piaui
geolocation.geolocation_city,campo grande do piauí,campo grande do piaui
geolocation.geolocation_city,campo largo,campo largo
geolocation.geolocation_city,campo limpo de goias,campo limpo de goias
geolocation.geolocation_city,campo limpo paulista,campo limpo paulista
geolocation.geolocation_city,campo magro,campo magro
geolocation.geolocation_city,campo maior,campo maior
geolocation.geolocation_city,campo mourao,campo mourao
geolocation.geolocation_city,campo mourão,campo mourao
geolocation.geolocation_city,campo novo,campo novo
geolocation.geolocation_city,campo novo de rondonia,campo novo de rondonia
geolocation.geolocation_city,campo novo de rondônia,campo novo de rondonia
geolocation.geolocation_city,campo novo do parecis,campo novo do parecis
geolocation.geolocation_city,campo redondo,campo redondo
geolocation.geolocation_city,campo verde,campo verde
geolocation.geolocation_city,campos altos,campos altos
geolocation.geolocation_city,campos belos,campos belos
geolocation.geolocation_city,campos borges,campos borges
geolocation.geolocation_city,campos de cunha,campos de cunha
geolocation.geolocation_city,campos de julio,campos de julio
geolocation.geolocation_city,campos de júlio,campos de julio
geolocation.geolocation_city,campos do jordao,campos do jordao
geolocation.geolocation_city,campos do jordão,campos do jordao
geolocation.geolocation_city,campos dos goytacaze,campos dos goytacaze
geolocation.geolocation_city,campos dos goytacazes,campos dos goytacazes
geolocation.geolocation_city,campos gerais,campos gerais
geolocation.geolocation_city,campos lindos,campos lindos
geolocation.geolocation_city,campos novos,campos novos
geolocation.geolocation_city,campos novos paulista,campos novos paulista
geolocation.geolocation_city,campos sales,campos sales
geolocation.geolocation_city,campos verdes,campos verdes
geolocation.geolocation_city,camutanga,camutanga
geolocation.geolocation_city,cana verde,cana verde
geolocation.geolocation_city,canaa,canaa
geolocation.geolocation_city,canaa dos carajas,canaa dos carajas
geolocation.geolocation_city,canabrava,canabrava
geolocation.geolocation_city,canabrava do norte,canabrava do norte
geolocation.geolocation_city,cananeia,cananeia
geolocation.geolocation_city,cananéia,cananeia
geolocation.geolocation_city,canapi,canapi
geolocation.geolocation_city,canapolis,canapolis
geolocation.geolocation_city,canarana,canarana
geolocation.geolocation_city,canas,canas
geolocation.geolocation_city,canavieiras,canavieiras
geolocation.geolocation_city,canaã,canaa
geolocation.geolocation_city,canaã dos carajás,canaa dos carajas
geolocation.geolocation_city,candangolandia,candangolandia
geolocation.geolocation_city,candangolândia,candangolandia
geolocation.geolocation_city,candeal,candeal
geolocation.geolocation_city,candeias,candeias
geolocation.geolocation_city,candeias do jamari,candeias do jamari
geolocation.geolocation_city,candelaria,candelaria
geolocation.geolocation_city,candelária,candelaria
geolocation.geolocation_city,candia,candia
geolocation.geolocation_city,candiba,candiba
geolocation.geolocation_city,candido de abreu,candido de abreu
geolocation.geolocation_city,candido godoi,candido godoi
geolocation.geolocation_city,candido mendes,candido mendes
geolocation.geolocation_city,candido mota,candido mota
geolocation.geolocation_city,candido rodrigues,candido rodrigues
geolocation.geolocation_city,candido sales,candido sales
geolocation.geolocation_city,candiota,candiota
geolocation.geolocation_city,candoi,candoi
geolocation.geolocation_city,candói,candoi
geolocation.geolocation_city,canela,canela
geolocation.geolocation_city,canelinha,canelinha
geolocation.geolocation_city,cangas,cangas
geolocation.geolocation_city,canguaretama,canguaretama
geolocation.geolocation_city,cangucu,cangucu
geolocation.geolocation_city,canguçu,cangucu
geolocation.geolocation_city,canhoba,canhoba
geolocation.geolocation_city,canhotinho,canhotinho
geolocation.geolocation_city,caninde,caninde
geolocation.geolocation_city,caninde de sao francisco,caninde de sao francisco
geolocation.geolocation_city,canindé,caninde
geolocation.geolocation_city,canindé de são francisco,caninde de sao francisco
geolocation.geolocation_city,canitar,canitar
geolocation.geolocation_city,canoas,canoas
geolocation.geolocation_city,canoinhas,canoinhas
geolocation.geolocation_city,cansancao,cansancao
geolocation.geolocation_city,cansanção,cansancao
geolocation.geolocation_city,cantagalo,cantagalo
geolocation.geolocation_city,cantanhede,cantanhede
geolocation.geolocation_city,canto do buriti,canto do buriti
geolocation.geolocation_city,canudos,canudos
geolocation.geolocation_city,canudos do vale,canudos do vale
geolocation.geolocation_city,canutama,canutama
geolocation.geolocation_city,canápolis,canapolis
geolocation.geolocation_city,capanema,capanema
geolocation.geolocation_city,capao alto,capao alto
geolocation.geolocation_city,capao bonito,capao bonito
geolocation.geolocation_city,capao da canoa,capao da canoa
geolocation.geolocation_city,capao da porteira,capao da porteira
geolocation.geolocation_city,capao do cipo,capao do cipo
geolocation.geolocation_city,capao do leao,capao do leao
geolocation.geolocation_city,capao novo,capao novo
geolocation.geolocation_city,caparao,caparao
geolocation.geolocation_city,caparaó,caparao
geolocation.geolocation_city,capela,capela
geolocation.geolocation_city,capela de santana,capela de santana
geolocation.geolocation_city,capela do alto,capela do alto
geolocation.geolocation_city,capela do alto alegre,capela do alto alegre
geolocation.geolocation_city,capela nova,capela nova
geolocation.geolocation_city,capelinha,capelinha
geolocation.geolocation_city,capetinga,capetinga
geolocation.geolocation_city,capim,capim
geolocation.geolocation_city,capim branco,capim branco
geolocation.geolocation_city,capim grosso,capim grosso
geolocation.geolocation_city,capinopolis,capinopolis
geolocation.geolocation_city,capinzal,capinzal
geolocation.geolocation_city,capinzal do norte,capinzal do norte
geolocation.geolocation_city,capinópolis,capinopolis
geolocation.geolocation_city,capistrano,capistrano
geolocation.geolocation_city,capitao,capitao
geolocation.geolocation_city,capitao andrade,capitao andrade
geolocation.geolocation_city,capitao de campos,capitao de campos
geolocation.geolocation_city,capitao eneas,capitao eneas
geolocation.geolocation_city,capitao gervasio oliveira,capitao gervasio oliveira
geolocation.geolocation_city,capitao leonidas marques,capitao leonidas marques
geolocation.geolocation_city,capitao poco,capitao poco
geolocation.geolocation_city,capitolio,capitolio
geolocation.geolocation_city,capitão,capitao
geolocation.geolocation_city,capitão andrade,capitao andrade
geolocation.geolocation_city,capitão de campos,capitao de campos
geolocation.geolocation_city,capitão enéas,capitao eneas
geolocation.geolocation_city,capitão gervásio oliveira,capitao gervasio oliveira
geolocation.geolocation_city,capitão leônidas marques,capitao leonidas marques
geolocation.geolocation_city,capitão poço,capitao poco
geolocation.geolocation_city,capitólio,capitolio
geolocation.geolocation_city,capivari,capivari
geolocation.geolocation_city,capivari de baixo,capivari de baixo
geolocation.geolocation_city,capivari do sul,capivari do sul
geolocation.geolocation_city,capixaba,capixaba
geolocation.geolocation_city,capoeiras,capoeiras
geolocation.geolocation_city,caponga,caponga
geolocation.geolocation_city,caporanga,caporanga
geolocation.geolocation_city,caputira,caputira
geolocation.geolocation_city,capão bonito,capao bonito
geolocation.geolocation_city,capão da canoa,capao da canoa
geolocation.geolocation_city,capão do cipó,capao do cipo
geolocation.geolocation_city,capão do leão,capao do leao
geolocation.geolocation_city,caraa,caraa
geolocation.geolocation_city,carabucu,carabucu
geolocation.geolocation_city,carabuçu,carabucu
geolocation.geolocation_city,caracarai,caracarai
geolocation.geolocation_city,caracaraí,caracarai
geolocation.geolocation_city,caracol,caracol
geolocation.geolocation_city,caraguatatuba,caraguatatuba
geolocation.geolocation_city,carai,carai
geolocation.geolocation_city,caraiba,caraiba
geolocation.geolocation_city,caraibas,caraibas
geolocation.geolocation_city,carajas,carajas
geolocation.geolocation_city,carambei,carambei
geolocation.geolocation_city,carambeí,carambei
geolocation.geolocation_city,caranaiba,caranaiba
geolocation.geolocation_city,caranaíba,caranaiba
geolocation.geolocation_city,carandai,carandai
geolocation.geolocation_city,carandaí,carandai
geolocation.geolocation_city,carangola,carangola
geolocation.geolocation_city,carapebus,carapebus
geolocation.geolocation_city,carapicuiba,carapicuiba
geolocation.geolocation_city,carapicuíba,carapicuiba
geolocation.geolocation_city,caratinga,caratinga
geolocation.geolocation_city,carauari,carauari
geolocation.geolocation_city,caraubas,caraubas
geolocation.geolocation_city,caraubas do piaui,caraubas do piaui
geolocation.geolocation_city,caravelas,caravelas
geolocation.geolocation_city,carazinho,carazinho
geolocation.geolocation_city,caraá,caraa
geolocation.geolocation_city,caraí,carai
geolocation.geolocation_city,caraíbas,caraibas
geolocation.geolocation_city,caraúbas,caraubas
geolocation.geolocation_city,carbonita,carbonita
geolocation.geolocation_city,cardeal,cardeal
geolocation.geolocation_city,cardeal da silva,cardeal da silva
geolocation.geolocation_city,cardoso,cardoso
geolocation.geolocation_city,cardoso moreira,cardoso moreira
geolocation.geolocation_city,careacu,careacu
geolocation.geolocation_city,careaçu,careacu
geolocation.geolocation_city,careiro,careiro
geolocation.geolocation_city,careiro da varzea,careiro da varzea
geolocation.geolocation_city,cariacica,cariacica
geolocation.geolocation_city,caridade,caridade
geolocation.geolocation_city,caridade do piaui,caridade do piaui
geolocation.geolocation_city,caridade do piauí,caridade do piaui
geolocation.geolocation_city,carinhanha,carinhanha
geolocation.geolocation_city,carira,carira
geolocation.geolocation_city,carire,carire
geolocation.geolocation_city,cariri do tocantins,cariri do tocantins
geolocation.geolocation_city,caririacu,caririacu
geolocation.geolocation_city,caririaçu,caririacu
geolocation.geolocation_city,cariré,carire
geolocation.geolocation_city,carius,carius
geolocation.geolocation_city,cariús,carius
geolocation.geolocation_city,carlinda,carlinda
geolocation.geolocation_city,carlopolis,carlopolis
geolocation.geolocation_city,carlos barbosa,carlos barbosa
geolocation.geolocation_city,carlos chagas,carlos chagas
geolocation.geolocation_city,carlos gomes,carlos gomes
geolocation.geolocation_city,carlópolis,carlopolis
geolocation.geolocation_city,carmesia,carmesia
geolocation.geolocation_city,carmo,carmo
geolocation.geolocation_city,carmo da cachoeira,carmo da cachoeira
geolocation.geolocation_city,carmo da mata,carmo da mata
geolocation.geolocation_city,carmo de minas,carmo de minas
geolocation.geolocation_city,carmo do cajuru,carmo do cajuru
geolocation.geolocation_city,carmo do paranaiba,carmo do paranaiba
geolocation.geolocation_city,carmo do paranaíba,carmo do paranaiba
geolocation.geolocation_city,carmo do rio claro,carmo do rio claro
geolocation.geolocation_city,carmo do rio verde,carmo do rio verde
geolocation.geolocation_city,carmolandia,carmolandia
geolocation.geolocation_city,carmopolis,carmopolis
geolocation.geolocation_city,carmopolis de minas,carmopolis de minas
geolocation.geolocation_city,carmésia,carmesia
geolocation.geolocation_city,carmópolis,carmopolis
geolocation.geolocation_city,carmópolis de minas,carmopolis de minas
geolocation.geolocation_city,carnaiba,carnaiba
geolocation.geolocation_city,carnaiba do sertao,carnaiba do sertao
geolocation.geolocation_city,carnauba dos dantas,carnauba dos dantas
geolocation.geolocation_city,carnaubais,carnaubais
geolocation.geolocation_city,carnaubal,carnaubal
geolocation.geolocation_city,carnaubeira da penha,carnaubeira da penha
geolocation.geolocation_city,carnaíba,carnaiba
geolocation.geolocation_city,carnaúba dos dantas,carnauba dos dantas
geolocation.geolocation_city,carneirinho,carneirinho
geolocation.geolocation_city,carneiros,carneiros
geolocation.geolocation_city,caroebe,caroebe
geolocation.geolocation_city,carolina,carolina
geolocation.geolocation_city,carpina,carpina
geolocation.geolocation_city,carrancas,carrancas
geolocation.geolocation_city,carrapateira,carrapateira
geolocation.geolocation_city,caruara,caruara
geolocation.geolocation_city,caruaru,caruaru
geolocation.geolocation_city,carutapera,carutapera
geolocation.geolocation_city,carvalhopolis,carvalhopolis
geolocation.geolocation_city,carvalhos,carvalhos
geolocation.geolocation_city,carvalhópolis,carvalhopolis
geolocation.geolocation_city,casa branca,casa branca
geolocation.geolocation_city,casa grande,casa grande
geolocation.geolocation_city,casa nova,casa nova
geolocation.geolocation_city,casca,casca
geolocation.geolocation_city,cascalho rico,cascalho rico
geolocation.geolocation_city,cascavel,cascavel
geolocation.geolocation_city,caseara,caseara
geolocation.geolocation_city,caseiros,caseiros
geolocation.geolocation_city,casimiro de abreu,casimiro de abreu
geolocation.geolocation_city,casinhas,casinhas
geolocation.geolocation_city,casserengue,casserengue
geolocation.geolocation_city,cassia,cassia
geolocation.geolocation_city,cassia dos coqueiros,cassia dos coqueiros
geolocation.geolocation_city,cassilandia,cassilandia
geolocation.geolocation_city,cassilândia,cassilandia
geolocation.geolocation_city,castanhal,castanhal
geolocation.geolocation_city,castanheira,castanheira
geolocation.geolocation_city,castanheiras,castanheiras
geolocation.geolocation_city,castelandia,castelandia
geolocation.geolocation_city,castelo,castelo
geolocation.geolocation_city,castelo do piaui,castelo do piaui
geolocation.geolocation_city,castelo do piauí,castelo do piaui
geolocation.geolocation_city,castelo dos sonhos,castelo dos sonhos
geolocation.geolocation_city,castelândia,castelandia
geolocation.geolocation_city,castilho,castilho
geolocation.geolocation_city,castro,castro
geolocation.geolocation_city,castro alves,castro alves
geolocation.geolocation_city,cataguarino,cataguarino
geolocation.geolocation_city,cataguases,cataguases
geolocation.geolocation_city,catalao,catalao
geolocation.geolocation_city,catalão,catalao
geolocation.geolocation_city,catanduva,catanduva
geolocation.geolocation_city,catanduvas,catanduvas
geolocation.geolocation_city,catarina,catarina
geolocation.geolocation_city,catas altas,catas altas
geolocation.geolocation_city,catas altas da noruega,catas altas da noruega
geolocation.geolocation_city,catende,catende
geolocation.geolocation_city,catigua,catigua
geolocation.geolocation_city,catiguá,catigua
geolocation.geolocation_city,catingal,catingal
geolocation.geolocation_city,catingueira,catingueira
geolocation.geolocation_city,catole do rocha,catole do rocha
geolocation.geolocation_city,catolândia,catolandia
geolocation.geolocation_city,catolé do rocha,catole do rocha
geolocation.geolocation_city,catu,catu
geolocation.geolocation_city,catu de abrantes,catu de abrantes
geolocation.geolocation_city,catucaba,catucaba
geolocation.geolocation_city,catuipe,catuipe
geolocation.geolocation_city,catuji,catuji
geolocation.geolocation_city,catunda,catunda
geolocation.geolocation_city,catune,catune
geolocation.geolocation_city,catuni,catuni
geolocation.geolocation_city,caturai,caturai
geolocation.geolocation_city,caturama,caturama
geolocation.geolocation_city,caturaí,caturai
geolocation.geolocation_city,catuti,catuti
geolocation.geolocation_city,catuípe,catuipe
geolocation.geolocation_city,caucaia,caucaia
geolocation.geolocation_city,cavalcante,cavalcante
geolocation.geolocation_city,caxambu,caxambu
geolocation.geolocation_city,caxambu do sul,caxambu do sul
geolocation.geolocation_city,caxias,caxias
geolocation.geolocation_city,caxias do sul,caxias do sul
geolocation.geolocation_city,caxingo,caxingo
geolocation.geolocation_city,caçador,cacador
geolocation.geolocation_city,caçapava,cacapava
geolocation.geolocation_city,caçapava do sul,cacapava do sul
geolocation.geolocation_city,caçarema,cacarema
geolocation.geolocation_city,caçu,cacu
geolocation.geolocation_city,caém,caem
geolocation.geolocation_city,ceara mirim,ceara mirim
geolocation.geolocation_city,ceara-mirim,ceara mirim
geolocation.geolocation_city,ceará-mirim,ceara mirim
geolocation.geolocation_city,cedral,cedral
geolocation.geolocation_city,cedro,cedro
geolocation.geolocation_city,cedro de sao joao,cedro de sao joao
geolocation.geolocation_city,cedro de são joão,cedro de sao joao
geolocation.geolocation_city,cedro do abaete,cedro do abaete
geolocation.geolocation_city,ceilandia,ceilandia
geolocation.geolocation_city,ceilandia norte,ceilandia norte
geolocation.geolocation_city,ceilândia,ceilandia
geolocation.geolocation_city,celina,celina
geolocation.geolocation_city,celso ramos,celso ramos
geolocation.geolocation_city,centenario,centenario
geolocation.geolocation_city,centenario do sul,centenario do sul
geolocation.geolocation_city,centenário do sul,centenario do sul
geolocation.geolocation_city,central,central
geolocation.geolocation_city,central de minas,central de minas
geolocation.geolocation_city,central de santa helena,central de santa helena
geolocation.geolocation_city,central do maranhao,central do maranhao
geolocation.geolocation_city,centralina,centralina
geolocation.geolocation_city,centro do guilherme,centro do guilherme
geolocation.geolocation_city,centro novo do maranhao,centro novo do maranhao
geolocation.geolocation_city,centro novo do maranhão,centro novo do maranhao
geolocation.geolocation_city,cerejeiras,cerejeiras
geolocation.geolocation_city,ceres,ceres
geolocation.geolocation_city,cerqueira cesar,cerqueira cesar
geolocation.geolocation_city,cerqueira césar,cerqueira cesar
geolocation.geolocation_city,cerquilho,cerquilho
geolocation.geolocation_city,cerrito,cerrito
geolocation.geolocation_city,cerro azul,cerro azul
geolocation.geolocation_city,cerro branco,cerro branco
geolocation.geolocation_city,cerro cora,cerro cora
geolocation.geolocation_city,cerro corá,cerro cora
geolocation.geolocation_city,cerro grande,cerro grande
geolocation.geolocation_city,cerro grande do sul,cerro grande do sul
geolocation.geolocation_city,cerro largo,cerro largo
geolocation.geolocation_city,cerro negro,cerro negro
geolocation.geolocation_city,cesario lange,cesario lange
geolocation.geolocation_city,cesário lange,cesario lange
geolocation.geolocation_city,ceu azul,ceu azul
geolocation.geolocation_city,cezarina,cezarina
geolocation.geolocation_city,cha de alegria,cha de alegria
geolocation.geolocation_city,cha grande,cha grande
geolocation.geolocation_city,cha preta,cha preta
geolocation.geolocation_city,chacara,chacara
geolocation.geolocation_city,chale,chale
geolocation.geolocation_city,chalé,chale
geolocation.geolocation_city,chapada,chapada
geolocation.geolocation_city,chapada da natividade,chapada da natividade
geolocation.geolocation_city,chapada do norte,chapada do norte
geolocation.geolocation_city,chapada dos guimaraes,chapada dos guimaraes
geolocation.geolocation_city,chapada dos guimarães,chapada dos guimaraes
geolocation.geolocation_city,chapada gaucha,chapada gaucha
geolocation.geolocation_city,chapada gaúcha,chapada gaucha
geolocation.geolocation_city,chapadao do ceu,chapadao do ceu
geolocation.geolocation_city,chapadao do lageado,chapadao do lageado
geolocation.geolocation_city,chapadao do sul,chapadao do sul
geolocation.geolocation_city,chapadinha,chapadinha
geolocation.geolocation_city,chapadão do céu,chapadao do ceu
geolocation.geolocation_city,chapadão do lageado,chapadao do lageado
geolocation.geolocation_city,chapadão do sul,chapadao do sul
geolocation.geolocation_city,chapeco,chapeco
geolocation.geolocation_city,chapecó,chapeco
geolocation.geolocation_city,charqueada,charqueada
geolocation.geolocation_city,charqueadas,charqueadas
geolocation.geolocation_city,charrua,charrua
geolocation.geolocation_city,chaval,chaval
geolocation.geolocation_city,chavantes,chavantes
geolocation.geolocation_city,chaveslandia,chaveslandia
geolocation.geolocation_city,chiador,chiador
geolocation.geolocation_city,chiapetta,chiapetta
geolocation.geolocation_city,chonim,chonim
geolocation.geolocation_city,chopinzinho,chopinzinho
geolocation.geolocation_city,chorozinho,chorozinho
geolocation.geolocation_city,chorrocho,chorrocho
geolocation.geolocation_city,chorrochó,chorrocho
geolocation.geolocation_city,chui,chui
geolocation.geolocation_city,chupinguaia,chupinguaia
geolocation.geolocation_city,chuvisca,chuvisca
geolocation.geolocation_city,chuí,chui
geolocation.geolocation_city,chácara,chacara
geolocation.geolocation_city,chã de alegria,cha de alegria
geolocation.geolocation_city,chã grande,cha grande
geolocation.geolocation_city,chã preta,cha preta
geolocation.geolocation_city,cianorte,cianorte
geolocation.geolocation_city,cicero dantas,cicero dantas
geolocation.geolocation_city,cidade gaucha,cidade gaucha
geolocation.geolocation_city,cidade gaúcha,cidade gaucha
geolocation.geolocation_city,cidade ocidental,cidade ocidental
geolocation.geolocation_city,cidelandia,cidelandia
geolocation.geolocation_city,cidreira,cidreira
geolocation.geolocation_city,cipo,cipo
geolocation.geolocation_city,cipolandia,cipolandia
geolocation.geolocation_city,cipotanea,cipotanea
geolocation.geolocation_city,cipotânea,cipotanea
geolocation.geolocation_city,cipó,cipo
geolocation.geolocation_city,ciriaco,ciriaco
geolocation.geolocation_city,ciríaco,ciriaco
geolocation.geolocation_city,cisneiros,cisneiros
geolocation.geolocation_city,claraval,claraval
geolocation.geolocation_city,claro dos pocoes,claro dos pocoes
geolocation.geolocation_city,claro dos poções,claro dos pocoes
geolocation.geolocation_city,claudia,claudia
geolocation.geolocation_city,claudio,claudio
geolocation.geolocation_city,claudio manuel,claudio manuel
geolocation.geolocation_city,clementina,clementina
geolocation.geolocation_city,clevelandia,clevelandia
geolocation.geolocation_city,clevelandia do norte,clevelandia do norte
geolocation.geolocation_city,clevelândia,clevelandia
geolocation.geolocation_city,clevelândia do norte,clevelandia do norte
geolocation.geolocation_city,cláudia,claudia
geolocation.geolocation_city,cláudio,claudio
geolocation.geolocation_city,coaraci,coaraci
geolocation.geolocation_city,coari,coari
geolocation.geolocation_city,cocais,cocais
geolocation.geolocation_city,cocal,cocal
geolocation.geolocation_city,cocal de telha,cocal de telha
geolocation.geolocation_city,cocal do sul,cocal do sul
geolocation.geolocation_city,cocal dos alves,cocal dos alves
geolocation.geolocation_city,cocalinho,cocalinho
geolocation.geolocation_city,cocalzinho de goias,cocalzinho de goias
geolocation.geolocation_city,cocalzinho de goiás,cocalzinho de goias
geolocation.geolocation_city,cocos,cocos
geolocation.geolocation_city,codajas,codajas
geolocation.geolocation_city,codajás,codajas
geolocation.geolocation_city,codo,codo
geolocation.geolocation_city,codó,codo
geolocation.geolocation_city,coelho neto,coelho neto
geolocation.geolocation_city,coimbra,coimbra
geolocation.geolocation_city,coite do noia,coite do noia
geolocation.geolocation_city,coivaras,coivaras
geolocation.geolocation_city,colares,colares
geolocation.geolocation_city,colatina,colatina
geolocation.geolocation_city,colider,colider
geolocation.geolocation_city,colina,colina
geolocation.geolocation_city,colinas,colinas
geolocation.geolocation_city,colinas do sul,colinas do sul
geolocation.geolocation_city,colinas do tocantins,colinas do tocantins
geolocation.geolocation_city,colmeia,colmeia
geolocation.geolocation_city,colméia,colmeia
geolocation.geolocation_city,colniza,colniza
geolocation.geolocation_city,colombia,colombia
geolocation.geolocation_city,colombo,colombo
geolocation.geolocation_city,colonia,colonia
geolocation.geolocation_city,colonia castrolanda,colonia castrolanda
geolocation.geolocation_city,colonia do gurgueia,colonia do gurgueia
geolocation.geolocation_city,colonia do piaui,colonia do piaui
geolocation.geolocation_city,colonia leopoldina,colonia leopoldina
geolocation.geolocation_city,colonia nova,colonia nova
geolocation.geolocation_city,colonia vitoria,colonia vitoria
geolocation.geolocation_city,colonia z-3,colonia z 3
geolocation.geolocation_city,colorado,colorado
geolocation.geolocation_city,colorado do norte,colorado do norte
geolocation.geolocation_city,colorado do oeste,colorado do oeste
geolocation.geolocation_city,coluna,coluna
geolocation.geolocation_city,colíder,colider
geolocation.geolocation_city,colômbia,colombia
geolocation.geolocation_city,colônia,colonia
geolocation.geolocation_city,colônia do gurguéia,colonia do gurgueia
geolocation.geolocation_city,colônia do piauí,colonia do piaui
geolocation.geolocation_city,colônia leopoldina,colonia leopoldina
geolocation.geolocation_city,colônia nova,colonia nova
geolocation.geolocation_city,colônia vitória,colonia vitoria
geolocation.geolocation_city,colônia z-3,colonia z 3
geolocation.geolocation_city,combinado,combinado
geolocation.geolocation_city,comendador gomes,comendador gomes
geolocation.geolocation_city,comendador levy gasparian,comendador levy gasparian
geolocation.geolocation_city,comendador venancio,comendador venancio
geolocation.geolocation_city,comercinho,comercinho
geolocation.geolocation_city,comodoro,comodoro
geolocation.geolocation_city,conceicao,conceicao
geolocation.geolocation_city,conceicao da aparecida,conceicao da aparecida
geolocation.geolocation_city,conceicao da barra,conceicao da barra
geolocation.geolocation_city,conceicao da barra de minas,conceicao da barra de minas
geolocation.geolocation_city,conceicao da feira,conceicao da feira
geolocation.geolocation_city,conceicao da ibitipoca,conceicao da ibitipoca
geolocation.geolocation_city,conceicao das alagoas,conceicao das alagoas
geolocation.geolocation_city,conceicao das pedras,conceicao das pedras
geolocation.geolocation_city,conceicao de ipanema,conceicao de ipanema
geolocation.geolocation_city,conceicao de jacarei,conceicao de jacarei
geolocation.geolocation_city,conceicao de macabu,conceicao de macabu
geolocation.geolocation_city,conceicao do almeida,conceicao do almeida
geolocation.geolocation_city,conceicao do araguaia,conceicao do araguaia
geolocation.geolocation_city,conceicao do caninde,conceicao do caninde
geolocation.geolocation_city,conceicao do capim,conceicao do capim
geolocation.geolocation_city,conceicao do castelo,conceicao do castelo
geolocation.geolocation_city,conceicao do coite,conceicao do coite
geolocation.geolocation_city,conceicao do jacuipe,conceicao do jacuipe
geolocation.geolocation_city,conceicao do lago-acu,conceicao do lago acu
geolocation.geolocation_city,conceicao do mato dentro,conceicao do mato dentro
geolocation.geolocation_city,conceicao do para,conceicao do para
geolocation.geolocation_city,conceicao do rio verde,conceicao do rio verde
geolocation.geolocation_city,conceicao do tocantins,conceicao do tocantins
geolocation.geolocation_city,conceicao dos ouros,conceicao dos ouros
geolocation.geolocation_city,conceição,conceicao
geolocation.geolocation_city,conceição da aparecida,conceicao da aparecida
geolocation.geolocation_city,conceição da barra,conceicao da barra
geolocation.geolocation_city,conceição da barra de minas,conceicao da barra de minas
geolocation.geolocation_city,conceição da feira,conceicao da feira
geolocation.geolocation_city,conceição das alagoas,conceicao das alagoas
geolocation.geolocation_city,conceição das pedras,conceicao das pedras
geolocation.geolocation_city,conceição de jacareí,conceicao de jacarei
geolocation.geolocation_city,conceição de macabu,conceicao de macabu
geolocation.geolocation_city,conceição de tronqueiras,conceicao de tronqueiras
geolocation.geolocation_city,conceição do almeida,conceicao do almeida
geolocation.geolocation_city,conceição do araguaia,conceicao do araguaia
geolocation.geolocation_city,conceição do capim,conceicao do capim
geolocation.geolocation_city,conceição do castelo,conceicao do castelo
geolocation.geolocation_city,conceição do coité,conceicao do coite
geolocation.geolocation_city,conceição do jacuípe,conceicao do jacuipe
geolocation.geolocation_city,conceição do lago-açu,conceicao do lago acu
geolocation.geolocation_city,conceição do mato dentro,conceicao do mato dentro
geolocation.geolocation_city,conceição do pará,conceicao do para
geolocation.geolocation_city,conceição do rio verde,conceicao do rio verde
geolocation.geolocation_city,conceição do tocantins,conceicao do tocantins
geolocation.geolocation_city,conceição dos ouros,conceicao dos ouros
geolocation.geolocation_city,conchal,conchal
geolocation.geolocation_city,conchas,conchas
geolocation.geolocation_city,concordia,concordia
geolocation.geolocation_city,concordia de mucuri,concordia de mucuri
geolocation.geolocation_city,concordia do para,concordia do para
geolocation.geolocation_city,concórdia,concordia
geolocation.geolocation_city,concórdia do pará,concordia do para
geolocation.geolocation_city,condado,condado
geolocation.geolocation_city,conde,conde
geolocation.geolocation_city,condeuba,condeuba
geolocation.geolocation_city,condeúba,condeuba
geolocation.geolocation_city,condor,condor
geolocation.geolocation_city,conduru,conduru
geolocation.geolocation_city,conego marinho,conego marinho
geolocation.geolocation_city,confins,confins
geolocation.geolocation_city,confresa,confresa
geolocation.geolocation_city,congo,congo
geolocation.geolocation_city,congonhal,congonhal
geolocation.geolocation_city,congonhas,congonhas
geolocation.geolocation_city,congonhas do norte,congonhas do norte
geolocation.geolocation_city,congonhinhas,congonhinhas
geolocation.geolocation_city,conquista,conquista
geolocation.geolocation_city,conquista d'oeste,conquista d oeste
geolocation.geolocation_city,conrado,conrado
geolocation.geolocation_city,conselheiro lafaiete,conselheiro lafaiete
geolocation.geolocation_city,conselheiro mairinck,conselheiro mairinck
geolocation.geolocation_city,conselheiro pena,conselheiro pena
geolocation.geolocation_city,conservatoria,conservatoria
geolocation.geolocation_city,conservatória,conservatoria
geolocation.geolocation_city,consolacao,consolacao
geolocation.geolocation_city,constantina,constantina
geolocation.geolocation_city,contagem,contagem
geolocation.geolocation_city,contenda,contenda
geolocation.geolocation_city,contendas do sincora,contendas do sincora
geolocation.geolocation_city,contendas do sincorá,contendas do sincora
geolocation.geolocation_city,coqueiral,coqueiral
geolocation.geolocation_city,coqueiro baixo,coqueiro baixo
geolocation.geolocation_city,coqueiro seco,coqueiro seco
geolocation.geolocation_city,coqueiros do sul,coqueiros do sul
geolocation.geolocation_city,coracao de jesus,coracao de jesus
geolocation.geolocation_city,coracao de maria,coracao de maria
geolocation.geolocation_city,coração de jesus,coracao de jesus
geolocation.geolocation_city,coração de maria,coracao de maria
geolocation.geolocation_city,corbelia,corbelia
geolocation.geolocation_city,corbélia,corbelia
geolocation.geolocation_city,cordeiro,cordeiro
geolocation.geolocation_city,cordeiropolis,cordeiropolis
geolocation.geolocation_city,cordeiros,cordeiros
geolocation.geolocation_city,cordeirópolis,cordeiropolis
geolocation.geolocation_city,cordilheira alta,cordilheira alta
geolocation.geolocation_city,cordisburgo,cordisburgo
geolocation.geolocation_city,cordislandia,cordislandia
geolocation.geolocation_city,coreau,coreau
geolocation.geolocation_city,coreaú,coreau
geolocation.geolocation_city,coremas,coremas
geolocation.geolocation_city,corguinho,corguinho
geolocation.geolocation_city,coribe,coribe
geolocation.geolocation_city,corinto,corinto
geolocation.geolocation_city,cornelio procopio,cornelio procopio
geolocation.geolocation_city,cornélio procópio,cornelio procopio
geolocation.geolocation_city,coroaci,coroaci
geolocation.geolocation_city,coroados,coroados
geolocation.geolocation_city,coroata,coroata
geolocation.geolocation_city,coroatá,coroata
geolocation.geolocation_city,coromandel,coromandel
geolocation.geolocation_city,coronel barros,coronel barros
geolocation.geolocation_city,coronel bicaco,coronel bicaco
geolocation.geolocation_city,coronel domingos soares,coronel domingos soares
geolocation.geolocation_city,coronel ezequiel,coronel ezequiel
geolocation.geolocation_city,coronel fabriciano,coronel fabriciano
geolocation.geolocation_city,coronel freitas,coronel freitas
geolocation.geolocation_city,coronel joao pessoa,coronel joao pessoa
geolocation.geolocation_city,coronel joao sa,coronel joao sa
geolocation.geolocation_city,coronel jose dias,coronel jose dias
geolocation.geolocation_city,coronel joão sá,coronel joao sa
geolocation.geolocation_city,coronel macedo,coronel macedo
geolocation.geolocation_city,coronel martins,coronel martins
geolocation.geolocation_city,coronel murta,coronel murta
geolocation.geolocation_city,coronel pacheco,coronel pacheco
geolocation.geolocation_city,coronel pilar,coronel pilar
geolocation.geolocation_city,coronel sapucaia,coronel sapucaia
geolocation.geolocation_city,coronel vivida,coronel vivida
geolocation.geolocation_city,coronel xavier chaves,coronel xavier chaves
geolocation.geolocation_city,corrego danta,corrego danta
geolocation.geolocation_city,corrego do bom jesus,corrego do bom jesus
geolocation.geolocation_city,corrego do ouro,corrego do ouro
geolocation.geolocation_city,corrego dos monos,corrego dos monos
geolocation.geolocation_city,corrego fundo,corrego fundo
geolocation.geolocation_city,corrego novo,corrego novo
geolocation.geolocation_city,correia de almeida,correia de almeida
geolocation.geolocation_city,correia pinto,correia pinto
geolocation.geolocation_city,corrente,corrente
geolocation.geolocation_city,correntes,correntes
geolocation.geolocation_city,correntina,correntina
geolocation.geolocation_city,correntinho,correntinho
geolocation.geolocation_city,cortado,cortado
geolocation.geolocation_city,cortes,cortes
geolocation.geolocation_city,cortês,cortes
geolocation.geolocation_city,corumba,corumba
geolocation.geolocation_city,corumba de goias,corumba de goias
geolocation.geolocation_city,corumbaiba,corumbaiba
geolocation.geolocation_city,corumbatai,corumbatai
geolocation.geolocation_city,corumbatai do sul,corumbatai do sul
geolocation.geolocation_city,corumbataí,corumbatai
geolocation.geolocation_city,corumbaíba,corumbaiba
geolocation.geolocation_city,corumbiara,corumbiara
geolocation.geolocation_city,corumbá,corumba
geolocation.geolocation_city,corumbá de goiás,corumba de goias
geolocation.geolocation_city,corupa,corupa
geolocation.geolocation_city,corupá,corupa
geolocation.geolocation_city,coruripe,coruripe
geolocation.geolocation_city,cosmopolis,cosmopolis
geolocation.geolocation_city,cosmorama,cosmorama
geolocation.geolocation_city,cosmópolis,cosmopolis
geolocation.geolocation_city,costa machado,costa machado
geolocation.geolocation_city,costa marques,costa marques
geolocation.geolocation_city,costa rica,costa rica
geolocation.geolocation_city,costas da mantiqueira,costas da mantiqueira
geolocation.geolocation_city,cotegipe,cotegipe
geolocation.geolocation_city,cotia,cotia
geolocation.geolocation_city,cotipora,cotipora
geolocation.geolocation_city,cotiporã,cotipora
geolocation.geolocation_city,cotriguacu,cotriguacu
geolocation.geolocation_city,cotriguaçu,cotriguacu
geolocation.geolocation_city,couto de magalhaes,couto de magalhaes
geolocation.geolocation_city,couto de magalhaes de minas,couto de magalhaes de minas
geolocation.geolocation_city,couto de magalhães,couto de magalhaes
geolocation.geolocation_city,couto de magalhães de minas,couto de magalhaes de minas
geolocation.geolocation_city,coxilha,coxilha
geolocation.geolocation_city,coxim,coxim
geolocation.geolocation_city,coxixola,coxixola
geolocation.geolocation_city,craibas,craibas
geolocation.geolocation_city,crateus,crateus
geolocation.geolocation_city,crateús,crateus
geolocation.geolocation_city,crato,crato
geolocation.geolocation_city,cravinhos,cravinhos
geolocation.geolocation_city,cravolandia,cravolandia
geolocation.geolocation_city,cravolândia,cravolandia
geolocation.geolocation_city,criciuma,criciuma
geolocation.geolocation_city,criciúma,criciuma
geolocation.geolocation_city,crisolia,crisolia
geolocation.geolocation_city,crisolita,crisolita
geolocation.geolocation_city,crisopolis,crisopolis
geolocation.geolocation_city,crissiumal,crissiumal
geolocation.geolocation_city,cristais,cristais
geolocation.geolocation_city,cristais paulista,cristais paulista
geolocation.geolocation_city,cristal,cristal
geolocation.geolocation_city,cristal do norte,cristal do norte
geolocation.geolocation_city,cristal do sul,cristal do sul
geolocation.geolocation_city,cristalandia,cristalandia
geolocation.geolocation_city,cristalandia do piaui,cristalandia do piaui
geolocation.geolocation_city,cristalia,cristalia
geolocation.geolocation_city,cristalina,cristalina
geolocation.geolocation_city,cristalândia do piauí,cristalandia do piaui
geolocation.geolocation_city,cristiano otoni,cristiano otoni
geolocation.geolocation_city,cristianopolis,cristianopolis
geolocation.geolocation_city,cristianópolis,cristianopolis
geolocation.geolocation_city,cristina,cristina
geolocation.geolocation_city,cristinapolis,cristinapolis
geolocation.geolocation_city,cristino castro,cristino castro
geolocation.geolocation_city,cristinápolis,cristinapolis
geolocation.geolocation_city,cristopolis,cristopolis
geolocation.geolocation_city,cristália,cristalia
geolocation.geolocation_city,cristópolis,cristopolis
geolocation.geolocation_city,crisópolis,crisopolis
geolocation.geolocation_city,crixas,crixas
geolocation.geolocation_city,crixas do tocantins,crixas do tocantins
geolocation.geolocation_city,crixás,crixas
geolocation.geolocation_city,croata,croata
geolocation.geolocation_city,croatá,croata
geolocation.geolocation_city,crominia,crominia
geolocation.geolocation_city,cromínia,crominia
geolocation.geolocation_city,crucilandia,crucilandia
geolocation.geolocation_city,crucilândia,crucilandia
geolocation.geolocation_city,cruz,cruz
geolocation.geolocation_city,cruz alta,cruz alta
geolocation.geolocation_city,cruz das almas,cruz das almas
geolocation.geolocation_city,cruz do espirito santo,cruz do espirito santo
geolocation.geolocation_city,cruz do espírito santo,cruz do espirito santo
geolocation.geolocation_city,cruz machado,cruz machado
geolocation.geolocation_city,cruzalia,cruzalia
geolocation.geolocation_city,cruzaltense,cruzaltense
geolocation.geolocation_city,cruzeiro,cruzeiro
geolocation.geolocation_city,cruzeiro da fortaleza,cruzeiro da fortaleza
geolocation.geolocation_city,cruzeiro do iguacu,cruzeiro do iguacu
geolocation.geolocation_city,cruzeiro do iguaçu,cruzeiro do iguacu
geolocation.geolocation_city,cruzeiro do norte,cruzeiro do norte
geolocation.geolocation_city,cruzeiro do oeste,cruzeiro do oeste
geolocation.geolocation_city,cruzeiro do sul,cruzeiro do sul
geolocation.geolocation_city,cruzes,cruzes
geolocation.geolocation_city,cruzeta,cruzeta
geolocation.geolocation_city,cruzilia,cruzilia
geolocation.geolocation_city,cruzmaltina,cruzmaltina
geolocation.geolocation_city,cruzália,cruzalia
geolocation.geolocation_city,cruzília,cruzilia
geolocation.geolocation_city,cubatao,cubatao
geolocation.geolocation_city,cubati,cubati
geolocation.geolocation_city,cubatão,cubatao
geolocation.geolocation_city,cuiaba,cuiaba
geolocation.geolocation_city,cuiaba paulista,cuiaba paulista
geolocation.geolocation_city,cuiabá,cuiaba
geolocation.geolocation_city,cuiabá paulista,cuiaba paulista
geolocation.geolocation_city,cuite,cuite
geolocation.geolocation_city,cuite de mamanguape,cuite de mamanguape
geolocation.geolocation_city,cuitegi,cuitegi
geolocation.geolocation_city,cuité,cuite
geolocation.geolocation_city,cujubim,cujubim
geolocation.geolocation_city,cumari,cumari
geolocation.geolocation_city,cumaru,cumaru
geolocation.geolocation_city,cumaru do norte,cumaru do norte
geolocation.geolocation_city,cumbe,cumbe
geolocation.geolocation_city,cumuruxatiba,cumuruxatiba
geolocation.geolocation_city,cunha,cunha
geolocation.geolocation_city,cunha pora,cunha pora
geolocation.geolocation_city,cunha porã,cunha pora
geolocation.geolocation_city,cunhatai,cunhatai
geolocation.geolocation_city,cuparaque,cuparaque
geolocation.geolocation_city,cupira,cupira
geolocation.geolocation_city,curaca,curaca
geolocation.geolocation_city,curaçá,curaca
geolocation.geolocation_city,curimata,curimata
geolocation.geolocation_city,curimatá,curimata
geolocation.geolocation_city,curionopolis,curionopolis
geolocation.geolocation_city,curionópolis,curionopolis
geolocation.geolocation_city,curitiba,curitiba
geolocation.geolocation_city,curitibanos,curitibanos
geolocation.geolocation_city,curiuva,curiuva
geolocation.geolocation_city,curiúva,curiuva
geolocation.geolocation_city,currais novos,currais novos
geolocation.geolocation_city,curral de cima,curral de cima
geolocation.geolocation_city,curral de dentro,curral de dentro
geolocation.geolocation_city,curral novo do piaui,curral novo do piaui
geolocation.geolocation_city,curralinho,curralinho
geolocation.geolocation_city,curralinhos,curralinhos
geolocation.geolocation_city,curua,curua
geolocation.geolocation_city,curuca,curuca
geolocation.geolocation_city,curumim,curumim
geolocation.geolocation_city,curupa,curupa
geolocation.geolocation_city,cururupu,cururupu
geolocation.geolocation_city,curuçá,curuca
geolocation.geolocation_city,curvelandia,curvelandia
geolocation.geolocation_city,curvelo,curvelo
geolocation.geolocation_city,curvelândia,curvelandia
geolocation.geolocation_city,custodia,custodia
geolocation.geolocation_city,custódia,custodia
geolocation.geolocation_city,cáceres,caceres
geolocation.geolocation_city,cássia,cassia
geolocation.geolocation_city,cássia dos coqueiros,cassia dos coqueiros
geolocation.geolocation_city,cândido de abreu,candido de abreu
geolocation.geolocation_city,cândido godói,candido godoi
geolocation.geolocation_city,cândido mendes,candido mendes
geolocation.geolocation_city,cândido mota,candido mota
geolocation.geolocation_city,cândido rodrigues,candido rodrigues
geolocation.geolocation_city,cândido sales,candido sales
geolocation.geolocation_city,céu azul,ceu azul
geolocation.geolocation_city,cícero dantas,cicero dantas
geolocation.geolocation_city,córrego danta,corrego danta
geolocation.geolocation_city,córrego do bom jesus,corrego do bom jesus
geolocation.geolocation_city,córrego do ouro,corrego do ouro
geolocation.geolocation_city,córrego dos monos,corrego dos monos
geolocation.geolocation_city,córrego novo,corrego novo
geolocation.geolocation_city,dalbergia,dalbergia
geolocation.geolocation_city,damianopolis,damianopolis
geolocation.geolocation_city,damianópolis,damianopolis
geolocation.geolocation_city,damiao,damiao
geolocation.geolocation_city,damião,damiao
geolocation.geolocation_city,damolandia,damolandia
geolocation.geolocation_city,darcinopolis,darcinopolis
geolocation.geolocation_city,dario meira,dario meira
geolocation.geolocation_city,datas,datas
geolocation.geolocation_city,david canabarro,david canabarro
geolocation.geolocation_city,davinopolis,davinopolis
geolocation.geolocation_city,davinópolis,davinopolis
geolocation.geolocation_city,delfim moreira,delfim moreira
geolocation.geolocation_city,delfinopolis,delfinopolis
geolocation.geolocation_city,delfinópolis,delfinopolis
geolocation.geolocation_city,delmiro gouveia,delmiro gouveia
geolocation.geolocation_city,delta,delta
geolocation.geolocation_city,demerval lobao,demerval lobao
geolocation.geolocation_city,denise,denise
geolocation.geolocation_city,deodapolis,deodapolis
geolocation.geolocation_city,deodápolis,deodapolis
geolocation.geolocation_city,deputado irapuan pinheiro,deputado irapuan pinheiro
geolocation.geolocation_city,derrubadas,derrubadas
geolocation.geolocation_city,descalvado,descalvado
geolocation.geolocation_city,descanso,descanso
geolocation.geolocation_city,descoberto,descoberto
geolocation.geolocation_city,desembargador otoni,desembargador otoni
geolocation.geolocation_city,deserto,deserto
geolocation.geolocation_city,desterro,desterro
geolocation.geolocation_city,desterro de entre rios,desterro de entre rios
geolocation.geolocation_city,desterro do melo,desterro do melo
geolocation.geolocation_city,dez de maio,dez de maio
geolocation.geolocation_city,dezesseis de novembro,dezesseis de novembro
geolocation.geolocation_city,diadema,diadema
geolocation.geolocation_city,diamante,diamante
geolocation.geolocation_city,diamante d  oeste,diamante d oeste
geolocation.geolocation_city,diamante d'oeste,diamante d oeste
geolocation.geolocation_city,diamante do norte,diamante do norte
geolocation.geolocation_city,diamante do sul,diamante do sul
geolocation.geolocation_city,diamantina,diamantina
geolocation.geolocation_city,diamantino,diamantino
geolocation.geolocation_city,dianopolis,dianopolis
geolocation.geolocation_city,dianópolis,dianopolis
geolocation.geolocation_city,dias d avila,dias d avila
geolocation.geolocation_city,dias d'avila,dias d avila
geolocation.geolocation_city,dias d'ávila,dias d avila
geolocation.geolocation_city,dias davila,dias davila
geolocation.geolocation_city,dias dávila,dias davila
geolocation.geolocation_city,dilermando de aguiar,dilermando de aguiar
geolocation.geolocation_city,diogo de vasconcelos,diogo de vasconcelos
geolocation.geolocation_city,dionisio,dionisio
geolocation.geolocation_city,dionisio cerqueira,dionisio cerqueira
geolocation.geolocation_city,dionísio,dionisio
geolocation.geolocation_city,dionísio cerqueira,dionisio cerqueira
geolocation.geolocation_city,diorama,diorama
geolocation.geolocation_city,dirce reis,dirce reis
geolocation.geolocation_city,dirceu arcoverde,dirceu arcoverde
geolocation.geolocation_city,divina pastora,divina pastora
geolocation.geolocation_city,divinesia,divinesia
geolocation.geolocation_city,divino,divino
geolocation.geolocation_city,divino das laranjeiras,divino das laranjeiras
geolocation.geolocation_city,divino de sao lourenco,divino de sao lourenco
geolocation.geolocation_city,divino de são lourenço,divino de sao lourenco
geolocation.geolocation_city,divino espirito santo,divino espirito santo
geolocation.geolocation_city,divino espírito santo,divino espirito santo
geolocation.geolocation_city,divinolandia,divinolandia
geolocation.geolocation_city,divinolandia de minas,divinolandia de minas
geolocation.geolocation_city,divinolândia,divinolandia
geolocation.geolocation_city,divinolândia de minas,divinolandia de minas
geolocation.geolocation_city,divinopolis,divinopolis
geolocation.geolocation_city,divinopolis de goias,divinopolis de goias
geolocation.geolocation_city,divinopolis do tocantins,divinopolis do tocantins
geolocation.geolocation_city,divinésia,divinesia
geolocation.geolocation_city,divinópolis,divinopolis
geolocation.geolocation_city,divinópolis de goiás,divinopolis de goias
geolocation.geolocation_city,divinópolis do tocantins,divinopolis do tocantins
geolocation.geolocation_city,divisa alegre,divisa alegre
geolocation.geolocation_city,divisa nova,divisa nova
geolocation.geolocation_city,divisopolis,divisopolis
geolocation.geolocation_city,divisópolis,divisopolis
geolocation.geolocation_city,dobrada,dobrada
geolocation.geolocation_city,dois corregos,dois corregos
geolocation.geolocation_city,dois córregos,dois corregos
geolocation.geolocation_city,dois de abril,dois de abril
geolocation.geolocation_city,dois irmaos,dois irmaos
geolocation.geolocation_city,dois irmaos das missoes,dois irmaos das missoes
geolocation.geolocation_city,dois irmaos do buriti,dois irmaos do buriti
geolocation.geolocation_city,dois irmaos do tocantins,dois irmaos do tocantins
geolocation.geolocation_city,dois irmãos,dois irmaos
geolocation.geolocation_city,dois irmãos das missões,dois irmaos das missoes
geolocation.geolocation_city,dois irmãos do buriti,dois irmaos do buriti
geolocation.geolocation_city,dois lajeados,dois lajeados
geolocation.geolocation_city,dois riachos,dois riachos
geolocation.geolocation_city,dois vizinhos,dois vizinhos
geolocation.geolocation_city,dolcinopolis,dolcinopolis
geolocation.geolocation_city,dolcinópolis,dolcinopolis
geolocation.geolocation_city,dom aquino,dom aquino
geolocation.geolocation_city,dom basilio,dom basilio
geolocation.geolocation_city,dom basílio,dom basilio
geolocation.geolocation_city,dom bosco,dom bosco
geolocation.geolocation_city,dom cavati,dom cavati
geolocation.geolocation_city,dom eliseu,dom eliseu
geolocation.geolocation_city,dom expedito lopes,dom expedito lopes
geolocation.geolocation_city,dom feliciano,dom feliciano
geolocation.geolocation_city,dom inocencio,dom inocencio
geolocation.geolocation_city,dom joaquim,dom joaquim
geolocation.geolocation_city,dom macedo costa,dom macedo costa
geolocation.geolocation_city,dom pedrito,dom pedrito
geolocation.geolocation_city,dom pedro,dom pedro
geolocation.geolocation_city,dom pedro de alcantara,dom pedro de alcantara
geolocation.geolocation_city,dom pedro de alcântara,dom pedro de alcantara
geolocation.geolocation_city,dom silverio,dom silverio
geolocation.geolocation_city,dom silvério,dom silverio
geolocation.geolocation_city,dom vicoso,dom vicoso
geolocation.geolocation_city,domelia,domelia
geolocation.geolocation_city,domingos martins,domingos martins
geolocation.geolocation_city,domingos mourao,domingos mourao
geolocation.geolocation_city,domingos mourão,domingos mourao
geolocation.geolocation_city,dona emma,dona emma
geolocation.geolocation_city,dona euzebia,dona euzebia
geolocation.geolocation_city,dona euzébia,dona euzebia
geolocation.geolocation_city,dona francisca,dona francisca
geolocation.geolocation_city,dona ines,dona ines
geolocation.geolocation_city,dona inês,dona ines
geolocation.geolocation_city,dorandia,dorandia
geolocation.geolocation_city,dores de campos,dores de campos
geolocation.geolocation_city,dores de guanhaes,dores de guanhaes
geolocation.geolocation_city,dores de guanhães,dores de guanhaes
geolocation.geolocation_city,dores do indaia,dores do indaia
geolocation.geolocation_city,dores do indaiá,dores do indaia
geolocation.geolocation_city,dores do paraibuna,dores do paraibuna
geolocation.geolocation_city,dores do rio preto,dores do rio preto
geolocation.geolocation_city,dores do turvo,dores do turvo
geolocation.geolocation_city,doresopolis,doresopolis
geolocation.geolocation_city,doresópolis,doresopolis
geolocation.geolocation_city,dormentes,dormentes
geolocation.geolocation_city,douradina,douradina
geolocation.geolocation_city,dourado,dourado
geolocation.geolocation_city,douradoquara,douradoquara
geolocation.geolocation_city,dourados,dourados
geolocation.geolocation_city,doutor camargo,doutor camargo
geolocation.geolocation_city,doutor mauricio cardoso,doutor mauricio cardoso
geolocation.geolocation_city,doutor maurício cardoso,doutor mauricio cardoso
geolocation.geolocation_city,doutor oliveira castro,doutor oliveira castro
geolocation.geolocation_city,doutor pedrinho,doutor pedrinho
geolocation.geolocation_city,doutor ricardo,doutor ricardo
geolocation.geolocation_city,doutor severiano,doutor severiano
geolocation.geolocation_city,doutor ulysses,doutor ulysses
geolocation.geolocation_city,doverlandia,doverlandia
geolocation.geolocation_city,doverlândia,doverlandia
geolocation.geolocation_city,dracena,dracena
geolocation.geolocation_city,duartina,duartina
geolocation.geolocation_city,duas barras,duas barras
geolocation.geolocation_city,duas estradas,duas estradas
geolocation.geolocation_city,duere,duere
geolocation.geolocation_city,dumont,dumont
geolocation.geolocation_city,duque bacelar,duque bacelar
geolocation.geolocation_city,duque de caxias,duque de caxias
geolocation.geolocation_city,durande,durande
geolocation.geolocation_city,durandé,durande
geolocation.geolocation_city,dário meira,dario meira
geolocation.geolocation_city,echapora,echapora
geolocation.geolocation_city,echaporã,echapora
geolocation.geolocation_city,ecoporanga,ecoporanga
geolocation.geolocation_city,edealina,edealina
geolocation.geolocation_city,edeia,edeia
geolocation.geolocation_city,edéia,edeia
geolocation.geolocation_city,eirunepe,eirunepe
geolocation.geolocation_city,eirunepé,eirunepe
geolocation.geolocation_city,eldorado,eldorado
geolocation.geolocation_city,eldorado do sul,eldorado do sul
geolocation.geolocation_city,eldorado dos carajas,eldorado dos carajas
geolocation.geolocation_city,eldorado dos carajás,eldorado dos carajas
geolocation.geolocation_city,elesbao veloso,elesbao veloso
geolocation.geolocation_city,elesbão veloso,elesbao veloso
geolocation.geolocation_city,eleuterio,eleuterio
geolocation.geolocation_city,eleutério,eleuterio
geolocation.geolocation_city,elias fausto,elias fausto
geolocation.geolocation_city,eliseu martins,eliseu martins
geolocation.geolocation_city,elisiario,elisiario
geolocation.geolocation_city,elisio medrado,elisio medrado
geolocation.geolocation_city,eloi mendes,eloi mendes
geolocation.geolocation_city,elói mendes,eloi mendes
geolocation.geolocation_city,embauba,embauba
geolocation.geolocation_city,embaúba,embauba
geolocation.geolocation_city,embu,embu
geolocation.geolocation_city,embu das artes,embu das artes
geolocation.geolocation_city,embu guacu,embu guacu
geolocation.geolocation_city,embu guaçu,embu guacu
geolocation.geolocation_city,embu-guacu,embu guacu
geolocation.geolocation_city,embu-guaçu,embu guacu
geolocation.geolocation_city,embuguacu,embuguacu
geolocation.geolocation_city,emilianopolis,emilianopolis
geolocation.geolocation_city,emilianópolis,emilianopolis
geolocation.geolocation_city,encantado,encantado
geolocation.geolocation_city,encantado d'oeste,encantado d oeste
geolocation.geolocation_city,encanto,encanto
geolocation.geolocation_city,encruzilhada,encruzilhada
geolocation.geolocation_city,encruzilhada do sul,encruzilhada do sul
geolocation.geolocation_city,eneas marques,eneas marques
geolocation.geolocation_city,eneida,eneida
geolocation.geolocation_city,engenheiro balduino,engenheiro balduino
geolocation.geolocation_city,engenheiro balduíno,engenheiro balduino
geolocation.geolocation_city,engenheiro beltrao,engenheiro beltrao
geolocation.geolocation_city,engenheiro beltrão,engenheiro beltrao
geolocation.geolocation_city,engenheiro caldas,engenheiro caldas
geolocation.geolocation_city,engenheiro coelho,engenheiro coelho
geolocation.geolocation_city,engenheiro franca,engenheiro franca
geolocation.geolocation_city,engenheiro navarro,engenheiro navarro
geolocation.geolocation_city,engenheiro passos,engenheiro passos
geolocation.geolocation_city,engenheiro paulo de frontin,engenheiro paulo de frontin
geolocation.geolocation_city,engenheiro schnoor,engenheiro schnoor
geolocation.geolocation_city,engenho do ribeiro,engenho do ribeiro
geolocation.geolocation_city,entre folhas,entre folhas
geolocation.geolocation_city,entre rios,entre rios
geolocation.geolocation_city,entre rios de minas,entre rios de minas
geolocation.geolocation_city,entre rios do oeste,entre rios do oeste
geolocation.geolocation_city,entre rios do sul,entre rios do sul
geolocation.geolocation_city,entre-ijuis,entre ijuis
geolocation.geolocation_city,entre-ijuís,entre ijuis
geolocation.geolocation_city,envira,envira
geolocation.geolocation_city,enéas marques,eneas marques
geolocation.geolocation_city,epaminondas otoni,epaminondas otoni
geolocation.geolocation_city,epitaciolandia,epitaciolandia
geolocation.geolocation_city,epitaciolândia,epitaciolandia
geolocation.geolocation_city,equador,equador
geolocation.geolocation_city,erebango,erebango
geolocation.geolocation_city,erechim,erechim
geolocation.geolocation_city,erere,erere
geolocation.geolocation_city,erico cardoso,erico cardoso
geolocation.geolocation_city,ermo,ermo
geolocation.geolocation_city,ernestina,ernestina
geolocation.geolocation_city,erval grande,erval grande
geolocation.geolocation_city,erval seco,erval seco
geolocation.geolocation_city,erval velho,erval velho
geolocation.geolocation_city,ervalia,ervalia
geolocation.geolocation_city,ervália,ervalia
geolocation.geolocation_city,escada,escada
geolocation.geolocation_city,esmeralda,esmeralda
geolocation.geolocation_city,esmeraldas,esmeraldas
geolocation.geolocation_city,esmeraldas de ferros,esmeraldas de ferros
geolocation.geolocation_city,espera feliz,espera feliz
geolocation.geolocation_city,esperanca,esperanca
geolocation.geolocation_city,esperanca do sul,esperanca do sul
geolocation.geolocation_city,esperanca nova,esperanca nova
geolocation.geolocation_city,esperantina,esperantina
geolocation.geolocation_city,esperantinopolis,esperantinopolis
geolocation.geolocation_city,esperantinópolis,esperantinopolis
geolocation.geolocation_city,esperança,esperanca
geolocation.geolocation_city,esperança do sul,esperanca do sul
geolocation.geolocation_city,espigao,espigao
geolocation.geolocation_city,espigao alto do iguacu,espigao alto do iguacu
geolocation.geolocation_city,espigao do oeste,espigao do oeste
geolocation.geolocation_city,espigão alto do iguaçu,espigao alto do iguacu
geolocation.geolocation_city,espigão do oeste,espigao do oeste
geolocation.geolocation_city,espinosa,espinosa
geolocation.geolocation_city,espirito santo,espirito santo
geolocation.geolocation_city,espirito santo do dourado,espirito santo do dourado
geolocation.geolocation_city,espirito santo do pinhal,espirito santo do pinhal
geolocation.geolocation_city,espirito santo do turvo,espirito santo do turvo
geolocation.geolocation_city,esplanada,esplanada
geolocation.geolocation_city,espumoso,espumoso
geolocation.geolocation_city,espírito santo,espirito santo
geolocation.geolocation_city,espírito santo do dourado,espirito santo do dourado
geolocation.geolocation_city,espírito santo do pinhal,espirito santo do pinhal
geolocation.geolocation_city,espírito santo do turvo,espirito santo do turvo
geolocation.geolocation_city,estacao,estacao
geolocation.geolocation_city,estacao cocal,estacao cocal
geolocation.geolocation_city,estancia,estancia
geolocation.geolocation_city,estancia velha,estancia velha
geolocation.geolocation_city,estação,estacao
geolocation.geolocation_city,estação cocal,estacao cocal
geolocation.geolocation_city,esteio,esteio
geolocation.geolocation_city,esteios,esteios
geolocation.geolocation_city,estiva,estiva
geolocation.geolocation_city,estiva gerbi,estiva gerbi
geolocation.geolocation_city,estreito,estreito
geolocation.geolocation_city,estrela,estrela
geolocation.geolocation_city,estrela d oeste,estrela d oeste
geolocation.geolocation_city,estrela d'oeste,estrela d oeste
geolocation.geolocation_city,estrela da barra,estrela da barra
geolocation.geolocation_city,estrela dalva,estrela dalva
geolocation.geolocation_city,estrela de alagoas,estrela de alagoas
geolocation.geolocation_city,estrela de jordania,estrela de jordania
geolocation.geolocation_city,estrela de jordânia,estrela de jordania
geolocation.geolocation_city,estrela do indaia,estrela do indaia
geolocation.geolocation_city,estrela do indaiá,estrela do indaia
geolocation.geolocation_city,estrela do norte,estrela do norte
geolocation.geolocation_city,estrela do sul,estrela do sul
geolocation.geolocation_city,estrela doeste,estrela doeste
geolocation.geolocation_city,estrela velha,estrela velha
geolocation.geolocation_city,estância,estancia
geolocation.geolocation_city,estância velha,estancia velha
geolocation.geolocation_city,euclides da cunha,euclides da cunha
geolocation.geolocation_city,euclides da cunha paulista,euclides da cunha paulista
geolocation.geolocation_city,eugenio de castro,eugenio de castro
geolocation.geolocation_city,eugenopolis,eugenopolis
geolocation.geolocation_city,eugenópolis,eugenopolis
geolocation.geolocation_city,eunapolis,eunapolis
geolocation.geolocation_city,eunápolis,eunapolis
geolocation.geolocation_city,eusebio,eusebio
geolocation.geolocation_city,eusébio,eusebio
geolocation.geolocation_city,ewbank da camara,ewbank da camara
geolocation.geolocation_city,extrema,extrema
geolocation.geolocation_city,extremoz,extremoz
geolocation.geolocation_city,exu,exu
geolocation.geolocation_city,fagundes,fagundes
geolocation.geolocation_city,fagundes varela,fagundes varela
geolocation.geolocation_city,faina,faina
geolocation.geolocation_city,fama,fama
geolocation.geolocation_city,faria lemos,faria lemos
geolocation.geolocation_city,farias brito,farias brito
geolocation.geolocation_city,faro,faro
geolocation.geolocation_city,farol,farol
geolocation.geolocation_city,farroupilha,farroupilha
geolocation.geolocation_city,fartura,fartura
geolocation.geolocation_city,fartura do piauí,fartura do piaui
geolocation.geolocation_city,fatima,fatima
geolocation.geolocation_city,fatima do sul,fatima do sul
geolocation.geolocation_city,fatimarmnte dutra,fatimarmnte dutra
geolocation.geolocation_city,faxinal,faxinal
geolocation.geolocation_city,faxinal do soturno,faxinal do soturno
geolocation.geolocation_city,faxinal dos guedes,faxinal dos guedes
geolocation.geolocation_city,faxinalzinho,faxinalzinho
geolocation.geolocation_city,fazenda nova,fazenda nova
geolocation.geolocation_city,fazenda rio grande,fazenda rio grande
geolocation.geolocation_city,fazenda souza,fazenda souza
geolocation.geolocation_city,fazenda vilanova,fazenda vilanova
geolocation.geolocation_city,feijo,feijo
geolocation.geolocation_city,feijó,feijo
geolocation.geolocation_city,feira da mata,feira da mata
geolocation.geolocation_city,feira de santana,feira de santana
geolocation.geolocation_city,feira grande,feira grande
geolocation.geolocation_city,feira nova,feira nova
geolocation.geolocation_city,feira nova do maranhao,feira nova do maranhao
geolocation.geolocation_city,feira nova do maranhão,feira nova do maranhao
geolocation.geolocation_city,feiticeiro,feiticeiro
geolocation.geolocation_city,felicio dos santos,felicio dos santos
geolocation.geolocation_city,felipe guerra,felipe guerra
geolocation.geolocation_city,felisburgo,felisburgo
geolocation.geolocation_city,felixlandia,felixlandia
geolocation.geolocation_city,felixlândia,felixlandia
geolocation.geolocation_city,feliz,feliz
geolocation.geolocation_city,feliz deserto,feliz deserto
geolocation.geolocation_city,feliz natal,feliz natal
geolocation.geolocation_city,felício dos santos,felicio dos santos
geolocation.geolocation_city,fenix,fenix
geolocation.geolocation_city,fernandes pinheiro,fernandes pinheiro
geolocation.geolocation_city,fernandes tourinho,fernandes tourinho
geolocation.geolocation_city,fernando de noronha,fernando de noronha
geolocation.geolocation_city,fernando pedroza,fernando pedroza
geolocation.geolocation_city,fernando prestes,fernando prestes
geolocation.geolocation_city,fernandopolis,fernandopolis
geolocation.geolocation_city,fernandópolis,fernandopolis
geolocation.geolocation_city,fernao,fernao
geolocation.geolocation_city,fernão,fernao
geolocation.geolocation_city,ferraz de vasconcelos,ferraz de vasconcelos
geolocation.geolocation_city,ferreira gomes,ferreira gomes
geolocation.geolocation_city,ferreiros,ferreiros
geolocation.geolocation_city,ferros,ferros
geolocation.geolocation_city,ferruginha,ferruginha
geolocation.geolocation_city,fervedouro,fervedouro
geolocation.geolocation_city,figueira,figueira
geolocation.geolocation_city,figueirao,figueirao
geolocation.geolocation_city,figueiropolis,figueiropolis
geolocation.geolocation_city,figueiropolis d oeste,figueiropolis d oeste
geolocation.geolocation_city,figueiropolis d'oeste,figueiropolis d oeste
geolocation.geolocation_city,figueiropolis doeste,figueiropolis doeste
geolocation.geolocation_city,figueirão,figueirao
geolocation.geolocation_city,figueirópolis d'oeste,figueiropolis d oeste
geolocation.geolocation_city,figueirópolis doeste,figueiropolis doeste
geolocation.geolocation_city,filadelfia,filadelfia
geolocation.geolocation_city,filadélfia,filadelfia
geolocation.geolocation_city,firmino alves,firmino alves
geolocation.geolocation_city,firminopolis,firminopolis
geolocation.geolocation_city,firminópolis,firminopolis
geolocation.geolocation_city,flexeiras,flexeiras
geolocation.geolocation_city,flor da serra do sul,flor da serra do sul
geolocation.geolocation_city,flor do sertao,flor do sertao
geolocation.geolocation_city,flor do sertão,flor do sertao
geolocation.geolocation_city,flora rica,flora rica
geolocation.geolocation_city,florai,florai
geolocation.geolocation_city,florania,florania
geolocation.geolocation_city,floraí,florai
geolocation.geolocation_city,floreal,floreal
geolocation.geolocation_city,flores,flores
geolocation.geolocation_city,flores da cunha,flores da cunha
geolocation.geolocation_city,flores de goias,flores de goias
geolocation.geolocation_city,flores de goiás,flores de goias
geolocation.geolocation_city,flores do piaui,flores do piaui
geolocation.geolocation_city,flores do piauí,flores do piaui
geolocation.geolocation_city,floresta,floresta
geolocation.geolocation_city,floresta azul,floresta azul
geolocation.geolocation_city,floresta do araguaia,floresta do araguaia
geolocation.geolocation_city,floresta do piaui,floresta do piaui
geolocation.geolocation_city,floresta do sul,floresta do sul
geolocation.geolocation_city,florestal,florestal
geolocation.geolocation_city,florestopolis,florestopolis
geolocation.geolocation_city,florestópolis,florestopolis
geolocation.geolocation_city,florian&oacute;polis,florian oacute polis
geolocation.geolocation_city,floriano,floriano
geolocation.geolocation_city,floriano peixoto,floriano peixoto
geolocation.geolocation_city,florianopolis,florianopolis
geolocation.geolocation_city,florianópolis,florianopolis
geolocation.geolocation_city,florida,florida
geolocation.geolocation_city,florida paulista,florida paulista
geolocation.geolocation_city,florinea,florinea
geolocation.geolocation_city,florinia,florinia
geolocation.geolocation_city,floripa,floripa
geolocation.geolocation_city,florínea,florinea
geolocation.geolocation_city,florínia,florinia
geolocation.geolocation_city,flórida paulista,florida paulista
geolocation.geolocation_city,flôr da serra do sul,flor da serra do sul
geolocation.geolocation_city,fonseca,fonseca
geolocation.geolocation_city,fonte boa,fonte boa
geolocation.geolocation_city,fontoura xavier,fontoura xavier
geolocation.geolocation_city,formiga,formiga
geolocation.geolocation_city,formigueiro,formigueiro
geolocation.geolocation_city,formosa,formosa
geolocation.geolocation_city,formosa da serra negra,formosa da serra negra
geolocation.geolocation_city,formosa do oeste,formosa do oeste
geolocation.geolocation_city,formosa do rio preto,formosa do rio preto
geolocation.geolocation_city,formosa do sul,formosa do sul
geolocation.geolocation_city,formoso,formoso
geolocation.geolocation_city,formoso do araguaia,formoso do araguaia
geolocation.geolocation_city,forquetinha,forquetinha
geolocation.geolocation_city,forquilha,forquilha
geolocation.geolocation_city,forquilhinha,forquilhinha
geolocation.geolocation_city,fortaleza,fortaleza
geolocation.geolocation_city,fortaleza de minas,fortaleza de minas
geolocation.geolocation_city,fortaleza do tabocao,fortaleza do tabocao
geolocation.geolocation_city,fortaleza do tabocão,fortaleza do tabocao
geolocation.geolocation_city,fortaleza dos nogueiras,fortaleza dos nogueiras
geolocation.geolocation_city,fortaleza dos valos,fortaleza dos valos
geolocation.geolocation_city,fortim,fortim
geolocation.geolocation_city,fortuna,fortuna
geolocation.geolocation_city,fortuna de minas,fortuna de minas
geolocation.geolocation_city,foz do iguacu,foz do iguacu
geolocation.geolocation_city,foz do iguaçu,foz do iguacu
geolocation.geolocation_city,foz do jordao,foz do jordao
geolocation.geolocation_city,foz do jordão,foz do jordao
geolocation.geolocation_city,frade,frade
geolocation.geolocation_city,fragosos,fragosos
geolocation.geolocation_city,fraiburgo,fraiburgo
geolocation.geolocation_city,franca,franca
geolocation.geolocation_city,franca sp,franca sp
geolocation.geolocation_city,francinopolis,francinopolis
geolocation.geolocation_city,francinópolis,francinopolis
geolocation.geolocation_city,francisco alves,francisco alves
geolocation.geolocation_city,francisco ayres,francisco ayres
geolocation.geolocation_city,francisco badaro,francisco badaro
geolocation.geolocation_city,francisco badaró,francisco badaro
geolocation.geolocation_city,francisco beltrao,francisco beltrao
geolocation.geolocation_city,francisco beltrão,francisco beltrao
geolocation.geolocation_city,francisco dantas,francisco dantas
geolocation.geolocation_city,francisco dumont,francisco dumont
geolocation.geolocation_city,francisco morato,francisco morato
geolocation.geolocation_city,francisco sa,francisco sa
geolocation.geolocation_city,francisco santos,francisco santos
geolocation.geolocation_city,francisco sá,francisco sa
geolocation.geolocation_city,franciscopolis,franciscopolis
geolocation.geolocation_city,franciscópolis,franciscopolis
geolocation.geolocation_city,franco da rocha,franco da rocha
geolocation.geolocation_city,frecheirinha,frecheirinha
geolocation.geolocation_city,frederico westphalen,frederico westphalen
geolocation.geolocation_city,freguesia do andira,freguesia do andira
geolocation.geolocation_city,frei gaspar,frei gaspar
geolocation.geolocation_city,frei inocencio,frei inocencio
geolocation.geolocation_city,frei inocêncio,frei inocencio
geolocation.geolocation_city,frei lagonegro,frei lagonegro
geolocation.geolocation_city,frei martinho,frei martinho
geolocation.geolocation_city,frei miguelinho,frei miguelinho
geolocation.geolocation_city,frei paulo,frei paulo
geolocation.geolocation_city,frei rogerio,frei rogerio
geolocation.geolocation_city,frei rogério,frei rogerio
geolocation.geolocation_city,fronteira,fronteira
geolocation.geolocation_city,fronteira dos vales,fronteira dos vales
geolocation.geolocation_city,fronteiras,fronteiras
geolocation.geolocation_city,fruta de leite,fruta de leite
geolocation.geolocation_city,frutal,frutal
geolocation.geolocation_city,frutal do campo,frutal do campo
geolocation.geolocation_city,frutuoso gomes,frutuoso gomes
geolocation.geolocation_city,fundao,fundao
geolocation.geolocation_city,fundão,fundao
geolocation.geolocation_city,funilandia,funilandia
geolocation.geolocation_city,funilândia,funilandia
geolocation.geolocation_city,furquim,furquim
geolocation.geolocation_city,fátima,fatima
geolocation.geolocation_city,fátima do sul,fatima do sul
geolocation.geolocation_city,fênix,fenix
geolocation.geolocation_city,gabriel monteiro,gabriel monteiro
geolocation.geolocation_city,galia,galia
geolocation.geolocation_city,galileia,galileia
geolocation.geolocation_city,galiléia,galileia
geolocation.geolocation_city,galinhos,galinhos
geolocation.geolocation_city,galvao,galvao
geolocation.geolocation_city,galvão,galvao
geolocation.geolocation_city,gama,gama
geolocation.geolocation_city,gameleira,gameleira
geolocation.geolocation_city,gameleira de goias,gameleira de goias
geolocation.geolocation_city,gameleiras,gameleiras
geolocation.geolocation_city,gandu,gandu
geolocation.geolocation_city,garanhuns,garanhuns
geolocation.geolocation_city,gararu,gararu
geolocation.geolocation_city,garca,garca
geolocation.geolocation_city,gardenia,gardenia
geolocation.geolocation_city,garibaldi,garibaldi
geolocation.geolocation_city,garopaba,garopaba
geolocation.geolocation_city,garrafao do norte,garrafao do norte
geolocation.geolocation_city,garrafão do norte,garrafao do norte
geolocation.geolocation_city,garruchos,garruchos
geolocation.geolocation_city,garuva,garuva
geolocation.geolocation_city,garça,garca
geolocation.geolocation_city,gaspar,gaspar
geolocation.geolocation_city,gastao vidigal,gastao vidigal
geolocation.geolocation_city,gastão vidigal,gastao vidigal
geolocation.geolocation_city,gaucha do norte,gaucha do norte
geolocation.geolocation_city,gaurama,gaurama
geolocation.geolocation_city,gaviao,gaviao
geolocation.geolocation_city,gaviao peixoto,gaviao peixoto
geolocation.geolocation_city,gavião peixoto,gaviao peixoto
geolocation.geolocation_city,gaúcha do norte,gaucha do norte
geolocation.geolocation_city,general camara,general camara
geolocation.geolocation_city,general carneiro,general carneiro
geolocation.geolocation_city,general câmara,general camara
geolocation.geolocation_city,general maynard,general maynard
geolocation.geolocation_city,general salgado,general salgado
geolocation.geolocation_city,general sampaio,general sampaio
geolocation.geolocation_city,gentil,gentil
geolocation.geolocation_city,gentio do ouro,gentio do ouro
geolocation.geolocation_city,getulina,getulina
geolocation.geolocation_city,getulio vargas,getulio vargas
geolocation.geolocation_city,getulândia,getulandia
geolocation.geolocation_city,getúlio vargas,getulio vargas
geolocation.geolocation_city,gilbues,gilbues
geolocation.geolocation_city,girau do ponciano,girau do ponciano
geolocation.geolocation_city,girua,girua
geolocation.geolocation_city,giruá,girua
geolocation.geolocation_city,glaucilandia,glaucilandia
geolocation.geolocation_city,glicerio,glicerio
geolocation.geolocation_city,glicério,glicerio
geolocation.geolocation_city,gloria,gloria
geolocation.geolocation_city,gloria d'oeste,gloria d oeste
geolocation.geolocation_city,gloria de dourados,gloria de dourados
geolocation.geolocation_city,gloria do goita,gloria do goita
geolocation.geolocation_city,glorinha,glorinha
geolocation.geolocation_city,glória,gloria
geolocation.geolocation_city,glória de dourados,gloria de dourados
geolocation.geolocation_city,glória do goitá,gloria do goita
geolocation.geolocation_city,godofredo viana,godofredo viana
geolocation.geolocation_city,godoy moreira,godoy moreira
geolocation.geolocation_city,goiabal,goiabal
geolocation.geolocation_city,goiabeira,goiabeira
geolocation.geolocation_city,goiana,goiana
geolocation.geolocation_city,goianapolis,goianapolis
geolocation.geolocation_city,goiandira,goiandira
geolocation.geolocation_city,goianesia,goianesia
geolocation.geolocation_city,goianesia do para,goianesia do para
geolocation.geolocation_city,goiania,goiania
geolocation.geolocation_city,goianinha,goianinha
geolocation.geolocation_city,goianira,goianira
geolocation.geolocation_city,goianorte,goianorte
geolocation.geolocation_city,goianá,goiana
geolocation.geolocation_city,goianápolis,goianapolis
geolocation.geolocation_city,goianésia,goianesia
geolocation.geolocation_city,goianésia do pará,goianesia do para
geolocation.geolocation_city,goias,goias
geolocation.geolocation_city,goiatins,goiatins
geolocation.geolocation_city,goiatuba,goiatuba
geolocation.geolocation_city,goioere,goioere
geolocation.geolocation_city,goioerê,goioere
geolocation.geolocation_city,goioxim,goioxim
geolocation.geolocation_city,goitacazes,goitacazes
geolocation.geolocation_city,goiás,goias
geolocation.geolocation_city,goiânia,goiania
geolocation.geolocation_city,goncalves,goncalves
geolocation.geolocation_city,goncalves dias,goncalves dias
geolocation.geolocation_city,gongogi,gongogi
geolocation.geolocation_city,gonzaga,gonzaga
geolocation.geolocation_city,gonçalves,goncalves
geolocation.geolocation_city,gonçalves dias,goncalves dias
geolocation.geolocation_city,gororos,gororos
geolocation.geolocation_city,gororós,gororos
geolocation.geolocation_city,gouvea,gouvea
geolocation.geolocation_city,gouveia,gouveia
geolocation.geolocation_city,gouvelandia,gouvelandia
geolocation.geolocation_city,gouvelândia,gouvelandia
geolocation.geolocation_city,governador archer,governador archer
geolocation.geolocation_city,governador celso ramos,governador celso ramos
geolocation.geolocation_city,governador dix-sept rosado,governador dix sept rosado
geolocation.geolocation_city,governador edison lobao,governador edison lobao
geolocation.geolocation_city,governador edison lobão,governador edison lobao
geolocation.geolocation_city,governador eugenio barros,governador eugenio barros
geolocation.geolocation_city,governador eugênio barros,governador eugenio barros
geolocation.geolocation_city,governador jorge teixeira,governador jorge teixeira
geolocation.geolocation_city,governador lacerda de aguiar,governador lacerda de aguiar
geolocation.geolocation_city,governador lindenberg,governador lindenberg
geolocation.geolocation_city,governador lomanto junior,governador lomanto junior
geolocation.geolocation_city,governador luiz rocha,governador luiz rocha
geolocation.geolocation_city,governador mangabeira,governador mangabeira
geolocation.geolocation_city,governador newton bello,governador newton bello
geolocation.geolocation_city,governador nunes freire,governador nunes freire
geolocation.geolocation_city,governador portela,governador portela
geolocation.geolocation_city,governador valadares,governador valadares
geolocation.geolocation_city,graca,graca
geolocation.geolocation_city,graca aranha,graca aranha
geolocation.geolocation_city,graccho cardoso,graccho cardoso
geolocation.geolocation_city,graciosa,graciosa
geolocation.geolocation_city,grajau,grajau
geolocation.geolocation_city,grajaú,grajau
geolocation.geolocation_city,gramadinho,gramadinho
geolocation.geolocation_city,gramado,gramado
geolocation.geolocation_city,gramado dos loureiros,gramado dos loureiros
geolocation.geolocation_city,gramado xavier,gramado xavier
geolocation.geolocation_city,granada,granada
geolocation.geolocation_city,grandes rios,grandes rios
geolocation.geolocation_city,granito,granito
geolocation.geolocation_city,granja,granja
geolocation.geolocation_city,granjeiro,granjeiro
geolocation.geolocation_city,grao mogol,grao mogol
geolocation.geolocation_city,grao para,grao para
geolocation.geolocation_city,gravata,gravata
geolocation.geolocation_city,gravatai,gravatai
geolocation.geolocation_city,gravatal,gravatal
geolocation.geolocation_city,gravataí,gravatai
geolocation.geolocation_city,gravatá,gravata
geolocation.geolocation_city,groairas,groairas
geolocation.geolocation_city,grossos,grossos
geolocation.geolocation_city,grota,grota
geolocation.geolocation_city,grupiara,grupiara
geolocation.geolocation_city,grão mogol,grao mogol
geolocation.geolocation_city,grão pará,grao para
geolocation.geolocation_city,guabiju,guabiju
geolocation.geolocation_city,guabiruba,guabiruba
geolocation.geolocation_city,guacui,guacui
geolocation.geolocation_city,guadalupe,guadalupe
geolocation.geolocation_city,guaianas,guaianas
geolocation.geolocation_city,guaiba,guaiba
geolocation.geolocation_city,guaicara,guaicara
geolocation.geolocation_city,guaicui,guaicui
geolocation.geolocation_city,guaimbe,guaimbe
geolocation.geolocation_city,guaimbê,guaimbe
geolocation.geolocation_city,guaipora,guaipora
geolocation.geolocation_city,guaira,guaira
geolocation.geolocation_city,guairaca,guairaca
geolocation.geolocation_city,guairaçá,guairaca
geolocation.geolocation_city,guaiuba,guaiuba
geolocation.geolocation_city,guaiçara,guaicara
geolocation.geolocation_city,guajara,guajara
geolocation.geolocation_city,guajara mirim,guajara mirim
geolocation.geolocation_city,guajara-mirim,guajara mirim
geolocation.geolocation_city,guajará,guajara
geolocation.geolocation_city,guajará-mirim,guajara mirim
geolocation.geolocation_city,guajeru,guajeru
geolocation.geolocation_city,guamare,guamare
geolocation.geolocation_city,guamaré,guamare
geolocation.geolocation_city,guamiranga,guamiranga
geolocation.geolocation_city,guanambi,guanambi
geolocation.geolocation_city,guanhaes,guanhaes
geolocation.geolocation_city,guanhães,guanhaes
geolocation.geolocation_city,guape,guape
geolocation.geolocation_city,guapiacu,guapiacu
geolocation.geolocation_city,guapiara,guapiara
geolocation.geolocation_city,guapiaçu,guapiacu
geolocation.geolocation_city,guapimirim,guapimirim
geolocation.geolocation_city,guapirama,guapirama
geolocation.geolocation_city,guapo,guapo
geolocation.geolocation_city,guaporanga,guaporanga
geolocation.geolocation_city,guapore,guapore
geolocation.geolocation_city,guaporema,guaporema
geolocation.geolocation_city,guaporé,guapore
geolocation.geolocation_city,guapé,guape
geolocation.geolocation_city,guapó,guapo
geolocation.geolocation_city,guara,guara
geolocation.geolocation_city,guarabira,guarabira
geolocation.geolocation_city,guaracai,guaracai
geolocation.geolocation_city,guaraci,guaraci
geolocation.geolocation_city,guaraciaba,guaraciaba
geolocation.geolocation_city,guaraciaba do norte,guaraciaba do norte
geolocation.geolocation_city,guaraciama,guaraciama
geolocation.geolocation_city,guarai,guarai
geolocation.geolocation_city,guaraita,guaraita
geolocation.geolocation_city,guaramiranga,guaramiranga
geolocation.geolocation_city,guaramirim,guaramirim
geolocation.geolocation_city,guaranesia,guaranesia
geolocation.geolocation_city,guarani,guarani
geolocation.geolocation_city,guarani d'oeste,guarani d oeste
geolocation.geolocation_city,guarani das missoes,guarani das missoes
geolocation.geolocation_city,guarani das missões,guarani das missoes
geolocation.geolocation_city,guarani de goias,guarani de goias
geolocation.geolocation_city,guaraniacu,guaraniacu
geolocation.geolocation_city,guaraniaçu,guaraniacu
geolocation.geolocation_city,guaranta,guaranta
geolocation.geolocation_city,guaranta do norte,guaranta do norte
geolocation.geolocation_city,guarantã,guaranta
geolocation.geolocation_city,guarantã do norte,guaranta do norte
geolocation.geolocation_city,guaranésia,guaranesia
geolocation.geolocation_city,guarapari,guarapari
geolocation.geolocation_city,guarapua,guarapua
geolocation.geolocation_city,guarapuava,guarapuava
geolocation.geolocation_city,guaraquecaba,guaraquecaba
geolocation.geolocation_city,guaraqueçaba,guaraquecaba
geolocation.geolocation_city,guarara,guarara
geolocation.geolocation_city,guararapes,guararapes
geolocation.geolocation_city,guararema,guararema
geolocation.geolocation_city,guarará,guarara
geolocation.geolocation_city,guaratinga,guaratinga
geolocation.geolocation_city,guaratingueta,guaratingueta
geolocation.geolocation_city,guaratinguetá,guaratingueta
geolocation.geolocation_city,guaratuba,guaratuba
geolocation.geolocation_city,guaraçaí,guaracai
geolocation.geolocation_city,guaraí,guarai
geolocation.geolocation_city,guaraíta,guaraita
geolocation.geolocation_city,guarda dos ferreiros,guarda dos ferreiros
geolocation.geolocation_city,guarda-mor,guarda mor
geolocation.geolocation_city,guardinha,guardinha
geolocation.geolocation_city,guarei,guarei
geolocation.geolocation_city,guareí,guarei
geolocation.geolocation_city,guariba,guariba
geolocation.geolocation_city,guaribas,guaribas
geolocation.geolocation_city,guarinos,guarinos
geolocation.geolocation_city,guarizinho,guarizinho
geolocation.geolocation_city,guaruja,guaruja
geolocation.geolocation_city,guaruja do sul,guaruja do sul
geolocation.geolocation_city,guarujá,guaruja
geolocation.geolocation_city,guarujá do sul,guaruja do sul
geolocation.geolocation_city,guarulhos,guarulhos
geolocation.geolocation_city,guarulhos-sp,guarulhos sp
geolocation.geolocation_city,guará,guara
geolocation.geolocation_city,guassusse,guassusse
geolocation.geolocation_city,guassussê,guassusse
geolocation.geolocation_city,guatambu,guatambu
geolocation.geolocation_city,guatambú,guatambu
geolocation.geolocation_city,guatapara,guatapara
geolocation.geolocation_city,guatapará,guatapara
geolocation.geolocation_city,guaxima,guaxima
geolocation.geolocation_city,guaxupe,guaxupe
geolocation.geolocation_city,guaxupé,guaxupe
geolocation.geolocation_city,guaçuí,guacui
geolocation.geolocation_city,guaíba,guaiba
geolocation.geolocation_city,guaíra,guaira
geolocation.geolocation_city,guia de pacobaiba,guia de pacobaiba
geolocation.geolocation_city,guia de pacobaíba,guia de pacobaiba
geolocation.geolocation_city,guia lopes da laguna,guia lopes da laguna
geolocation.geolocation_city,guidoval,guidoval
geolocation.geolocation_city,guimaraes,guimaraes
geolocation.geolocation_city,guimarania,guimarania
geolocation.geolocation_city,guimarânia,guimarania
geolocation.geolocation_city,guiratinga,guiratinga
geolocation.geolocation_city,guiricema,guiricema
geolocation.geolocation_city,gurinhata,gurinhata
geolocation.geolocation_city,gurinhatã,gurinhata
geolocation.geolocation_city,gurinhem,gurinhem
geolocation.geolocation_city,gurjao,gurjao
geolocation.geolocation_city,gurupa,gurupa
geolocation.geolocation_city,gurupi,gurupi
geolocation.geolocation_city,gurupá,gurupa
geolocation.geolocation_city,guzolandia,guzolandia
geolocation.geolocation_city,guzolândia,guzolandia
geolocation.geolocation_city,gália,galia
geolocation.geolocation_city,harmonia,harmonia
geolocation.geolocation_city,heitorai,heitorai
geolocation.geolocation_city,heitoraí,heitorai
geolocation.geolocation_city,heliodora,heliodora
geolocation.geolocation_city,heliopolis,heliopolis
geolocation.geolocation_city,heliópolis,heliopolis
geolocation.geolocation_city,herculandia,herculandia
geolocation.geolocation_city,herculândia,herculandia
geolocation.geolocation_city,herval,herval
geolocation.geolocation_city,herval d oeste,herval d oeste
geolocation.geolocation_city,herval d' oeste,herval d oeste
geolocation.geolocation_city,herval d'oeste,herval d oeste
geolocation.geolocation_city,herval doeste,herval doeste
geolocation.geolocation_city,herveiras,herveiras
geolocation.geolocation_city,hidreletrica tucurui,hidreletrica tucurui
geolocation.geolocation_city,hidrelétrica tucuruí,hidreletrica tucurui
geolocation.geolocation_city,hidrolandia,hidrolandia
geolocation.geolocation_city,hidrolina,hidrolina
geolocation.geolocation_city,hidrolândia,hidrolandia
geolocation.geolocation_city,holambra,holambra
geolocation.geolocation_city,holambra ii,holambra ii
geolocation.geolocation_city,honorio serpa,honorio serpa
geolocation.geolocation_city,honorópolis,honoropolis
geolocation.geolocation_city,honório serpa,honorio serpa
geolocation.geolocation_city,horizonte,horizonte
geolocation.geolocation_city,horizontina,horizontina
geolocation.geolocation_city,hortolandia,hortolandia
geolocation.geolocation_city,hortolândia,hortolandia
geolocation.geolocation_city,hugo napoleao,hugo napoleao
geolocation.geolocation_city,hugo napoleão,hugo napoleao
geolocation.geolocation_city,hulha negra,hulha negra
geolocation.geolocation_city,humaita,humaita
geolocation.geolocation_city,humaitá,humaita
geolocation.geolocation_city,humberto de campos,humberto de campos
geolocation.geolocation_city,iacanga,iacanga
geolocation.geolocation_city,iaciara,iaciara
geolocation.geolocation_city,iacri,iacri
geolocation.geolocation_city,iacu,iacu
geolocation.geolocation_city,iapu,iapu
geolocation.geolocation_city,iaras,iaras
geolocation.geolocation_city,iati,iati
geolocation.geolocation_city,iauarete,iauarete
geolocation.geolocation_city,iaçu,iacu
geolocation.geolocation_city,ibaiti,ibaiti
geolocation.geolocation_city,ibarama,ibarama
geolocation.geolocation_city,ibaretama,ibaretama
geolocation.geolocation_city,ibate,ibate
geolocation.geolocation_city,ibateguara,ibateguara
geolocation.geolocation_city,ibatiba,ibatiba
geolocation.geolocation_city,ibaté,ibate
geolocation.geolocation_city,ibema,ibema
geolocation.geolocation_city,ibertioga,ibertioga
geolocation.geolocation_city,ibia,ibia
geolocation.geolocation_city,ibiaca,ibiaca
geolocation.geolocation_city,ibiai,ibiai
geolocation.geolocation_city,ibiajara,ibiajara
geolocation.geolocation_city,ibiam,ibiam
geolocation.geolocation_city,ibiapina,ibiapina
geolocation.geolocation_city,ibiara,ibiara
geolocation.geolocation_city,ibiassuce,ibiassuce
geolocation.geolocation_city,ibiassucê,ibiassuce
geolocation.geolocation_city,ibiaçá,ibiaca
geolocation.geolocation_city,ibiaí,ibiai
geolocation.geolocation_city,ibicarai,ibicarai
geolocation.geolocation_city,ibicaraí,ibicarai
geolocation.geolocation_city,ibicare,ibicare
geolocation.geolocation_city,ibicaré,ibicare
geolocation.geolocation_city,ibicoara,ibicoara
geolocation.geolocation_city,ibicua,ibicua
geolocation.geolocation_city,ibicui,ibicui
geolocation.geolocation_city,ibicuitinga,ibicuitinga
geolocation.geolocation_city,ibicuí,ibicui
geolocation.geolocation_city,ibimirim,ibimirim
geolocation.geolocation_city,ibipeba,ibipeba
geolocation.geolocation_city,ibipitanga,ibipitanga
geolocation.geolocation_city,ibipora,ibipora
geolocation.geolocation_city,ibiporã,ibipora
geolocation.geolocation_city,ibiquera,ibiquera
geolocation.geolocation_city,ibira,ibira
geolocation.geolocation_city,ibiracatu,ibiracatu
geolocation.geolocation_city,ibiraci,ibiraci
geolocation.geolocation_city,ibiracu,ibiracu
geolocation.geolocation_city,ibiraiaras,ibiraiaras
geolocation.geolocation_city,ibiraja,ibiraja
geolocation.geolocation_city,ibirajuba,ibirajuba
geolocation.geolocation_city,ibirajá,ibiraja
geolocation.geolocation_city,ibirama,ibirama
geolocation.geolocation_city,ibirapitanga,ibirapitanga
geolocation.geolocation_city,ibirapua,ibirapua
geolocation.geolocation_city,ibirapuita,ibirapuita
geolocation.geolocation_city,ibirapuitã,ibirapuita
geolocation.geolocation_city,ibirapuã,ibirapua
geolocation.geolocation_city,ibirarema,ibirarema
geolocation.geolocation_city,ibirataia,ibirataia
geolocation.geolocation_city,ibiraçu,ibiracu
geolocation.geolocation_city,ibirite,ibirite
geolocation.geolocation_city,ibirité,ibirite
geolocation.geolocation_city,ibiruba,ibiruba
geolocation.geolocation_city,ibirubá,ibiruba
geolocation.geolocation_city,ibirá,ibira
geolocation.geolocation_city,ibitiara,ibitiara
geolocation.geolocation_city,ibitinga,ibitinga
geolocation.geolocation_city,ibitira,ibitira
geolocation.geolocation_city,ibitirama,ibitirama
geolocation.geolocation_city,ibitiranga,ibitiranga
geolocation.geolocation_city,ibitita,ibitita
geolocation.geolocation_city,ibititá,ibitita
geolocation.geolocation_city,ibitiura de minas,ibitiura de minas
geolocation.geolocation_city,ibitiuva,ibitiuva
geolocation.geolocation_city,ibitiúra de minas,ibitiura de minas
geolocation.geolocation_city,ibituruna,ibituruna
geolocation.geolocation_city,ibiuna,ibiuna
geolocation.geolocation_city,ibiá,ibia
geolocation.geolocation_city,ibiúna,ibiuna
geolocation.geolocation_city,ibo,ibo
geolocation.geolocation_city,ibotirama,ibotirama
geolocation.geolocation_city,icapui,icapui
geolocation.geolocation_city,icapuí,icapui
geolocation.geolocation_city,icara,icara
geolocation.geolocation_city,icarai de minas,icarai de minas
geolocation.geolocation_city,icaraima,icaraima
geolocation.geolocation_city,icaraí de minas,icarai de minas
geolocation.geolocation_city,icaraíma,icaraima
geolocation.geolocation_city,icatu,icatu
geolocation.geolocation_city,icem,icem
geolocation.geolocation_city,ichu,ichu
geolocation.geolocation_city,ico,ico
geolocation.geolocation_city,iconha,iconha
geolocation.geolocation_city,icém,icem
geolocation.geolocation_city,icó,ico
geolocation.geolocation_city,ielmo marinho,ielmo marinho
geolocation.geolocation_city,iepe,iepe
geolocation.geolocation_city,iepê,iepe
geolocation.geolocation_city,igaci,igaci
geolocation.geolocation_city,igapora,igapora
geolocation.geolocation_city,igaporã,igapora
geolocation.geolocation_city,igaracu do tiete,igaracu do tiete
geolocation.geolocation_city,igaracy,igaracy
geolocation.geolocation_city,igarai,igarai
geolocation.geolocation_city,igarapava,igarapava
geolocation.geolocation_city,igarape,igarape
geolocation.geolocation_city,igarape do meio,igarape do meio
geolocation.geolocation_city,igarape grande,igarape grande
geolocation.geolocation_city,igarape-acu,igarape acu
geolocation.geolocation_city,igarape-miri,igarape miri
geolocation.geolocation_city,igarapé,igarape
geolocation.geolocation_city,igarapé grande,igarape grande
geolocation.geolocation_city,igarapé-açu,igarape acu
geolocation.geolocation_city,igarapé-miri,igarape miri
geolocation.geolocation_city,igarassu,igarassu
geolocation.geolocation_city,igarata,igarata
geolocation.geolocation_city,igaratinga,igaratinga
geolocation.geolocation_city,igaratá,igarata
geolocation.geolocation_city,igaraçu do tietê,igaracu do tiete
geolocation.geolocation_city,igaraí,igarai
geolocation.geolocation_city,igrapiuna,igrapiuna
geolocation.geolocation_city,igrapiúna,igrapiuna
geolocation.geolocation_city,igreja nova,igreja nova
geolocation.geolocation_city,igrejinha,igrejinha
geolocation.geolocation_city,iguaba grande,iguaba grande
geolocation.geolocation_city,iguai,iguai
geolocation.geolocation_city,iguaibi,iguaibi
geolocation.geolocation_city,iguape,iguape
geolocation.geolocation_city,iguaraci,iguaraci
geolocation.geolocation_city,iguaracu,iguaracu
geolocation.geolocation_city,iguaraçu,iguaracu
geolocation.geolocation_city,iguatama,iguatama
geolocation.geolocation_city,iguatemi,iguatemi
geolocation.geolocation_city,iguatu,iguatu
geolocation.geolocation_city,iguaí,iguai
geolocation.geolocation_city,ijaci,ijaci
geolocation.geolocation_city,ijui,ijui
geolocation.geolocation_city,ijuí,ijui
geolocation.geolocation_city,ilha comprida,ilha comprida
geolocation.geolocation_city,ilha das flores,ilha das flores
geolocation.geolocation_city,ilha de itamaraca,ilha de itamaraca
geolocation.geolocation_city,ilha de itamaracá,ilha de itamaraca
geolocation.geolocation_city,ilha dos valadares,ilha dos valadares
geolocation.geolocation_city,ilha grande,ilha grande
geolocation.geolocation_city,ilha solteira,ilha solteira
geolocation.geolocation_city,ilhabela,ilhabela
geolocation.geolocation_city,ilheus,ilheus
geolocation.geolocation_city,ilhota,ilhota
geolocation.geolocation_city,ilhéus,ilheus
geolocation.geolocation_city,ilicinea,ilicinea
geolocation.geolocation_city,ilicínea,ilicinea
geolocation.geolocation_city,ilopolis,ilopolis
geolocation.geolocation_city,ilópolis,ilopolis
geolocation.geolocation_city,imaculada,imaculada
geolocation.geolocation_city,imarui,imarui
geolocation.geolocation_city,imaruí,imarui
geolocation.geolocation_city,imbau,imbau
geolocation.geolocation_city,imbaú,imbau
geolocation.geolocation_city,imbe,imbe
geolocation.geolocation_city,imbe de minas,imbe de minas
geolocation.geolocation_city,imbituba,imbituba
geolocation.geolocation_city,imbituva,imbituva
geolocation.geolocation_city,imbuia,imbuia
geolocation.geolocation_city,imbé,imbe
geolocation.geolocation_city,imbé de minas,imbe de minas
geolocation.geolocation_city,imigrante,imigrante
geolocation.geolocation_city,imperatriz,imperatriz
geolocation.geolocation_city,inacio martins,inacio martins
geolocation.geolocation_city,inaciolandia,inaciolandia
geolocation.geolocation_city,inaciolândia,inaciolandia
geolocation.geolocation_city,inaja,inaja
geolocation.geolocation_city,inajá,inaja
geolocation.geolocation_city,inconfidentes,inconfidentes
geolocation.geolocation_city,indaiabira,indaiabira
geolocation.geolocation_city,indaial,indaial
geolocation.geolocation_city,indaiatuba,indaiatuba
geolocation.geolocation_city,independencia,independencia
geolocation.geolocation_city,independência,independencia
geolocation.geolocation_city,indiana,indiana
geolocation.geolocation_city,indianopolis,indianopolis
geolocation.geolocation_city,indianópolis,indianopolis
geolocation.geolocation_city,indiapora,indiapora
geolocation.geolocation_city,indiaporã,indiapora
geolocation.geolocation_city,indiara,indiara
geolocation.geolocation_city,indiaroba,indiaroba
geolocation.geolocation_city,indiavai,indiavai
geolocation.geolocation_city,inga,inga
geolocation.geolocation_city,ingai,ingai
geolocation.geolocation_city,ingazeira,ingazeira
geolocation.geolocation_city,ingaí,ingai
geolocation.geolocation_city,ingá,inga
geolocation.geolocation_city,inhacora,inhacora
geolocation.geolocation_city,inhacorá,inhacora
geolocation.geolocation_city,inhambupe,inhambupe
geolocation.geolocation_city,inhapi,inhapi
geolocation.geolocation_city,inhapim,inhapim
geolocation.geolocation_city,inhauma,inhauma
geolocation.geolocation_city,inhaúma,inhauma
geolocation.geolocation_city,inhomirim,inhomirim
geolocation.geolocation_city,inhuma,inhuma
geolocation.geolocation_city,inhumas,inhumas
geolocation.geolocation_city,inimutaba,inimutaba
geolocation.geolocation_city,inoa,inoa
geolocation.geolocation_city,inocencia,inocencia
geolocation.geolocation_city,inocência,inocencia
geolocation.geolocation_city,inubia,inubia
geolocation.geolocation_city,inubia paulista,inubia paulista
geolocation.geolocation_city,inácio martins,inacio martins
geolocation.geolocation_city,inúbia,inubia
geolocation.geolocation_city,inúbia paulista,inubia paulista
geolocation.geolocation_city,iomere,iomere
geolocation.geolocation_city,iomerê,iomere
geolocation.geolocation_city,ipaba,ipaba
geolocation.geolocation_city,ipameri,ipameri
geolocation.geolocation_city,ipanema,ipanema
geolocation.geolocation_city,ipanguacu,ipanguacu
geolocation.geolocation_city,ipanguaçu,ipanguacu
geolocation.geolocation_city,ipaporanga,ipaporanga
geolocation.geolocation_city,ipatinga,ipatinga
geolocation.geolocation_city,ipaumirim,ipaumirim
geolocation.geolocation_city,ipaussu,ipaussu
geolocation.geolocation_city,ipe,ipe
geolocation.geolocation_city,ipecaeta,ipecaeta
geolocation.geolocation_city,ipecaetá,ipecaeta
geolocation.geolocation_city,ipero,ipero
geolocation.geolocation_city,iperó,ipero
geolocation.geolocation_city,ipeuna,ipeuna
geolocation.geolocation_city,ipeúna,ipeuna
geolocation.geolocation_city,ipiabas,ipiabas
geolocation.geolocation_city,ipiacu,ipiacu
geolocation.geolocation_city,ipiau,ipiau
geolocation.geolocation_city,ipiaçu,ipiacu
geolocation.geolocation_city,ipiaú,ipiau
geolocation.geolocation_city,ipigua,ipigua
geolocation.geolocation_city,ipiguá,ipigua
geolocation.geolocation_city,ipira,ipira
geolocation.geolocation_city,ipiranga,ipiranga
geolocation.geolocation_city,ipiranga de goias,ipiranga de goias
geolocation.geolocation_city,ipiranga de goiás,ipiranga de goias
geolocation.geolocation_city,ipiranga do norte,ipiranga do norte
geolocation.geolocation_city,ipiranga do piaui,ipiranga do piaui
geolocation.geolocation_city,ipiranga do piauí,ipiranga do piaui
geolocation.geolocation_city,ipiranga do sul,ipiranga do sul
geolocation.geolocation_city,ipirá,ipira
geolocation.geolocation_city,ipituna,ipituna
geolocation.geolocation_city,ipixuna,ipixuna
geolocation.geolocation_city,ipixuna do para,ipixuna do para
geolocation.geolocation_city,ipixuna do pará,ipixuna do para
geolocation.geolocation_city,ipoema,ipoema
geolocation.geolocation_city,ipojuca,ipojuca
geolocation.geolocation_city,ipora,ipora
geolocation.geolocation_city,ipora do oeste,ipora do oeste
geolocation.geolocation_city,iporanga,iporanga
geolocation.geolocation_city,iporá,ipora
geolocation.geolocation_city,iporã,ipora
geolocation.geolocation_city,iporã do oeste,ipora do oeste
geolocation.geolocation_city,ipu,ipu
geolocation.geolocation_city,ipua,ipua
geolocation.geolocation_city,ipuacu,ipuacu
geolocation.geolocation_city,ipuaçu,ipuacu
geolocation.geolocation_city,ipubi,ipubi
geolocation.geolocation_city,ipuca,ipuca
geolocation.geolocation_city,ipueira,ipueira
geolocation.geolocation_city,ipueiras,ipueiras
geolocation.geolocation_city,ipuiuna,ipuiuna
geolocation.geolocation_city,ipuiúna,ipuiuna
geolocation.geolocation_city,ipumirim,ipumirim
geolocation.geolocation_city,ipupiara,ipupiara
geolocation.geolocation_city,ipuã,ipua
geolocation.geolocation_city,ipê,ipe
geolocation.geolocation_city,iracema,iracema
geolocation.geolocation_city,iracema do oeste,iracema do oeste
geolocation.geolocation_city,iracemapolis,iracemapolis
geolocation.geolocation_city,iraceminha,iraceminha
geolocation.geolocation_city,iracemápolis,iracemapolis
geolocation.geolocation_city,irai,irai
geolocation.geolocation_city,irai de minas,irai de minas
geolocation.geolocation_city,irajuba,irajuba
geolocation.geolocation_city,iramaia,iramaia
geolocation.geolocation_city,iranduba,iranduba
geolocation.geolocation_city,irani,irani
geolocation.geolocation_city,irape,irape
geolocation.geolocation_city,iraporanga,iraporanga
geolocation.geolocation_city,irapua,irapua
geolocation.geolocation_city,irapuru,irapuru
geolocation.geolocation_city,irapuã,irapua
geolocation.geolocation_city,irapé,irape
geolocation.geolocation_city,iraquara,iraquara
geolocation.geolocation_city,irara,irara
geolocation.geolocation_city,irará,irara
geolocation.geolocation_city,irati,irati
geolocation.geolocation_city,iraucuba,iraucuba
geolocation.geolocation_city,irauçuba,iraucuba
geolocation.geolocation_city,iraí,irai
geolocation.geolocation_city,iraí de minas,irai de minas
geolocation.geolocation_city,irece,irece
geolocation.geolocation_city,irecê,irece
geolocation.geolocation_city,iretama,iretama
geolocation.geolocation_city,irineopolis,irineopolis
geolocation.geolocation_city,irineópolis,irineopolis
geolocation.geolocation_city,irituia,irituia
geolocation.geolocation_city,irundiara,irundiara
geolocation.geolocation_city,irupi,irupi
geolocation.geolocation_city,isabel,isabel
geolocation.geolocation_city,isaias coelho,isaias coelho
geolocation.geolocation_city,isaías coelho,isaias coelho
geolocation.geolocation_city,israelandia,israelandia
geolocation.geolocation_city,ita,ita
geolocation.geolocation_city,itaara,itaara
geolocation.geolocation_city,itabaiana,itabaiana
geolocation.geolocation_city,itabaianinha,itabaianinha
geolocation.geolocation_city,itabata,itabata
geolocation.geolocation_city,itabatan,itabatan
geolocation.geolocation_city,itabatan (mucuri),itabatan mucuri
geolocation.geolocation_city,itabela,itabela
geolocation.geolocation_city,itabera,itabera
geolocation.geolocation_city,itaberaba,itaberaba
geolocation.geolocation_city,itaberai,itaberai
geolocation.geolocation_city,itaberaí,itaberai
geolocation.geolocation_city,itaberá,itabera
geolocation.geolocation_city,itabira,itabira
geolocation.geolocation_city,itabirinha,itabirinha
geolocation.geolocation_city,itabirinha de mantena,itabirinha de mantena
geolocation.geolocation_city,itabirito,itabirito
geolocation.geolocation_city,itaborai,itaborai
geolocation.geolocation_city,itaboraí,itaborai
geolocation.geolocation_city,itabuna,itabuna
geolocation.geolocation_city,itacaja,itacaja
geolocation.geolocation_city,itacajá,itacaja
geolocation.geolocation_city,itacambira,itacambira
geolocation.geolocation_city,itacarambi,itacarambi
geolocation.geolocation_city,itacare,itacare
geolocation.geolocation_city,itacaré,itacare
geolocation.geolocation_city,itacoatiara,itacoatiara
geolocation.geolocation_city,itacuruba,itacuruba
geolocation.geolocation_city,itacurubi,itacurubi
geolocation.geolocation_city,itacurussa,itacurussa
geolocation.geolocation_city,itacurussá,itacurussa
geolocation.geolocation_city,itaete,itaete
geolocation.geolocation_city,itaeté,itaete
geolocation.geolocation_city,itagi,itagi
geolocation.geolocation_city,itagiba,itagiba
geolocation.geolocation_city,itagibá,itagiba
geolocation.geolocation_city,itagimirim,itagimirim
geolocation.geolocation_city,itaguacu,itaguacu
geolocation.geolocation_city,itaguacu da bahia,itaguacu da bahia
geolocation.geolocation_city,itaguai,itaguai
geolocation.geolocation_city,itaguaje,itaguaje
geolocation.geolocation_city,itaguajé,itaguaje
geolocation.geolocation_city,itaguara,itaguara
geolocation.geolocation_city,itaguari,itaguari
geolocation.geolocation_city,itaguaru,itaguaru
geolocation.geolocation_city,itaguatins,itaguatins
geolocation.geolocation_city,itaguaçu,itaguacu
geolocation.geolocation_city,itaguaçu da bahia,itaguacu da bahia
geolocation.geolocation_city,itaguaí,itaguai
geolocation.geolocation_city,itahum,itahum
geolocation.geolocation_city,itai,itai
geolocation.geolocation_city,itaiba,itaiba
geolocation.geolocation_city,itaicaba,itaicaba
geolocation.geolocation_city,itaim,itaim
geolocation.geolocation_city,itaimbe,itaimbe
geolocation.geolocation_city,itainopolis,itainopolis
geolocation.geolocation_city,itainópolis,itainopolis
geolocation.geolocation_city,itaiopolis,itaiopolis
geolocation.geolocation_city,itaipava,itaipava
geolocation.geolocation_city,itaipava do grajau,itaipava do grajau
geolocation.geolocation_city,itaipe,itaipe
geolocation.geolocation_city,itaipulandia,itaipulandia
geolocation.geolocation_city,itaipulândia,itaipulandia
geolocation.geolocation_city,itaipé,itaipe
geolocation.geolocation_city,itaitinga,itaitinga
geolocation.geolocation_city,itaituba,itaituba
geolocation.geolocation_city,itaiópolis,itaiopolis
geolocation.geolocation_city,itaja,itaja
geolocation.geolocation_city,itajai,itajai
geolocation.geolocation_city,itajaí,itajai
geolocation.geolocation_city,itajobi,itajobi
geolocation.geolocation_city,itaju,itaju
geolocation.geolocation_city,itaju do colonia,itaju do colonia
geolocation.geolocation_city,itaju do colônia,itaju do colonia
geolocation.geolocation_city,itajuba,itajuba
geolocation.geolocation_city,itajubá,itajuba
geolocation.geolocation_city,itajuipe,itajuipe
geolocation.geolocation_city,itajuípe,itajuipe
geolocation.geolocation_city,itajá,itaja
geolocation.geolocation_city,italva,italva
geolocation.geolocation_city,itamaraca,itamaraca
geolocation.geolocation_city,itamaraju,itamaraju
geolocation.geolocation_city,itamarandiba,itamarandiba
geolocation.geolocation_city,itamarati,itamarati
geolocation.geolocation_city,itamarati de minas,itamarati de minas
geolocation.geolocation_city,itamarati norte,itamarati norte
geolocation.geolocation_city,itamari,itamari
geolocation.geolocation_city,itambacuri,itambacuri
geolocation.geolocation_city,itambaraca,itambaraca
geolocation.geolocation_city,itambaracá,itambaraca
geolocation.geolocation_city,itambe,itambe
geolocation.geolocation_city,itambe do mato dentro,itambe do mato dentro
geolocation.geolocation_city,itambé,itambe
geolocation.geolocation_city,itambé do mato dentro,itambe do mato dentro
geolocation.geolocation_city,itamira,itamira
geolocation.geolocation_city,itamogi,itamogi
geolocation.geolocation_city,itamonte,itamonte
geolocation.geolocation_city,itanagra,itanagra
geolocation.geolocation_city,itanhaem,itanhaem
geolocation.geolocation_city,itanhandu,itanhandu
geolocation.geolocation_city,itanhanga,itanhanga
geolocation.geolocation_city,itanhangá,itanhanga
geolocation.geolocation_city,itanhaém,itanhaem
geolocation.geolocation_city,itanhem,itanhem
geolocation.geolocation_city,itanhomi,itanhomi
geolocation.geolocation_city,itanhém,itanhem
geolocation.geolocation_city,itaobim,itaobim
geolocation.geolocation_city,itaoca,itaoca
geolocation.geolocation_city,itaocara,itaocara
geolocation.geolocation_city,itapaci,itapaci
geolocation.geolocation_city,itapage,itapage
geolocation.geolocation_city,itapagipe,itapagipe
geolocation.geolocation_city,itapaje,itapaje
geolocation.geolocation_city,itapajé,itapaje
geolocation.geolocation_city,itaparica,itaparica
geolocation.geolocation_city,itape,itape
geolocation.geolocation_city,itapebi,itapebi
geolocation.geolocation_city,itapecerica,itapecerica
geolocation.geolocation_city,itapecerica da serra,itapecerica da serra
geolocation.geolocation_city,itapecuru mirim,itapecuru mirim
geolocation.geolocation_city,itapecuru-mirim,itapecuru mirim
geolocation.geolocation_city,itapejara d  oeste,itapejara d oeste
geolocation.geolocation_city,itapejara d'oeste,itapejara d oeste
geolocation.geolocation_city,itapema,itapema
geolocation.geolocation_city,itapemirim,itapemirim
geolocation.geolocation_city,itaperucu,itaperucu
geolocation.geolocation_city,itaperuna,itaperuna
geolocation.geolocation_city,itaperuçu,itaperucu
geolocation.geolocation_city,itapetim,itapetim
geolocation.geolocation_city,itapetinga,itapetinga
geolocation.geolocation_city,itapetininga,itapetininga
geolocation.geolocation_city,itapeva,itapeva
geolocation.geolocation_city,itapevi,itapevi
geolocation.geolocation_city,itapicuru,itapicuru
geolocation.geolocation_city,itapipoca,itapipoca
geolocation.geolocation_city,itapira,itapira
geolocation.geolocation_city,itapiranga,itapiranga
geolocation.geolocation_city,itapirapua,itapirapua
geolocation.geolocation_city,itapirapua paulista,itapirapua paulista
geolocation.geolocation_city,itapirapuã,itapirapua
geolocation.geolocation_city,itapirapuã paulista,itapirapua paulista
geolocation.geolocation_city,itapiratins,itapiratins
geolocation.geolocation_city,itapiru,itapiru
geolocation.geolocation_city,itapirucu,itapirucu
geolocation.geolocation_city,itapissuma,itapissuma
geolocation.geolocation_city,itapitanga,itapitanga
geolocation.geolocation_city,itapiuna,itapiuna
geolocation.geolocation_city,itapiúna,itapiuna
geolocation.geolocation_city,itapoa,itapoa
geolocation.geolocation_city,itapocu,itapocu
geolocation.geolocation_city,itapolis,itapolis
geolocation.geolocation_city,itapora,itapora
geolocation.geolocation_city,itapora do tocantins,itapora do tocantins
geolocation.geolocation_city,itaporanga,itaporanga
geolocation.geolocation_city,itaporanga d'ajuda,itaporanga d ajuda
geolocation.geolocation_city,itapororoca,itapororoca
geolocation.geolocation_city,itaporã,itapora
geolocation.geolocation_city,itaporã do tocantins,itapora do tocantins
geolocation.geolocation_city,itapoá,itapoa
geolocation.geolocation_city,itapua do oeste,itapua do oeste
geolocation.geolocation_city,itapuca,itapuca
geolocation.geolocation_city,itapucá,itapuca
geolocation.geolocation_city,itapui,itapui
geolocation.geolocation_city,itapura,itapura
geolocation.geolocation_city,itapuranga,itapuranga
geolocation.geolocation_city,itapuí,itapui
geolocation.geolocation_city,itapé,itape
geolocation.geolocation_city,itaquaquecetuba,itaquaquecetuba
geolocation.geolocation_city,itaquara,itaquara
geolocation.geolocation_city,itaquarai,itaquarai
geolocation.geolocation_city,itaqui,itaqui
geolocation.geolocation_city,itaquirai,itaquirai
geolocation.geolocation_city,itaquiraí,itaquirai
geolocation.geolocation_city,itaquitinga,itaquitinga
geolocation.geolocation_city,itarana,itarana
geolocation.geolocation_city,itarantim,itarantim
geolocation.geolocation_city,itarare,itarare
geolocation.geolocation_city,itararé,itarare
geolocation.geolocation_city,itarema,itarema
geolocation.geolocation_city,itariri,itariri
geolocation.geolocation_city,itaruma,itaruma
geolocation.geolocation_city,itarumã,itaruma
geolocation.geolocation_city,itati,itati
geolocation.geolocation_city,itatiaia,itatiaia
geolocation.geolocation_city,itatiaiucu,itatiaiucu
geolocation.geolocation_city,itatiaiuçu,itatiaiucu
geolocation.geolocation_city,itatiba,itatiba
geolocation.geolocation_city,itatiba do sul,itatiba do sul
geolocation.geolocation_city,itatim,itatim
geolocation.geolocation_city,itatinga,itatinga
geolocation.geolocation_city,itatuba,itatuba
geolocation.geolocation_city,itau,itau
geolocation.geolocation_city,itau de minas,itau de minas
geolocation.geolocation_city,itauba,itauba
geolocation.geolocation_city,itaucu,itaucu
geolocation.geolocation_city,itaueira,itaueira
geolocation.geolocation_city,itauna,itauna
geolocation.geolocation_city,itauna do sul,itauna do sul
geolocation.geolocation_city,itaunas,itaunas
geolocation.geolocation_city,itauçu,itaucu
geolocation.geolocation_city,itaverava,itaverava
geolocation.geolocation_city,itaí,itai
geolocation.geolocation_city,itaíba,itaiba
geolocation.geolocation_city,itaóca,itaoca
geolocation.geolocation_city,itaú,itau
geolocation.geolocation_city,itaú de minas,itau de minas
geolocation.geolocation_city,itaúba,itauba
geolocation.geolocation_city,itaúna,itauna
geolocation.geolocation_city,itaúna do sul,itauna do sul
geolocation.geolocation_city,itinga,itinga
geolocation.geolocation_city,itinga do maranhao,itinga do maranhao
geolocation.geolocation_city,itinga do maranhão,itinga do maranhao
geolocation.geolocation_city,itiquira,itiquira
geolocation.geolocation_city,itirapina,itirapina
geolocation.geolocation_city,itirapua,itirapua
geolocation.geolocation_city,itirapuã,itirapua
geolocation.geolocation_city,itirucu,itirucu
geolocation.geolocation_city,itiruçu,itirucu
geolocation.geolocation_city,itiuba,itiuba
geolocation.geolocation_city,itiúba,itiuba
geolocation.geolocation_city,itobi,itobi
geolocation.geolocation_city,itororo,itororo
geolocation.geolocation_city,itororó,itororo
geolocation.geolocation_city,itu,itu
geolocation.geolocation_city,ituacu,ituacu
geolocation.geolocation_city,ituaçu,ituacu
geolocation.geolocation_city,itubera,itubera
geolocation.geolocation_city,ituberá,itubera
geolocation.geolocation_city,itueta,itueta
geolocation.geolocation_city,ituiutaba,ituiutaba
geolocation.geolocation_city,itumbiara,itumbiara
geolocation.geolocation_city,itumirim,itumirim
geolocation.geolocation_city,itupeva,itupeva
geolocation.geolocation_city,itupiranga,itupiranga
geolocation.geolocation_city,ituporanga,ituporanga
geolocation.geolocation_city,iturama,iturama
geolocation.geolocation_city,itutinga,itutinga
geolocation.geolocation_city,ituverava,ituverava
geolocation.geolocation_city,itá,ita
geolocation.geolocation_city,itápolis,itapolis
geolocation.geolocation_city,iubatinga,iubatinga
geolocation.geolocation_city,iuiu,iuiu
geolocation.geolocation_city,iuna,iuna
geolocation.geolocation_city,ivai,ivai
geolocation.geolocation_city,ivailandia,ivailandia
geolocation.geolocation_city,ivaipora,ivaipora
geolocation.geolocation_city,ivaiporã,ivaipora
geolocation.geolocation_city,ivate,ivate
geolocation.geolocation_city,ivatuba,ivatuba
geolocation.geolocation_city,ivaté,ivate
geolocation.geolocation_city,ivaí,ivai
geolocation.geolocation_city,ivinhema,ivinhema
geolocation.geolocation_city,ivolandia,ivolandia
geolocation.geolocation_city,ivolândia,ivolandia
geolocation.geolocation_city,ivora,ivora
geolocation.geolocation_city,ivoti,ivoti
geolocation.geolocation_city,içara,icara
geolocation.geolocation_city,iúna,iuna
geolocation.geolocation_city,jabitaca,jabitaca
geolocation.geolocation_city,jaboatao dos guararapes,jaboatao dos guararapes
geolocation.geolocation_city,jaboatão dos guararapes,jaboatao dos guararapes
geolocation.geolocation_city,jaboatão dos gurarapes,jaboatao dos gurarapes
geolocation.geolocation_city,jabora,jabora
geolocation.geolocation_city,jaborandi,jaborandi
geolocation.geolocation_city,jaborá,jabora
geolocation.geolocation_city,jaboti,jaboti
geolocation.geolocation_city,jaboticaba,jaboticaba
geolocation.geolocation_city,jaboticabal,jaboticabal
geolocation.geolocation_city,jaboticatubas,jaboticatubas
geolocation.geolocation_city,jacana,jacana
geolocation.geolocation_city,jacaraci,jacaraci
geolocation.geolocation_city,jacarau,jacarau
geolocation.geolocation_city,jacaraú,jacarau
geolocation.geolocation_city,jacare,jacare
geolocation.geolocation_city,jacare (cabreuva),jacare cabreuva
geolocation.geolocation_city,jacare dos homens,jacare dos homens
geolocation.geolocation_city,jacareacanga,jacareacanga
geolocation.geolocation_city,jacarei,jacarei
geolocation.geolocation_city,jacarezinho,jacarezinho
geolocation.geolocation_city,jacareí,jacarei
geolocation.geolocation_city,jacaré,jacare
geolocation.geolocation_city,jacaré (cabreúva),jacare cabreuva
geolocation.geolocation_city,jaci,jaci
geolocation.geolocation_city,jaci parana,jaci parana
geolocation.geolocation_city,jaciara,jaciara
geolocation.geolocation_city,jacigua,jacigua
geolocation.geolocation_city,jacilandia,jacilandia
geolocation.geolocation_city,jacinto,jacinto
geolocation.geolocation_city,jacinto machado,jacinto machado
geolocation.geolocation_city,jacobina,jacobina
geolocation.geolocation_city,jacobina do piaui,jacobina do piaui
geolocation.geolocation_city,jacuba,jacuba
geolocation.geolocation_city,jacui,jacui
geolocation.geolocation_city,jacuipe,jacuipe
geolocation.geolocation_city,jacuizinho,jacuizinho
geolocation.geolocation_city,jacunda,jacunda
geolocation.geolocation_city,jacundá,jacunda
geolocation.geolocation_city,jacupiranga,jacupiranga
geolocation.geolocation_city,jacutinga,jacutinga
geolocation.geolocation_city,jacuí,jacui
geolocation.geolocation_city,jacuípe,jacuipe
geolocation.geolocation_city,jafa,jafa
geolocation.geolocation_city,jaguapita,jaguapita
geolocation.geolocation_city,jaguapitã,jaguapita
geolocation.geolocation_city,jaguaquara,jaguaquara
geolocation.geolocation_city,jaguaracu,jaguaracu
geolocation.geolocation_city,jaguarao,jaguarao
geolocation.geolocation_city,jaguarari,jaguarari
geolocation.geolocation_city,jaguare,jaguare
geolocation.geolocation_city,jaguaretama,jaguaretama
geolocation.geolocation_city,jaguari,jaguari
geolocation.geolocation_city,jaguariaiva,jaguariaiva
geolocation.geolocation_city,jaguariaíva,jaguariaiva
geolocation.geolocation_city,jaguaribara,jaguaribara
geolocation.geolocation_city,jaguaribe,jaguaribe
geolocation.geolocation_city,jaguaripe,jaguaripe
geolocation.geolocation_city,jaguariuna,jaguariuna
geolocation.geolocation_city,jaguariúna,jaguariuna
geolocation.geolocation_city,jaguaruana,jaguaruana
geolocation.geolocation_city,jaguaruna,jaguaruna
geolocation.geolocation_city,jaguarão,jaguarao
geolocation.geolocation_city,jaguaré,jaguare
geolocation.geolocation_city,jaiba,jaiba
geolocation.geolocation_city,jaibaras,jaibaras
geolocation.geolocation_city,jaicos,jaicos
geolocation.geolocation_city,jaicós,jaicos
geolocation.geolocation_city,jales,jales
geolocation.geolocation_city,jamaica,jamaica
geolocation.geolocation_city,jamapara,jamapara
geolocation.geolocation_city,jamapará,jamapara
geolocation.geolocation_city,jambeiro,jambeiro
geolocation.geolocation_city,jampruca,jampruca
geolocation.geolocation_city,janauba,janauba
geolocation.geolocation_city,janaúba,janauba
geolocation.geolocation_city,jandaia,jandaia
geolocation.geolocation_city,jandaia do sul,jandaia do sul
geolocation.geolocation_city,jandaira,jandaira
geolocation.geolocation_city,jandaíra,jandaira
geolocation.geolocation_city,jandira,jandira
geolocation.geolocation_city,janduis,janduis
geolocation.geolocation_city,janduís,janduis
geolocation.geolocation_city,jangada,jangada
geolocation.geolocation_city,janiopolis,janiopolis
geolocation.geolocation_city,janiópolis,janiopolis
geolocation.geolocation_city,jansen,jansen
geolocation.geolocation_city,januaria,januaria
geolocation.geolocation_city,januária,januaria
geolocation.geolocation_city,japaraiba,japaraiba
geolocation.geolocation_city,japaratinga,japaratinga
geolocation.geolocation_city,japaratuba,japaratuba
geolocation.geolocation_city,japaraíba,japaraiba
geolocation.geolocation_city,japeri,japeri
geolocation.geolocation_city,japi,japi
geolocation.geolocation_city,japira,japira
geolocation.geolocation_city,japoata,japoata
geolocation.geolocation_city,japoatã,japoata
geolocation.geolocation_city,japonvar,japonvar
geolocation.geolocation_city,japora,japora
geolocation.geolocation_city,japorã,japora
geolocation.geolocation_city,japuiba,japuiba
geolocation.geolocation_city,japura,japura
geolocation.geolocation_city,japurá,japura
geolocation.geolocation_city,japuíba,japuiba
geolocation.geolocation_city,jaqueira,jaqueira
geolocation.geolocation_city,jaquirana,jaquirana
geolocation.geolocation_city,jaragua,jaragua
geolocation.geolocation_city,jaragua do sul,jaragua do sul
geolocation.geolocation_city,jaraguari,jaraguari
geolocation.geolocation_city,jaraguá,jaragua
geolocation.geolocation_city,jaraguá do sul,jaragua do sul
geolocation.geolocation_city,jaramataia,jaramataia
geolocation.geolocation_city,jardim,jardim
geolocation.geolocation_city,jardim abc de goias,jardim abc de goias
geolocation.geolocation_city,jardim alegre,jardim alegre
geolocation.geolocation_city,jardim de piranhas,jardim de piranhas
geolocation.geolocation_city,jardim do mulato,jardim do mulato
geolocation.geolocation_city,jardim do serido,jardim do serido
geolocation.geolocation_city,jardim do seridó,jardim do serido
geolocation.geolocation_city,jardim olinda,jardim olinda
geolocation.geolocation_city,jardinopolis,jardinopolis
geolocation.geolocation_city,jardinópolis,jardinopolis
geolocation.geolocation_city,jari,jari
geolocation.geolocation_city,jarinu,jarinu
geolocation.geolocation_city,jaru,jaru
geolocation.geolocation_city,jatai,jatai
geolocation.geolocation_city,jataizinho,jataizinho
geolocation.geolocation_city,jatauba,jatauba
geolocation.geolocation_city,jataí,jatai
geolocation.geolocation_city,jatei,jatei
geolocation.geolocation_city,jateí,jatei
geolocation.geolocation_city,jati,jati
geolocation.geolocation_city,jatoba,jatoba
geolocation.geolocation_city,jatobá,jatoba
geolocation.geolocation_city,jau,jau
geolocation.geolocation_city,jau do tocantins,jau do tocantins
geolocation.geolocation_city,jaupaci,jaupaci
geolocation.geolocation_city,jauru,jauru
geolocation.geolocation_city,jaçanã,jacana
geolocation.geolocation_city,jaíba,jaiba
geolocation.geolocation_city,jaú,jau
geolocation.geolocation_city,jaú do tocantins,jau do tocantins
geolocation.geolocation_city,jeceaba,jeceaba
geolocation.geolocation_city,jenipapo de minas,jenipapo de minas
geolocation.geolocation_city,jenipapo dos vieiras,jenipapo dos vieiras
geolocation.geolocation_city,jequeri,jequeri
geolocation.geolocation_city,jequia da praia,jequia da praia
geolocation.geolocation_city,jequie,jequie
geolocation.geolocation_city,jequirica,jequirica
geolocation.geolocation_city,jequiriçá,jequirica
geolocation.geolocation_city,jequitai,jequitai
geolocation.geolocation_city,jequitaí,jequitai
geolocation.geolocation_city,jequitiba,jequitiba
geolocation.geolocation_city,jequitibá,jequitiba
geolocation.geolocation_city,jequitinhonha,jequitinhonha
geolocation.geolocation_city,jequié,jequie
geolocation.geolocation_city,jeremoabo,jeremoabo
geolocation.geolocation_city,jerico,jerico
geolocation.geolocation_city,jericó,jerico
geolocation.geolocation_city,jeriquara,jeriquara
geolocation.geolocation_city,jeronimo monteiro,jeronimo monteiro
geolocation.geolocation_city,jerônimo monteiro,jeronimo monteiro
geolocation.geolocation_city,jesuania,jesuania
geolocation.geolocation_city,jesuitas,jesuitas
geolocation.geolocation_city,jesupolis,jesupolis
geolocation.geolocation_city,jesuânia,jesuania
geolocation.geolocation_city,jesuítas,jesuitas
geolocation.geolocation_city,jesúpolis,jesupolis
geolocation.geolocation_city,ji-parana,ji parana
geolocation.geolocation_city,ji-paraná,ji parana
geolocation.geolocation_city,jijoca de jericoacoara,jijoca de jericoacoara
geolocation.geolocation_city,jiquirica,jiquirica
geolocation.geolocation_city,jiquiriçá,jiquirica
geolocation.geolocation_city,jitauna,jitauna
geolocation.geolocation_city,jitaúna,jitauna
geolocation.geolocation_city,joacaba,joacaba
geolocation.geolocation_city,joaima,joaima
geolocation.geolocation_city,joanesia,joanesia
geolocation.geolocation_city,joanopolis,joanopolis
geolocation.geolocation_city,joanésia,joanesia
geolocation.geolocation_city,joanópolis,joanopolis
geolocation.geolocation_city,joao alfredo,joao alfredo
geolocation.geolocation_city,joao camara,joao camara
geolocation.geolocation_city,joao dias,joao dias
geolocation.geolocation_city,joao dourado,joao dourado
geolocation.geolocation_city,joao lisboa,joao lisboa
geolocation.geolocation_city,joao monlevade,joao monlevade
geolocation.geolocation_city,joao neiva,joao neiva
geolocation.geolocation_city,joao pessoa,joao pessoa
geolocation.geolocation_city,joao pinheiro,joao pinheiro
geolocation.geolocation_city,joao ramalho,joao ramalho
geolocation.geolocation_city,joaquim felicio,joaquim felicio
geolocation.geolocation_city,joaquim felício,joaquim felicio
geolocation.geolocation_city,joaquim gomes,joaquim gomes
geolocation.geolocation_city,joaquim nabuco,joaquim nabuco
geolocation.geolocation_city,joaquim pires,joaquim pires
geolocation.geolocation_city,joaquim tavora,joaquim tavora
geolocation.geolocation_city,joaquim távora,joaquim tavora
geolocation.geolocation_city,joaçaba,joacaba
geolocation.geolocation_city,joaíma,joaima
geolocation.geolocation_city,joca claudino,joca claudino
geolocation.geolocation_city,joca marques,joca marques
geolocation.geolocation_city,joia,joia
geolocation.geolocation_city,joinville,joinville
geolocation.geolocation_city,jordanesia,jordanesia
geolocation.geolocation_city,jordania,jordania
geolocation.geolocation_city,jordanésia,jordanesia
geolocation.geolocation_city,jordao,jordao
geolocation.geolocation_city,jordânia,jordania
geolocation.geolocation_city,jordão,jordao
geolocation.geolocation_city,jose boiteux,jose boiteux
geolocation.geolocation_city,jose bonifacio,jose bonifacio
geolocation.geolocation_city,jose da penha,jose da penha
geolocation.geolocation_city,jose de freitas,jose de freitas
geolocation.geolocation_city,jose goncalves de minas,jose goncalves de minas
geolocation.geolocation_city,jose raydan,jose raydan
geolocation.geolocation_city,joselandia,joselandia
geolocation.geolocation_city,joselândia,joselandia
geolocation.geolocation_city,josenopolis,josenopolis
geolocation.geolocation_city,josé boiteux,jose boiteux
geolocation.geolocation_city,josé bonifácio,jose bonifacio
geolocation.geolocation_city,josé da penha,jose da penha
geolocation.geolocation_city,josé de freitas,jose de freitas
geolocation.geolocation_city,josé gonçalves de minas,jose goncalves de minas
geolocation.geolocation_city,josé raydan,jose raydan
geolocation.geolocation_city,joviania,joviania
geolocation.geolocation_city,joviânia,joviania
geolocation.geolocation_city,joão alfredo,joao alfredo
geolocation.geolocation_city,joão amaro,joao amaro
geolocation.geolocation_city,joão câmara,joao camara
geolocation.geolocation_city,joão dias,joao dias
geolocation.geolocation_city,joão dourado,joao dourado
geolocation.geolocation_city,joão monlevade,joao monlevade
geolocation.geolocation_city,joão neiva,joao neiva
geolocation.geolocation_city,joão pessoa,joao pessoa
geolocation.geolocation_city,joão pinheiro,joao pinheiro
geolocation.geolocation_city,joão ramalho,joao ramalho
geolocation.geolocation_city,juara,juara
geolocation.geolocation_city,juarez tavora,juarez tavora
geolocation.geolocation_city,juarina,juarina
geolocation.geolocation_city,juatama,juatama
geolocation.geolocation_city,juatuba,juatuba
geolocation.geolocation_city,juazeirinho,juazeirinho
geolocation.geolocation_city,juazeiro,juazeiro
geolocation.geolocation_city,juazeiro do norte,juazeiro do norte
geolocation.geolocation_city,juazeiro do piaui,juazeiro do piaui
geolocation.geolocation_city,juazeiro do piauí,juazeiro do piaui
geolocation.geolocation_city,jucas,jucas
geolocation.geolocation_city,jucati,jucati
geolocation.geolocation_city,jucurucu,jucurucu
geolocation.geolocation_city,jucurutu,jucurutu
geolocation.geolocation_city,jucuruçu,jucurucu
geolocation.geolocation_city,jucás,jucas
geolocation.geolocation_city,juina,juina
geolocation.geolocation_city,juiz de fora,juiz de fora
geolocation.geolocation_city,julio borges,julio borges
geolocation.geolocation_city,julio de castilhos,julio de castilhos
geolocation.geolocation_city,julio mesquita,julio mesquita
geolocation.geolocation_city,jumirim,jumirim
geolocation.geolocation_city,junco do maranhao,junco do maranhao
geolocation.geolocation_city,junco do maranhão,junco do maranhao
geolocation.geolocation_city,junco do serido,junco do serido
geolocation.geolocation_city,junco do seridó,junco do serido
geolocation.geolocation_city,jundia,jundia
geolocation.geolocation_city,jundiai,jundiai
geolocation.geolocation_city,jundiai do sul,jundiai do sul
geolocation.geolocation_city,jundiaí,jundiai
geolocation.geolocation_city,jundiaí do sul,jundiai do sul
geolocation.geolocation_city,jundiá,jundia
geolocation.geolocation_city,junqueiro,junqueiro
geolocation.geolocation_city,junqueiropolis,junqueiropolis
geolocation.geolocation_city,junqueirópolis,junqueiropolis
geolocation.geolocation_city,jupi,jupi
geolocation.geolocation_city,jupia,jupia
geolocation.geolocation_city,jupiá,jupia
geolocation.geolocation_city,juquia,juquia
geolocation.geolocation_city,juquitiba,juquitiba
geolocation.geolocation_city,juquiá,juquia
geolocation.geolocation_city,juramento,juramento
geolocation.geolocation_city,juranda,juranda
geolocation.geolocation_city,jurema,jurema
geolocation.geolocation_city,juripiranga,juripiranga
geolocation.geolocation_city,juritis,juritis
geolocation.geolocation_city,juru,juru
geolocation.geolocation_city,jurua,jurua
geolocation.geolocation_city,juruaia,juruaia
geolocation.geolocation_city,juruce,juruce
geolocation.geolocation_city,jurucê,juruce
geolocation.geolocation_city,juruena,juruena
geolocation.geolocation_city,jurupema,jurupema
geolocation.geolocation_city,juruti,juruti
geolocation.geolocation_city,juscimeira,juscimeira
geolocation.geolocation_city,jussara,jussara
geolocation.geolocation_city,jussari,jussari
geolocation.geolocation_city,jussiape,jussiape
geolocation.geolocation_city,jutai,jutai
geolocation.geolocation_city,juti,juti
geolocation.geolocation_city,jutí,juti
geolocation.geolocation_city,juvenilia,juvenilia
geolocation.geolocation_city,juvenília,juvenilia
geolocation.geolocation_city,juína,juina
geolocation.geolocation_city,juíz de fora,juiz de fora
geolocation.geolocation_city,jóia,joia
geolocation.geolocation_city,júlio de castilhos,julio de castilhos
geolocation.geolocation_city,júlio mesquita,julio mesquita
geolocation.geolocation_city,kalore,kalore
geolocation.geolocation_city,kaloré,kalore
geolocation.geolocation_city,labrea,labrea
geolocation.geolocation_city,lacerdopolis,lacerdopolis
geolocation.geolocation_city,ladainha,ladainha
geolocation.geolocation_city,ladario,ladario
geolocation.geolocation_city,ladário,ladario
geolocation.geolocation_city,lafaiete coutinho,lafaiete coutinho
geolocation.geolocation_city,lagamar,lagamar
geolocation.geolocation_city,lagarto,lagarto
geolocation.geolocation_city,lages,lages
geolocation.geolocation_city,lago da pedra,lago da pedra
geolocation.geolocation_city,lago do junco,lago do junco
geolocation.geolocation_city,lago dos rodrigues,lago dos rodrigues
geolocation.geolocation_city,lago norte,lago norte
geolocation.geolocation_city,lago sul,lago sul
geolocation.geolocation_city,lago verde,lago verde
geolocation.geolocation_city,lagoa,lagoa
geolocation.geolocation_city,lagoa alegre,lagoa alegre
geolocation.geolocation_city,lagoa bonita,lagoa bonita
geolocation.geolocation_city,lagoa bonita do sul,lagoa bonita do sul
geolocation.geolocation_city,lagoa branca,lagoa branca
geolocation.geolocation_city,lagoa d'anta,lagoa d anta
geolocation.geolocation_city,lagoa da canoa,lagoa da canoa
geolocation.geolocation_city,lagoa da confusao,lagoa da confusao
geolocation.geolocation_city,lagoa da confusão,lagoa da confusao
geolocation.geolocation_city,lagoa da prata,lagoa da prata
geolocation.geolocation_city,lagoa de dentro,lagoa de dentro
geolocation.geolocation_city,lagoa de sao francisco,lagoa de sao francisco
geolocation.geolocation_city,lagoa de velhos,lagoa de velhos
geolocation.geolocation_city,lagoa do barro do piaui,lagoa do barro do piaui
geolocation.geolocation_city,lagoa do carro,lagoa do carro
geolocation.geolocation_city,lagoa do itaenga,lagoa do itaenga
geolocation.geolocation_city,lagoa do mato,lagoa do mato
geolocation.geolocation_city,lagoa do ouro,lagoa do ouro
geolocation.geolocation_city,lagoa do piaui,lagoa do piaui
geolocation.geolocation_city,lagoa do sitio,lagoa do sitio
geolocation.geolocation_city,lagoa do tocantins,lagoa do tocantins
geolocation.geolocation_city,lagoa dos gatos,lagoa dos gatos
geolocation.geolocation_city,lagoa dos patos,lagoa dos patos
geolocation.geolocation_city,lagoa dos tres cantos,lagoa dos tres cantos
geolocation.geolocation_city,lagoa dos três cantos,lagoa dos tres cantos
geolocation.geolocation_city,lagoa dourada,lagoa dourada
geolocation.geolocation_city,lagoa formosa,lagoa formosa
geolocation.geolocation_city,lagoa grande,lagoa grande
geolocation.geolocation_city,lagoa grande do maranhao,lagoa grande do maranhao
geolocation.geolocation_city,lagoa grande do maranhão,lagoa grande do maranhao
geolocation.geolocation_city,lagoa nova,lagoa nova
geolocation.geolocation_city,lagoa real,lagoa real
geolocation.geolocation_city,lagoa salgada,lagoa salgada
geolocation.geolocation_city,lagoa santa,lagoa santa
geolocation.geolocation_city,lagoa seca,lagoa seca
geolocation.geolocation_city,lagoa vermelha,lagoa vermelha
geolocation.geolocation_city,lagoao,lagoao
geolocation.geolocation_city,lagoinha,lagoinha
geolocation.geolocation_city,lagoinha do piaui,lagoinha do piaui
geolocation.geolocation_city,lagoinha do piauí,lagoinha do piaui
geolocation.geolocation_city,lagoão,lagoao
geolocation.geolocation_city,laguna,laguna
geolocation.geolocation_city,laguna carapa,laguna carapa
geolocation.geolocation_city,laguna carapã,laguna carapa
geolocation.geolocation_city,laje,laje
geolocation.geolocation_city,laje do muriae,laje do muriae
geolocation.geolocation_city,laje do muriaé,laje do muriae
geolocation.geolocation_city,laje grande,laje grande
geolocation.geolocation_city,lajeado,lajeado
geolocation.geolocation_city,lajeado do bugre,lajeado do bugre
geolocation.geolocation_city,lajeado grande,lajeado grande
geolocation.geolocation_city,lajeado novo,lajeado novo
geolocation.geolocation_city,lajedao,lajedao
geolocation.geolocation_city,lajedinho,lajedinho
geolocation.geolocation_city,lajedo,lajedo
geolocation.geolocation_city,lajedo do tabocal,lajedo do tabocal
geolocation.geolocation_city,lajes,lajes
geolocation.geolocation_city,lajes pintadas,lajes pintadas
geolocation.geolocation_city,lajinha,lajinha
geolocation.geolocation_city,lamarao,lamarao
geolocation.geolocation_city,lambari,lambari
geolocation.geolocation_city,lambari d%26apos%3boeste,lambari d 26apos 3boeste
geolocation.geolocation_city,lambari d'oeste,lambari d oeste
geolocation.geolocation_city,lambari doeste,lambari doeste
geolocation.geolocation_city,lamim,lamim
geolocation.geolocation_city,lamounier,lamounier
geolocation.geolocation_city,landri sales,landri sales
geolocation.geolocation_city,lapa,lapa
geolocation.geolocation_city,lapao,lapao
geolocation.geolocation_city,lapão,lapao
geolocation.geolocation_city,laranja da terra,laranja da terra
geolocation.geolocation_city,laranjais,laranjais
geolocation.geolocation_city,laranjal,laranjal
geolocation.geolocation_city,laranjal do jari,laranjal do jari
geolocation.geolocation_city,laranjal paulista,laranjal paulista
geolocation.geolocation_city,laranjeiras,laranjeiras
geolocation.geolocation_city,laranjeiras do sul,laranjeiras do sul
geolocation.geolocation_city,lassance,lassance
geolocation.geolocation_city,lastro,lastro
geolocation.geolocation_city,laurentino,laurentino
geolocation.geolocation_city,lauro de freitas,lauro de freitas
geolocation.geolocation_city,lauro muller,lauro muller
geolocation.geolocation_city,lauro müller,lauro muller
geolocation.geolocation_city,lavinia,lavinia
geolocation.geolocation_city,lavras,lavras
geolocation.geolocation_city,lavras da mangabeira,lavras da mangabeira
geolocation.geolocation_city,lavras do sul,lavras do sul
geolocation.geolocation_city,lavras mg,lavras mg
geolocation.geolocation_city,lavras novas,lavras novas
geolocation.geolocation_city,lavrinhas,lavrinhas
geolocation.geolocation_city,lavínia,lavinia
geolocation.geolocation_city,leandro ferreira,leandro ferreira
geolocation.geolocation_city,lebon regis,lebon regis
geolocation.geolocation_city,lebon régis,lebon regis
geolocation.geolocation_city,leme,leme
geolocation.geolocation_city,leme do prado,leme do prado
geolocation.geolocation_city,lencois,lencois
geolocation.geolocation_city,lencois paulista,lencois paulista
geolocation.geolocation_city,lençóis,lencois
geolocation.geolocation_city,lençóis paulista,lencois paulista
geolocation.geolocation_city,leoberto leal,leoberto leal
geolocation.geolocation_city,leopoldina,leopoldina
geolocation.geolocation_city,leopoldo de bulhoes,leopoldo de bulhoes
geolocation.geolocation_city,leopoldo de bulhões,leopoldo de bulhoes
geolocation.geolocation_city,leopolis,leopolis
geolocation.geolocation_city,leópolis,leopolis
geolocation.geolocation_city,liberato salzano,liberato salzano
geolocation.geolocation_city,liberdade,liberdade
geolocation.geolocation_city,licinio de almeida,licinio de almeida
geolocation.geolocation_city,licínio de almeida,licinio de almeida
geolocation.geolocation_city,lidianopolis,lidianopolis
geolocation.geolocation_city,lidice,lidice
geolocation.geolocation_city,lima campos,lima campos
geolocation.geolocation_city,lima duarte,lima duarte
geolocation.geolocation_city,limeira,limeira
geolocation.geolocation_city,limeira d oeste,limeira d oeste
geolocation.geolocation_city,limeira de mantena,limeira de mantena
geolocation.geolocation_city,limeira do oeste,limeira do oeste
geolocation.geolocation_city,limeira do oeste mg,limeira do oeste mg
geolocation.geolocation_city,limoeiro,limoeiro
geolocation.geolocation_city,limoeiro de anadia,limoeiro de anadia
geolocation.geolocation_city,limoeiro do ajuru,limoeiro do ajuru
geolocation.geolocation_city,limoeiro do norte,limoeiro do norte
geolocation.geolocation_city,lindoeste,lindoeste
geolocation.geolocation_city,lindoia,lindoia
geolocation.geolocation_city,lindoia do sul,lindoia do sul
geolocation.geolocation_city,lindolfo collor,lindolfo collor
geolocation.geolocation_city,lindóia,lindoia
geolocation.geolocation_city,lindóia do sul,lindoia do sul
geolocation.geolocation_city,linha nova,linha nova
geolocation.geolocation_city,linhares,linhares
geolocation.geolocation_city,linharesl,linharesl
geolocation.geolocation_city,lins,lins
geolocation.geolocation_city,livramento,livramento
geolocation.geolocation_city,livramento de nossa senhora,livramento de nossa senhora
geolocation.geolocation_city,lizarda,lizarda
geolocation.geolocation_city,loanda,loanda
geolocation.geolocation_city,lobato,lobato
geolocation.geolocation_city,logradouro,logradouro
geolocation.geolocation_city,londrina,londrina
geolocation.geolocation_city,lontra,lontra
geolocation.geolocation_city,lontras,lontras
geolocation.geolocation_city,lorena,lorena
geolocation.geolocation_city,loreto,loreto
geolocation.geolocation_city,lourdes,lourdes
geolocation.geolocation_city,louveira,louveira
geolocation.geolocation_city,luar,luar
geolocation.geolocation_city,lucaia,lucaia
geolocation.geolocation_city,lucas do rio verde,lucas do rio verde
geolocation.geolocation_city,lucelia,lucelia
geolocation.geolocation_city,lucena,lucena
geolocation.geolocation_city,lucianopolis,lucianopolis
geolocation.geolocation_city,lucianópolis,lucianopolis
geolocation.geolocation_city,luciara,luciara
geolocation.geolocation_city,lucrecia,lucrecia
geolocation.geolocation_city,lucrécia,lucrecia
geolocation.geolocation_city,lucélia,lucelia
geolocation.geolocation_city,luis antonio,luis antonio
geolocation.geolocation_city,luis correia,luis correia
geolocation.geolocation_city,luis domingues,luis domingues
geolocation.geolocation_city,luis eduardo magalhaes,luis eduardo magalhaes
geolocation.geolocation_city,luis gomes,luis gomes
geolocation.geolocation_city,luisburgo,luisburgo
geolocation.geolocation_city,luislandia,luislandia
geolocation.geolocation_city,luislândia,luislandia
geolocation.geolocation_city,luiz alves,luiz alves
geolocation.geolocation_city,luiz pires de minas,luiz pires de minas
geolocation.geolocation_city,luiziana,luiziana
geolocation.geolocation_city,luiziania,luiziania
geolocation.geolocation_city,luiziânia,luiziania
geolocation.geolocation_city,luizlandia do oeste,luizlandia do oeste
geolocation.geolocation_city,luizlândia do oeste,luizlandia do oeste
geolocation.geolocation_city,luminarias,luminarias
geolocation.geolocation_city,luminosa,luminosa
geolocation.geolocation_city,luminárias,luminarias
geolocation.geolocation_city,lunardelli,lunardelli
geolocation.geolocation_city,lupercio,lupercio
geolocation.geolocation_city,lupionopolis,lupionopolis
geolocation.geolocation_city,lupionópolis,lupionopolis
geolocation.geolocation_city,lupércio,lupercio
geolocation.geolocation_city,lutecia,lutecia
geolocation.geolocation_city,lutécia,lutecia
geolocation.geolocation_city,luz,luz
geolocation.geolocation_city,luzerna,luzerna
geolocation.geolocation_city,luziania,luziania
geolocation.geolocation_city,luziapolis,luziapolis
geolocation.geolocation_city,luzilandia,luzilandia
geolocation.geolocation_city,luzilândia,luzilandia
geolocation.geolocation_city,luzinopolis,luzinopolis
geolocation.geolocation_city,luzinópolis,luzinopolis
geolocation.geolocation_city,luziânia,luziania
geolocation.geolocation_city,luís antônio,luis antonio
geolocation.geolocation_city,luís correia,luis correia
geolocation.geolocation_city,luís domingues,luis domingues
geolocation.geolocation_city,luís eduardo magalhães,luis eduardo magalhaes
geolocation.geolocation_city,luís gomes,luis gomes
geolocation.geolocation_city,lábrea,labrea
geolocation.geolocation_city,lídice,lidice
geolocation.geolocation_city,macae,macae
geolocation.geolocation_city,macaiba,macaiba
geolocation.geolocation_city,macajuba,macajuba
geolocation.geolocation_city,macambara,macambara
geolocation.geolocation_city,macambira,macambira
geolocation.geolocation_city,macapa,macapa
geolocation.geolocation_city,macaparana,macaparana
geolocation.geolocation_city,macapá,macapa
geolocation.geolocation_city,macarani,macarani
geolocation.geolocation_city,macatuba,macatuba
geolocation.geolocation_city,macau,macau
geolocation.geolocation_city,macaubal,macaubal
geolocation.geolocation_city,macaubas,macaubas
geolocation.geolocation_city,macaé,macae
geolocation.geolocation_city,macaíba,macaiba
geolocation.geolocation_city,macaúbas,macaubas
geolocation.geolocation_city,macedonia,macedonia
geolocation.geolocation_city,macedônia,macedonia
geolocation.geolocation_city,maceia³,maceia
geolocation.geolocation_city,maceio,maceio
geolocation.geolocation_city,maceió,maceio
geolocation.geolocation_city,machacalis,machacalis
geolocation.geolocation_city,machadinho,machadinho
geolocation.geolocation_city,machadinho d oeste,machadinho d oeste
geolocation.geolocation_city,machadinho d'oeste,machadinho d oeste
geolocation.geolocation_city,machadinho doeste,machadinho doeste
geolocation.geolocation_city,machado,machado
geolocation.geolocation_city,machados,machados
geolocation.geolocation_city,macieira,macieira
geolocation.geolocation_city,macuco,macuco
geolocation.geolocation_city,macuco de minas,macuco de minas
geolocation.geolocation_city,macurure,macurure
geolocation.geolocation_city,macururé,macurure
geolocation.geolocation_city,madalena,madalena
geolocation.geolocation_city,madeiro,madeiro
geolocation.geolocation_city,madre de deus,madre de deus
geolocation.geolocation_city,madre de deus de minas,madre de deus de minas
geolocation.geolocation_city,mae d'agua,mae d agua
geolocation.geolocation_city,mae do rio,mae do rio
geolocation.geolocation_city,maetinga,maetinga
geolocation.geolocation_city,mafra,mafra
geolocation.geolocation_city,magalhaes barata,magalhaes barata
geolocation.geolocation_city,magalhaes de almeida,magalhaes de almeida
geolocation.geolocation_city,magalhães de almeida,magalhaes de almeida
geolocation.geolocation_city,magda,magda
geolocation.geolocation_city,mage,mage
geolocation.geolocation_city,magé,mage
geolocation.geolocation_city,maiauata,maiauata
geolocation.geolocation_city,maiquinique,maiquinique
geolocation.geolocation_city,mairi,mairi
geolocation.geolocation_city,mairinque,mairinque
geolocation.geolocation_city,mairipora,mairipora
geolocation.geolocation_city,mairiporã,mairipora
geolocation.geolocation_city,mairipotaba,mairipotaba
geolocation.geolocation_city,major gercino,major gercino
geolocation.geolocation_city,major isidoro,major isidoro
geolocation.geolocation_city,major sales,major sales
geolocation.geolocation_city,major vieira,major vieira
geolocation.geolocation_city,malacacheta,malacacheta
geolocation.geolocation_city,malhada,malhada
geolocation.geolocation_city,malhada de pedras,malhada de pedras
geolocation.geolocation_city,malhada dos bois,malhada dos bois
geolocation.geolocation_city,malhador,malhador
geolocation.geolocation_city,mallet,mallet
geolocation.geolocation_city,malta,malta
geolocation.geolocation_city,mamanguape,mamanguape
geolocation.geolocation_city,mambai,mambai
geolocation.geolocation_city,mambaí,mambai
geolocation.geolocation_city,mambore,mambore
geolocation.geolocation_city,mamborê,mambore
geolocation.geolocation_city,mamonas,mamonas
geolocation.geolocation_city,manacapuru,manacapuru
geolocation.geolocation_city,manaira,manaira
geolocation.geolocation_city,manaquiri,manaquiri
geolocation.geolocation_city,manari,manari
geolocation.geolocation_city,manaus,manaus
geolocation.geolocation_city,manaíra,manaira
geolocation.geolocation_city,mancio lima,mancio lima
geolocation.geolocation_city,mandaguacu,mandaguacu
geolocation.geolocation_city,mandaguari,mandaguari
geolocation.geolocation_city,mandaguaçu,mandaguacu
geolocation.geolocation_city,mandirituba,mandirituba
geolocation.geolocation_city,manduri,manduri
geolocation.geolocation_city,manfrinopolis,manfrinopolis
geolocation.geolocation_city,manga,manga
geolocation.geolocation_city,mangabeira,mangabeira
geolocation.geolocation_city,mangaratiba,mangaratiba
geolocation.geolocation_city,mangueirinha,mangueirinha
geolocation.geolocation_city,manhuacu,manhuacu
geolocation.geolocation_city,manhuaçu,manhuacu
geolocation.geolocation_city,manhumirim,manhumirim
geolocation.geolocation_city,maniacu,maniacu
geolocation.geolocation_city,manicore,manicore
geolocation.geolocation_city,manicoré,manicore
geolocation.geolocation_city,manoel emidio,manoel emidio
geolocation.geolocation_city,manoel emídio,manoel emidio
geolocation.geolocation_city,manoel ribas,manoel ribas
geolocation.geolocation_city,manoel urbano,manoel urbano
geolocation.geolocation_city,manoel viana,manoel viana
geolocation.geolocation_city,manoel vitorino,manoel vitorino
geolocation.geolocation_city,mansidao,mansidao
geolocation.geolocation_city,mansidão,mansidao
geolocation.geolocation_city,mantena,mantena
geolocation.geolocation_city,mantenopolis,mantenopolis
geolocation.geolocation_city,mantenópolis,mantenopolis
geolocation.geolocation_city,mantiqueira do palmital,mantiqueira do palmital
geolocation.geolocation_city,manuel duarte,manuel duarte
geolocation.geolocation_city,maquine,maquine
geolocation.geolocation_city,maquiné,maquine
geolocation.geolocation_city,mar de espanha,mar de espanha
geolocation.geolocation_city,mar vermelho,mar vermelho
geolocation.geolocation_city,mara rosa,mara rosa
geolocation.geolocation_city,maraa,maraa
geolocation.geolocation_city,maraba,maraba
geolocation.geolocation_city,maraba paulista,maraba paulista
geolocation.geolocation_city,marabá,maraba
geolocation.geolocation_city,maracacume,maracacume
geolocation.geolocation_city,maracai,maracai
geolocation.geolocation_city,maracaja,maracaja
geolocation.geolocation_city,maracaju,maracaju
geolocation.geolocation_city,maracajá,maracaja
geolocation.geolocation_city,maracana,maracana
geolocation.geolocation_city,maracanau,maracanau
geolocation.geolocation_city,maracanaú,maracanau
geolocation.geolocation_city,maracanã,maracana
geolocation.geolocation_city,maracas,maracas
geolocation.geolocation_city,maracaçumé,maracacume
geolocation.geolocation_city,maracaí,maracai
geolocation.geolocation_city,maracás,maracas
geolocation.geolocation_city,maragogi,maragogi
geolocation.geolocation_city,maragogipe,maragogipe
geolocation.geolocation_city,maraial,maraial
geolocation.geolocation_city,maraja do sena,maraja do sena
geolocation.geolocation_city,marambainha,marambainha
geolocation.geolocation_city,maranguape,maranguape
geolocation.geolocation_city,maranhaozinho,maranhaozinho
geolocation.geolocation_city,maranhãozinho,maranhaozinho
geolocation.geolocation_city,marapanim,marapanim
geolocation.geolocation_city,marapoama,marapoama
geolocation.geolocation_city,marata,marata
geolocation.geolocation_city,marataizes,marataizes
geolocation.geolocation_city,marataízes,marataizes
geolocation.geolocation_city,marau,marau
geolocation.geolocation_city,maravilha,maravilha
geolocation.geolocation_city,maravilhas,maravilhas
geolocation.geolocation_city,maraã,maraa
geolocation.geolocation_city,maraú,marau
geolocation.geolocation_city,marcelandia,marcelandia
geolocation.geolocation_city,marcelino ramos,marcelino ramos
geolocation.geolocation_city,marcelino vieira,marcelino vieira
geolocation.geolocation_city,marcelândia,marcelandia
geolocation.geolocation_city,marcionilio souza,marcionilio souza
geolocation.geolocation_city,marcionílio souza,marcionilio souza
geolocation.geolocation_city,marco,marco
geolocation.geolocation_city,marcolandia,marcolandia
geolocation.geolocation_city,marcolândia,marcolandia
geolocation.geolocation_city,marcos parente,marcos parente
geolocation.geolocation_city,marechal candido rondon,marechal candido rondon
geolocation.geolocation_city,marechal cândido rondon,marechal candido rondon
geolocation.geolocation_city,marechal deodoro,marechal deodoro
geolocation.geolocation_city,marechal floriano,marechal floriano
geolocation.geolocation_city,marechal thaumaturgo,marechal thaumaturgo
geolocation.geolocation_city,marema,marema
geolocation.geolocation_city,maresias,maresias
geolocation.geolocation_city,mari,mari
geolocation.geolocation_city,maria da fe,maria da fe
geolocation.geolocation_city,maria da fé,maria da fe
geolocation.geolocation_city,maria helena,maria helena
geolocation.geolocation_city,marialva,marialva
geolocation.geolocation_city,mariana,mariana
geolocation.geolocation_city,mariana pimentel,mariana pimentel
geolocation.geolocation_city,mariano moro,mariano moro
geolocation.geolocation_city,marianopolis do tocantins,marianopolis do tocantins
geolocation.geolocation_city,marianópolis do tocantins,marianopolis do tocantins
geolocation.geolocation_city,mariapolis,mariapolis
geolocation.geolocation_city,maribondo,maribondo
geolocation.geolocation_city,marica,marica
geolocation.geolocation_city,maricá,marica
geolocation.geolocation_city,mariental,mariental
geolocation.geolocation_city,marilac,marilac
geolocation.geolocation_city,marilandia,marilandia
geolocation.geolocation_city,marilandia do sul,marilandia do sul
geolocation.geolocation_city,marilena,marilena
geolocation.geolocation_city,marilia,marilia
geolocation.geolocation_city,mariluz,mariluz
geolocation.geolocation_city,marilândia,marilandia
geolocation.geolocation_city,marilândia do sul,marilandia do sul
geolocation.geolocation_city,maringa,maringa
geolocation.geolocation_city,maringá,maringa
geolocation.geolocation_city,marinopolis,marinopolis
geolocation.geolocation_city,marinópolis,marinopolis
geolocation.geolocation_city,mario campos,mario campos
geolocation.geolocation_city,mariopolis,mariopolis
geolocation.geolocation_city,maripa,maripa
geolocation.geolocation_city,maripa de minas,maripa de minas
geolocation.geolocation_city,maripá,maripa
geolocation.geolocation_city,maristela,maristela
geolocation.geolocation_city,marituba,marituba
geolocation.geolocation_city,marizopolis,marizopolis
geolocation.geolocation_city,mariápolis,mariapolis
geolocation.geolocation_city,mariópolis,mariopolis
geolocation.geolocation_city,marlieria,marlieria
geolocation.geolocation_city,marliéria,marlieria
geolocation.geolocation_city,marmeleiro,marmeleiro
geolocation.geolocation_city,marmelopolis,marmelopolis
geolocation.geolocation_city,marmelópolis,marmelopolis
geolocation.geolocation_city,marques de souza,marques de souza
geolocation.geolocation_city,marquinho,marquinho
geolocation.geolocation_city,martinesia,martinesia
geolocation.geolocation_city,martinho campos,martinho campos
geolocation.geolocation_city,martinho prado junior,martinho prado junior
geolocation.geolocation_city,martinopole,martinopole
geolocation.geolocation_city,martinopolis,martinopolis
geolocation.geolocation_city,martins,martins
geolocation.geolocation_city,martins guimaraes,martins guimaraes
geolocation.geolocation_city,martins soares,martins soares
geolocation.geolocation_city,martinópole,martinopole
geolocation.geolocation_city,martinópolis,martinopolis
geolocation.geolocation_city,maruim,maruim
geolocation.geolocation_city,marumbi,marumbi
geolocation.geolocation_city,marzagao,marzagao
geolocation.geolocation_city,marzagão,marzagao
geolocation.geolocation_city,marília,marilia
geolocation.geolocation_city,mascote,mascote
geolocation.geolocation_city,massape,massape
geolocation.geolocation_city,massape do piaui,massape do piaui
geolocation.geolocation_city,massapê,massape
geolocation.geolocation_city,massaranduba,massaranduba
geolocation.geolocation_city,mata,mata
geolocation.geolocation_city,mata de sao joao,mata de sao joao
geolocation.geolocation_city,mata de são joão,mata de sao joao
geolocation.geolocation_city,mata grande,mata grande
geolocation.geolocation_city,mata roma,mata roma
geolocation.geolocation_city,mata verde,mata verde
geolocation.geolocation_city,matao,matao
geolocation.geolocation_city,mataraca,mataraca
geolocation.geolocation_city,mateiros,mateiros
geolocation.geolocation_city,matelandia,matelandia
geolocation.geolocation_city,matelândia,matelandia
geolocation.geolocation_city,materlandia,materlandia
geolocation.geolocation_city,materlândia,materlandia
geolocation.geolocation_city,mateus leme,mateus leme
geolocation.geolocation_city,mathias lobato,mathias lobato
geolocation.geolocation_city,matias barbosa,matias barbosa
geolocation.geolocation_city,matias cardoso,matias cardoso
geolocation.geolocation_city,matias olimpio,matias olimpio
geolocation.geolocation_city,matias olímpio,matias olimpio
geolocation.geolocation_city,matina,matina
geolocation.geolocation_city,matinha,matinha
geolocation.geolocation_city,matinhas,matinhas
geolocation.geolocation_city,matinhos,matinhos
geolocation.geolocation_city,matipo,matipo
geolocation.geolocation_city,matipó,matipo
geolocation.geolocation_city,mato castelhano,mato castelhano
geolocation.geolocation_city,mato grosso,mato grosso
geolocation.geolocation_city,mato leitao,mato leitao
geolocation.geolocation_city,mato leitão,mato leitao
geolocation.geolocation_city,mato queimado,mato queimado
geolocation.geolocation_city,mato rico,mato rico
geolocation.geolocation_city,mato verde,mato verde
geolocation.geolocation_city,matoes,matoes
geolocation.geolocation_city,matoes do norte,matoes do norte
geolocation.geolocation_city,matos costa,matos costa
geolocation.geolocation_city,matozinhos,matozinhos
geolocation.geolocation_city,matrincha,matrincha
geolocation.geolocation_city,matrinchã,matrincha
geolocation.geolocation_city,matriz de camaragibe,matriz de camaragibe
geolocation.geolocation_city,matupa,matupa
geolocation.geolocation_city,matupá,matupa
geolocation.geolocation_city,matureia,matureia
geolocation.geolocation_city,matutina,matutina
geolocation.geolocation_city,matão,matao
geolocation.geolocation_city,matões,matoes
geolocation.geolocation_city,maua,maua
geolocation.geolocation_city,maua da serra,maua da serra
geolocation.geolocation_city,maues,maues
geolocation.geolocation_city,maurilandia,maurilandia
geolocation.geolocation_city,maurilandia do tocantins,maurilandia do tocantins
geolocation.geolocation_city,maurilândia,maurilandia
geolocation.geolocation_city,maurilândia do tocantins,maurilandia do tocantins
geolocation.geolocation_city,mauriti,mauriti
geolocation.geolocation_city,mauá,maua
geolocation.geolocation_city,mauá da serra,maua da serra
geolocation.geolocation_city,maués,maues
geolocation.geolocation_city,maximiliano de almeida,maximiliano de almeida
geolocation.geolocation_city,mazagao,mazagao
geolocation.geolocation_city,maçambará,macambara
geolocation.geolocation_city,medeiros,medeiros
geolocation.geolocation_city,medeiros neto,medeiros neto
geolocation.geolocation_city,medianeira,medianeira
geolocation.geolocation_city,medicilandia,medicilandia
geolocation.geolocation_city,medicilândia,medicilandia
geolocation.geolocation_city,medina,medina
geolocation.geolocation_city,meleiro,meleiro
geolocation.geolocation_city,melgaco,melgaco
geolocation.geolocation_city,melgaço,melgaco
geolocation.geolocation_city,melo viana,melo viana
geolocation.geolocation_city,mendes,mendes
geolocation.geolocation_city,mendes pimentel,mendes pimentel
geolocation.geolocation_city,mendonca,mendonca
geolocation.geolocation_city,mendonça,mendonca
geolocation.geolocation_city,menino jesus,menino jesus
geolocation.geolocation_city,mercedes,mercedes
geolocation.geolocation_city,merces,merces
geolocation.geolocation_city,merces de agua limpa,merces de agua limpa
geolocation.geolocation_city,mercês,merces
geolocation.geolocation_city,mercês de água limpa,merces de agua limpa
geolocation.geolocation_city,meridiano,meridiano
geolocation.geolocation_city,meruoca,meruoca
geolocation.geolocation_city,mesopolis,mesopolis
geolocation.geolocation_city,mesquita,mesquita
geolocation.geolocation_city,messias,messias
geolocation.geolocation_city,messias targino,messias targino
geolocation.geolocation_city,miguel alves,miguel alves
geolocation.geolocation_city,miguel calmon,miguel calmon
geolocation.geolocation_city,miguel leao,miguel leao
geolocation.geolocation_city,miguel pereira,miguel pereira
geolocation.geolocation_city,miguelopolis,miguelopolis
geolocation.geolocation_city,miguelópolis,miguelopolis
geolocation.geolocation_city,milagres,milagres
geolocation.geolocation_city,milagres do maranhao,milagres do maranhao
geolocation.geolocation_city,milagres do maranhão,milagres do maranhao
geolocation.geolocation_city,milha,milha
geolocation.geolocation_city,milho verde,milho verde
geolocation.geolocation_city,milhã,milha
geolocation.geolocation_city,milton brandao,milton brandao
geolocation.geolocation_city,mimoso de goias,mimoso de goias
geolocation.geolocation_city,mimoso de goiás,mimoso de goias
geolocation.geolocation_city,mimoso do sul,mimoso do sul
geolocation.geolocation_city,minacu,minacu
geolocation.geolocation_city,minas do leao,minas do leao
geolocation.geolocation_city,minas do leão,minas do leao
geolocation.geolocation_city,minas novas,minas novas
geolocation.geolocation_city,minaçu,minacu
geolocation.geolocation_city,minduri,minduri
geolocation.geolocation_city,mineirolândia,mineirolandia
geolocation.geolocation_city,mineiros,mineiros
geolocation.geolocation_city,mineiros do tiete,mineiros do tiete
geolocation.geolocation_city,mineiros do tietê,mineiros do tiete
geolocation.geolocation_city,ministro andreazza,ministro andreazza
geolocation.geolocation_city,mira estrela,mira estrela
geolocation.geolocation_city,mirabela,mirabela
geolocation.geolocation_city,miracatu,miracatu
geolocation.geolocation_city,miracema,miracema
geolocation.geolocation_city,miracema do tocantins,miracema do tocantins
geolocation.geolocation_city,mirador,mirador
geolocation.geolocation_city,miradouro,miradouro
geolocation.geolocation_city,miraguai,miraguai
geolocation.geolocation_city,miraguaí,miraguai
geolocation.geolocation_city,mirai,mirai
geolocation.geolocation_city,miraima,miraima
geolocation.geolocation_city,miranda,miranda
geolocation.geolocation_city,miranda do norte,miranda do norte
geolocation.geolocation_city,mirandiba,mirandiba
geolocation.geolocation_city,mirandopolis,mirandopolis
geolocation.geolocation_city,mirandópolis,mirandopolis
geolocation.geolocation_city,mirangaba,mirangaba
geolocation.geolocation_city,miranorte,miranorte
geolocation.geolocation_city,mirante,mirante
geolocation.geolocation_city,mirante da serra,mirante da serra
geolocation.geolocation_city,mirante do paranapanema,mirante do paranapanema
geolocation.geolocation_city,miraselva,miraselva
geolocation.geolocation_city,mirassol,mirassol
geolocation.geolocation_city,mirassol d oeste,mirassol d oeste
geolocation.geolocation_city,mirassol d'oeste,mirassol d oeste
geolocation.geolocation_city,mirassol doeste,mirassol doeste
geolocation.geolocation_city,mirassolandia,mirassolandia
geolocation.geolocation_city,mirassolândia,mirassolandia
geolocation.geolocation_city,miravania,miravania
geolocation.geolocation_city,miraí,mirai
geolocation.geolocation_city,mirim doce,mirim doce
geolocation.geolocation_city,mirinzal,mirinzal
geolocation.geolocation_city,missal,missal
geolocation.geolocation_city,missao velha,missao velha
geolocation.geolocation_city,missão velha,missao velha
geolocation.geolocation_city,mocajuba,mocajuba
geolocation.geolocation_city,mocambeiro,mocambeiro
geolocation.geolocation_city,mococa,mococa
geolocation.geolocation_city,modelo,modelo
geolocation.geolocation_city,moeda,moeda
geolocation.geolocation_city,moema,moema
geolocation.geolocation_city,mogeiro,mogeiro
geolocation.geolocation_city,mogi das cruzes,mogi das cruzes
geolocation.geolocation_city,mogi guacu,mogi guacu
geolocation.geolocation_city,mogi guaçu,mogi guacu
geolocation.geolocation_city,mogi mirim,mogi mirim
geolocation.geolocation_city,mogi-guacu,mogi guacu
geolocation.geolocation_city,mogi-mirim,mogi mirim
geolocation.geolocation_city,mogidascruzes,mogidascruzes
geolocation.geolocation_city,moipora,moipora
geolocation.geolocation_city,moita bonita,moita bonita
geolocation.geolocation_city,moju,moju
geolocation.geolocation_city,mojui dos campos,mojui dos campos
geolocation.geolocation_city,mojuí dos campos,mojui dos campos
geolocation.geolocation_city,mombaca,mombaca
geolocation.geolocation_city,mombaça,mombaca
geolocation.geolocation_city,mombuca,mombuca
geolocation.geolocation_city,moncao,moncao
geolocation.geolocation_city,moncoes,moncoes
geolocation.geolocation_city,mondai,mondai
geolocation.geolocation_city,mondaí,mondai
geolocation.geolocation_city,mongagua,mongagua
geolocation.geolocation_city,mongaguá,mongagua
geolocation.geolocation_city,monjolos,monjolos
geolocation.geolocation_city,monsenhor gil,monsenhor gil
geolocation.geolocation_city,monsenhor hipolito,monsenhor hipolito
geolocation.geolocation_city,monsenhor hipólito,monsenhor hipolito
geolocation.geolocation_city,monsenhor horta,monsenhor horta
geolocation.geolocation_city,monsenhor joao alexandre,monsenhor joao alexandre
geolocation.geolocation_city,monsenhor paulo,monsenhor paulo
geolocation.geolocation_city,monsenhor tabosa,monsenhor tabosa
geolocation.geolocation_city,montadas,montadas
geolocation.geolocation_city,montalvania,montalvania
geolocation.geolocation_city,montalvânia,montalvania
geolocation.geolocation_city,montanha,montanha
geolocation.geolocation_city,montanhas,montanhas
geolocation.geolocation_city,montauri,montauri
geolocation.geolocation_city,monte alegre,monte alegre
geolocation.geolocation_city,monte alegre de goias,monte alegre de goias
geolocation.geolocation_city,monte alegre de goiás,monte alegre de goias
geolocation.geolocation_city,monte alegre de minas,monte alegre de minas
geolocation.geolocation_city,monte alegre de sergipe,monte alegre de sergipe
geolocation.geolocation_city,monte alegre do piaui,monte alegre do piaui
geolocation.geolocation_city,monte alegre do sul,monte alegre do sul
geolocation.geolocation_city,monte alegre dos campos,monte alegre dos campos
geolocation.geolocation_city,monte alto,monte alto
geolocation.geolocation_city,monte alverne,monte alverne
geolocation.geolocation_city,monte aprazivel,monte aprazivel
geolocation.geolocation_city,monte aprazível,monte aprazivel
geolocation.geolocation_city,monte azul,monte azul
geolocation.geolocation_city,monte azul paulista,monte azul paulista
geolocation.geolocation_city,monte belo,monte belo
geolocation.geolocation_city,monte belo do sul,monte belo do sul
geolocation.geolocation_city,monte bonito,monte bonito
geolocation.geolocation_city,monte carlo,monte carlo
geolocation.geolocation_city,monte carmelo,monte carmelo
geolocation.geolocation_city,monte castelo,monte castelo
geolocation.geolocation_city,monte das gameleiras,monte das gameleiras
geolocation.geolocation_city,monte do carmo,monte do carmo
geolocation.geolocation_city,monte formoso,monte formoso
geolocation.geolocation_city,monte gordo,monte gordo
geolocation.geolocation_city,monte gordo (camacari) - distrito,monte gordo camacari distrito
geolocation.geolocation_city,monte horebe,monte horebe
geolocation.geolocation_city,monte mor,monte mor
geolocation.geolocation_city,monte negro,monte negro
geolocation.geolocation_city,monte santo,monte santo
geolocation.geolocation_city,monte santo de minas,monte santo de minas
geolocation.geolocation_city,monte santo do tocantins,monte santo do tocantins
geolocation.geolocation_city,monte siao,monte siao
geolocation.geolocation_city,monte sinai,monte sinai
geolocation.geolocation_city,monte sião,monte siao
geolocation.geolocation_city,monte verde,monte verde
geolocation.geolocation_city,monte verde paulista,monte verde paulista
geolocation.geolocation_city,monteiro,monteiro
geolocation.geolocation_city,monteiro lobato,monteiro lobato
geolocation.geolocation_city,monteiropolis,monteiropolis
geolocation.geolocation_city,montenegro,montenegro
geolocation.geolocation_city,montes altos,montes altos
geolocation.geolocation_city,montes claros,montes claros
geolocation.geolocation_city,montes claros de goias,montes claros de goias
geolocation.geolocation_city,montes claros de goiás,montes claros de goias
geolocation.geolocation_city,montese,montese
geolocation.geolocation_city,montezuma,montezuma
geolocation.geolocation_city,montividiu,montividiu
geolocation.geolocation_city,montividiu do norte,montividiu do norte
geolocation.geolocation_city,monção,moncao
geolocation.geolocation_city,monções,moncoes
geolocation.geolocation_city,morada nova,morada nova
geolocation.geolocation_city,morada nova de minas,morada nova de minas
geolocation.geolocation_city,moraujo,moraujo
geolocation.geolocation_city,moreilandia,moreilandia
geolocation.geolocation_city,moreilândia,moreilandia
geolocation.geolocation_city,moreira sales,moreira sales
geolocation.geolocation_city,moreno,moreno
geolocation.geolocation_city,mormaco,mormaco
geolocation.geolocation_city,mormaço,mormaco
geolocation.geolocation_city,morpara,morpara
geolocation.geolocation_city,morpará,morpara
geolocation.geolocation_city,morretes,morretes
geolocation.geolocation_city,morrinhos,morrinhos
geolocation.geolocation_city,morrinhos do sul,morrinhos do sul
geolocation.geolocation_city,morro agudo,morro agudo
geolocation.geolocation_city,morro agudo de goias,morro agudo de goias
geolocation.geolocation_city,morro agudo de goiás,morro agudo de goias
geolocation.geolocation_city,morro cabeca no tempo,morro cabeca no tempo
geolocation.geolocation_city,morro cabeça no tempo,morro cabeca no tempo
geolocation.geolocation_city,morro chato,morro chato
geolocation.geolocation_city,morro da fumaca,morro da fumaca
geolocation.geolocation_city,morro da fumaça,morro da fumaca
geolocation.geolocation_city,morro da garca,morro da garca
geolocation.geolocation_city,morro de sao paulo,morro de sao paulo
geolocation.geolocation_city,morro de são paulo,morro de sao paulo
geolocation.geolocation_city,morro do chapeu,morro do chapeu
geolocation.geolocation_city,morro do chapeu do piaui,morro do chapeu do piaui
geolocation.geolocation_city,morro do chapéu,morro do chapeu
geolocation.geolocation_city,morro do coco,morro do coco
geolocation.geolocation_city,morro do ferro,morro do ferro
geolocation.geolocation_city,morro do pilar,morro do pilar
geolocation.geolocation_city,morro grande,morro grande
geolocation.geolocation_city,morro redondo,morro redondo
geolocation.geolocation_city,morro reuter,morro reuter
geolocation.geolocation_city,morro vermelho,morro vermelho
geolocation.geolocation_city,morros,morros
geolocation.geolocation_city,mortugaba,mortugaba
geolocation.geolocation_city,morungaba,morungaba
geolocation.geolocation_city,mossamedes,mossamedes
geolocation.geolocation_city,mossoro,mossoro
geolocation.geolocation_city,mossoró,mossoro
geolocation.geolocation_city,mossâmedes,mossamedes
geolocation.geolocation_city,mostardas,mostardas
geolocation.geolocation_city,motuca,motuca
geolocation.geolocation_city,mozarlandia,mozarlandia
geolocation.geolocation_city,mozarlândia,mozarlandia
geolocation.geolocation_city,muana,muana
geolocation.geolocation_city,muaná,muana
geolocation.geolocation_city,mucajai,mucajai
geolocation.geolocation_city,mucambo,mucambo
geolocation.geolocation_city,mucuge,mucuge
geolocation.geolocation_city,mucugê,mucuge
geolocation.geolocation_city,mucum,mucum
geolocation.geolocation_city,mucuri,mucuri
geolocation.geolocation_city,mucurici,mucurici
geolocation.geolocation_city,muitos capoes,muitos capoes
geolocation.geolocation_city,mujui dos campos,mujui dos campos
geolocation.geolocation_city,muliterno,muliterno
geolocation.geolocation_city,mulungu,mulungu
geolocation.geolocation_city,mulungu do morro,mulungu do morro
geolocation.geolocation_city,mundo novo,mundo novo
geolocation.geolocation_city,munhoz,munhoz
geolocation.geolocation_city,munhoz de melo,munhoz de melo
geolocation.geolocation_city,muniz ferreira,muniz ferreira
geolocation.geolocation_city,muniz freire,muniz freire
geolocation.geolocation_city,muquem de sao francisco,muquem de sao francisco
geolocation.geolocation_city,muquem do sao francisco,muquem do sao francisco
geolocation.geolocation_city,muqui,muqui
geolocation.geolocation_city,muquém de são francisco,muquem de sao francisco
geolocation.geolocation_city,muriae,muriae
geolocation.geolocation_city,muriaé,muriae
geolocation.geolocation_city,muribeca,muribeca
geolocation.geolocation_city,murici,murici
geolocation.geolocation_city,murici dos portelas,murici dos portelas
geolocation.geolocation_city,muricilandia,muricilandia
geolocation.geolocation_city,muritiba,muritiba
geolocation.geolocation_city,murucupi,murucupi
geolocation.geolocation_city,murutinga do sul,murutinga do sul
geolocation.geolocation_city,mutuipe,mutuipe
geolocation.geolocation_city,mutum,mutum
geolocation.geolocation_city,mutum parana,mutum parana
geolocation.geolocation_city,mutunopolis,mutunopolis
geolocation.geolocation_city,mutunópolis,mutunopolis
geolocation.geolocation_city,mutuípe,mutuipe
geolocation.geolocation_city,muzambinho,muzambinho
geolocation.geolocation_city,muçum,mucum
geolocation.geolocation_city,mágda,magda
geolocation.geolocation_city,mário campos,mario campos
geolocation.geolocation_city,mâncio lima,mancio lima
geolocation.geolocation_city,mãe d'água,mae d agua
geolocation.geolocation_city,mãe do rio,mae do rio
geolocation.geolocation_city,nacip raydan,nacip raydan
geolocation.geolocation_city,nantes,nantes
geolocation.geolocation_city,nanuque,nanuque
geolocation.geolocation_city,nao-me-toque,nao me toque
geolocation.geolocation_city,naque,naque
geolocation.geolocation_city,naque-nanuque,naque nanuque
geolocation.geolocation_city,narandiba,narandiba
geolocation.geolocation_city,natal,natal
geolocation.geolocation_city,natalandia,natalandia
geolocation.geolocation_city,natalândia,natalandia
geolocation.geolocation_city,natercia,natercia
geolocation.geolocation_city,natividade,natividade
geolocation.geolocation_city,natividade da serra,natividade da serra
geolocation.geolocation_city,natuba,natuba
geolocation.geolocation_city,natércia,natercia
geolocation.geolocation_city,navegantes,navegantes
geolocation.geolocation_city,navirai,navirai
geolocation.geolocation_city,naviraí,navirai
geolocation.geolocation_city,nazare,nazare
geolocation.geolocation_city,nazare da mata,nazare da mata
geolocation.geolocation_city,nazare do piaui,nazare do piaui
geolocation.geolocation_city,nazare paulista,nazare paulista
geolocation.geolocation_city,nazareno,nazareno
geolocation.geolocation_city,nazarezinho,nazarezinho
geolocation.geolocation_city,nazario,nazario
geolocation.geolocation_city,nazaré,nazare
geolocation.geolocation_city,nazaré da mata,nazare da mata
geolocation.geolocation_city,nazaré paulista,nazare paulista
geolocation.geolocation_city,nazário,nazario
geolocation.geolocation_city,nelson de sena,nelson de sena
geolocation.geolocation_city,neolandia,neolandia
geolocation.geolocation_city,neolândia,neolandia
geolocation.geolocation_city,neopolis,neopolis
geolocation.geolocation_city,nepomuceno,nepomuceno
geolocation.geolocation_city,neropolis,neropolis
geolocation.geolocation_city,nerópolis,neropolis
geolocation.geolocation_city,neves paulista,neves paulista
geolocation.geolocation_city,neópolis,neopolis
geolocation.geolocation_city,nhamunda,nhamunda
geolocation.geolocation_city,nhandeara,nhandeara
geolocation.geolocation_city,nicolau vergueiro,nicolau vergueiro
geolocation.geolocation_city,nilo pecanha,nilo pecanha
geolocation.geolocation_city,nilo peçanha,nilo pecanha
geolocation.geolocation_city,nilopolis,nilopolis
geolocation.geolocation_city,nilópolis,nilopolis
geolocation.geolocation_city,nina rodrigues,nina rodrigues
geolocation.geolocation_city,ninheira,ninheira
geolocation.geolocation_city,nioaque,nioaque
geolocation.geolocation_city,nipoa,nipoa
geolocation.geolocation_city,nipoã,nipoa
geolocation.geolocation_city,niquelandia,niquelandia
geolocation.geolocation_city,niquelândia,niquelandia
geolocation.geolocation_city,nisia floresta,nisia floresta
geolocation.geolocation_city,niteroi,niteroi
geolocation.geolocation_city,niterói,niteroi
geolocation.geolocation_city,nobres,nobres
geolocation.geolocation_city,nonoai,nonoai
geolocation.geolocation_city,nordestina,nordestina
geolocation.geolocation_city,normandia,normandia
geolocation.geolocation_city,nortelandia,nortelandia
geolocation.geolocation_city,nortelândia,nortelandia
geolocation.geolocation_city,nossa senhora aparecida,nossa senhora aparecida
geolocation.geolocation_city,nossa senhora da aparecida,nossa senhora da aparecida
geolocation.geolocation_city,nossa senhora da gloria,nossa senhora da gloria
geolocation.geolocation_city,nossa senhora da glória,nossa senhora da gloria
geolocation.geolocation_city,nossa senhora da guia,nossa senhora da guia
geolocation.geolocation_city,nossa senhora da luz,nossa senhora da luz
geolocation.geolocation_city,nossa senhora das dores,nossa senhora das dores
geolocation.geolocation_city,nossa senhora das gracas,nossa senhora das gracas
geolocation.geolocation_city,nossa senhora das graças,nossa senhora das gracas
geolocation.geolocation_city,nossa senhora de caravaggio,nossa senhora de caravaggio
geolocation.geolocation_city,nossa senhora de lourdes,nossa senhora de lourdes
geolocation.geolocation_city,nossa senhora de nazare,nossa senhora de nazare
geolocation.geolocation_city,nossa senhora do livramento,nossa senhora do livramento
geolocation.geolocation_city,nossa senhora do o,nossa senhora do o
geolocation.geolocation_city,nossa senhora do socorro,nossa senhora do socorro
geolocation.geolocation_city,nossa senhora do ó,nossa senhora do o
geolocation.geolocation_city,nossa senhora dos remedios,nossa senhora dos remedios
geolocation.geolocation_city,nova alexandria,nova alexandria
geolocation.geolocation_city,nova alianca,nova alianca
geolocation.geolocation_city,nova alianca do ivai,nova alianca do ivai
geolocation.geolocation_city,nova aliança,nova alianca
geolocation.geolocation_city,nova aliança do ivaí,nova alianca do ivai
geolocation.geolocation_city,nova alvorada,nova alvorada
geolocation.geolocation_city,nova alvorada do sul,nova alvorada do sul
geolocation.geolocation_city,nova america,nova america
geolocation.geolocation_city,nova america da colina,nova america da colina
geolocation.geolocation_city,nova américa,nova america
geolocation.geolocation_city,nova américa da colina,nova america da colina
geolocation.geolocation_city,nova andradina,nova andradina
geolocation.geolocation_city,nova araca,nova araca
geolocation.geolocation_city,nova araçá,nova araca
geolocation.geolocation_city,nova aurora,nova aurora
geolocation.geolocation_city,nova bandeirantes,nova bandeirantes
geolocation.geolocation_city,nova bassano,nova bassano
geolocation.geolocation_city,nova belem,nova belem
geolocation.geolocation_city,nova boa vista,nova boa vista
geolocation.geolocation_city,nova brasilandia,nova brasilandia
geolocation.geolocation_city,nova brasilandia d oeste,nova brasilandia d oeste
geolocation.geolocation_city,nova brasilandia d'oeste,nova brasilandia d oeste
geolocation.geolocation_city,nova brasilandia doeste,nova brasilandia doeste
geolocation.geolocation_city,nova brasilândia d'oeste,nova brasilandia d oeste
geolocation.geolocation_city,nova brescia,nova brescia
geolocation.geolocation_city,nova bréscia,nova brescia
geolocation.geolocation_city,nova california,nova california
geolocation.geolocation_city,nova campina,nova campina
geolocation.geolocation_city,nova canaa,nova canaa
geolocation.geolocation_city,nova canaa do norte,nova canaa do norte
geolocation.geolocation_city,nova canaa paulista,nova canaa paulista
geolocation.geolocation_city,nova canaã,nova canaa
geolocation.geolocation_city,nova canaã do norte,nova canaa do norte
geolocation.geolocation_city,nova canaã paulista,nova canaa paulista
geolocation.geolocation_city,nova candelaria,nova candelaria
geolocation.geolocation_city,nova candelária,nova candelaria
geolocation.geolocation_city,nova cantu,nova cantu
geolocation.geolocation_city,nova casa verde,nova casa verde
geolocation.geolocation_city,nova castilho,nova castilho
geolocation.geolocation_city,nova colinas,nova colinas
geolocation.geolocation_city,nova crixas,nova crixas
geolocation.geolocation_city,nova crixás,nova crixas
geolocation.geolocation_city,nova cruz,nova cruz
geolocation.geolocation_city,nova era,nova era
geolocation.geolocation_city,nova erechim,nova erechim
geolocation.geolocation_city,nova esperanca,nova esperanca
geolocation.geolocation_city,nova esperanca do piria,nova esperanca do piria
geolocation.geolocation_city,nova esperanca do sudoeste,nova esperanca do sudoeste
geolocation.geolocation_city,nova esperanca do sul,nova esperanca do sul
geolocation.geolocation_city,nova esperança,nova esperanca
geolocation.geolocation_city,nova esperança do piriá,nova esperanca do piria
geolocation.geolocation_city,nova esperança do sudoeste,nova esperanca do sudoeste
geolocation.geolocation_city,nova esperança do sul,nova esperanca do sul
geolocation.geolocation_city,nova europa,nova europa
geolocation.geolocation_city,nova fatima,nova fatima
geolocation.geolocation_city,nova floresta,nova floresta
geolocation.geolocation_city,nova friburgo,nova friburgo
geolocation.geolocation_city,nova fátima,nova fatima
geolocation.geolocation_city,nova gloria,nova gloria
geolocation.geolocation_city,nova glória,nova gloria
geolocation.geolocation_city,nova granada,nova granada
geolocation.geolocation_city,nova guarita,nova guarita
geolocation.geolocation_city,nova guataporanga,nova guataporanga
geolocation.geolocation_city,nova hartz,nova hartz
geolocation.geolocation_city,nova ibia,nova ibia
geolocation.geolocation_city,nova iguacu,nova iguacu
geolocation.geolocation_city,nova iguacu de goias,nova iguacu de goias
geolocation.geolocation_city,nova iguaçu,nova iguacu
geolocation.geolocation_city,nova independencia,nova independencia
geolocation.geolocation_city,nova independência,nova independencia
geolocation.geolocation_city,nova iorque,nova iorque
geolocation.geolocation_city,nova ipixuna,nova ipixuna
geolocation.geolocation_city,nova itaberaba,nova itaberaba
geolocation.geolocation_city,nova itapirema,nova itapirema
geolocation.geolocation_city,nova itarana,nova itarana
geolocation.geolocation_city,nova lacerda,nova lacerda
geolocation.geolocation_city,nova laranjeiras,nova laranjeiras
geolocation.geolocation_city,nova lima,nova lima
geolocation.geolocation_city,nova londrina,nova londrina
geolocation.geolocation_city,nova luzitania,nova luzitania
geolocation.geolocation_city,nova mamore,nova mamore
geolocation.geolocation_city,nova mamoré,nova mamore
geolocation.geolocation_city,nova marilandia,nova marilandia
geolocation.geolocation_city,nova marilândia,nova marilandia
geolocation.geolocation_city,nova maringa,nova maringa
geolocation.geolocation_city,nova maringá,nova maringa
geolocation.geolocation_city,nova milano,nova milano
geolocation.geolocation_city,nova modica,nova modica
geolocation.geolocation_city,nova monte verde,nova monte verde
geolocation.geolocation_city,nova mutum,nova mutum
geolocation.geolocation_city,nova módica,nova modica
geolocation.geolocation_city,nova nazaré,nova nazare
geolocation.geolocation_city,nova odessa,nova odessa
geolocation.geolocation_city,nova olimpia,nova olimpia
geolocation.geolocation_city,nova olinda,nova olinda
geolocation.geolocation_city,nova olinda do maranhao,nova olinda do maranhao
geolocation.geolocation_city,nova olinda do maranhão,nova olinda do maranhao
geolocation.geolocation_city,nova olinda do norte,nova olinda do norte
geolocation.geolocation_city,nova olímpia,nova olimpia
geolocation.geolocation_city,nova padua,nova padua
geolocation.geolocation_city,nova palma,nova palma
geolocation.geolocation_city,nova palmeira,nova palmeira
geolocation.geolocation_city,nova patria,nova patria
geolocation.geolocation_city,nova petropolis,nova petropolis
geolocation.geolocation_city,nova petrópolis,nova petropolis
geolocation.geolocation_city,nova ponte,nova ponte
geolocation.geolocation_city,nova porteirinha,nova porteirinha
geolocation.geolocation_city,nova prata,nova prata
geolocation.geolocation_city,nova prata do iguacu,nova prata do iguacu
geolocation.geolocation_city,nova prata do iguaçu,nova prata do iguacu
geolocation.geolocation_city,nova pádua,nova padua
geolocation.geolocation_city,nova ramada,nova ramada
geolocation.geolocation_city,nova redencao,nova redencao
geolocation.geolocation_city,nova redencao bahia,nova redencao bahia
geolocation.geolocation_city,nova redenção,nova redencao
geolocation.geolocation_city,nova resende,nova resende
geolocation.geolocation_city,nova roma,nova roma
geolocation.geolocation_city,nova roma do sul,nova roma do sul
geolocation.geolocation_city,nova rosalandia,nova rosalandia
geolocation.geolocation_city,nova rosalândia,nova rosalandia
geolocation.geolocation_city,nova russas,nova russas
geolocation.geolocation_city,nova santa barbara,nova santa barbara
geolocation.geolocation_city,nova santa bárbara,nova santa barbara
geolocation.geolocation_city,nova santa helena,nova santa helena
geolocation.geolocation_city,nova santa luzia,nova santa luzia
geolocation.geolocation_city,nova santa rita,nova santa rita
geolocation.geolocation_city,nova santa rosa,nova santa rosa
geolocation.geolocation_city,nova sardenha,nova sardenha
geolocation.geolocation_city,nova serrana,nova serrana
geolocation.geolocation_city,nova soure,nova soure
geolocation.geolocation_city,nova tebas,nova tebas
geolocation.geolocation_city,nova timboteua,nova timboteua
geolocation.geolocation_city,nova trento,nova trento
geolocation.geolocation_city,nova ubirata,nova ubirata
geolocation.geolocation_city,nova ubiratã,nova ubirata
geolocation.geolocation_city,nova uniao,nova uniao
geolocation.geolocation_city,nova união,nova uniao
geolocation.geolocation_city,nova venecia,nova venecia
geolocation.geolocation_city,nova veneza,nova veneza
geolocation.geolocation_city,nova venécia,nova venecia
geolocation.geolocation_city,nova vicosa,nova vicosa
geolocation.geolocation_city,nova viçosa,nova vicosa
geolocation.geolocation_city,nova xavantina,nova xavantina
geolocation.geolocation_city,novais,novais
geolocation.geolocation_city,novo acordo,novo acordo
geolocation.geolocation_city,novo airao,novo airao
geolocation.geolocation_city,novo airão,novo airao
geolocation.geolocation_city,novo alegre,novo alegre
geolocation.geolocation_city,novo aripuana,novo aripuana
geolocation.geolocation_city,novo aripuanã,novo aripuana
geolocation.geolocation_city,novo barreiro,novo barreiro
geolocation.geolocation_city,novo brasil,novo brasil
geolocation.geolocation_city,novo cabrais,novo cabrais
geolocation.geolocation_city,novo cruzeiro,novo cruzeiro
geolocation.geolocation_city,novo diamantino,novo diamantino
geolocation.geolocation_city,novo gama,novo gama
geolocation.geolocation_city,novo hamburgo,novo hamburgo
geolocation.geolocation_city,novo horizonte,novo horizonte
geolocation.geolocation_city,novo horizonte do norte,novo horizonte do norte
geolocation.geolocation_city,novo horizonte do oeste,novo horizonte do oeste
geolocation.geolocation_city,novo horizonte do sul,novo horizonte do sul
geolocation.geolocation_city,novo itacolomi,novo itacolomi
geolocation.geolocation_city,novo jardim,novo jardim
geolocation.geolocation_city,novo lino,novo lino
geolocation.geolocation_city,novo machado,novo machado
geolocation.geolocation_city,novo mundo,novo mundo
geolocation.geolocation_city,novo oriente,novo oriente
geolocation.geolocation_city,novo oriente de minas,novo oriente de minas
geolocation.geolocation_city,novo oriente do piaui,novo oriente do piaui
geolocation.geolocation_city,novo oriente do piauí,novo oriente do piaui
geolocation.geolocation_city,novo planalto,novo planalto
geolocation.geolocation_city,novo progresso,novo progresso
geolocation.geolocation_city,novo repartimento,novo repartimento
geolocation.geolocation_city,novo santo antonio,novo santo antonio
geolocation.geolocation_city,novo santo antônio,novo santo antonio
geolocation.geolocation_city,novo sao joaquim,novo sao joaquim
geolocation.geolocation_city,novo sarandi,novo sarandi
geolocation.geolocation_city,novo sobradinho,novo sobradinho
geolocation.geolocation_city,novo são joaquim,novo sao joaquim
geolocation.geolocation_city,novo tiradentes,novo tiradentes
geolocation.geolocation_city,novo triunfo,novo triunfo
geolocation.geolocation_city,novo xingu,novo xingu
geolocation.geolocation_city,novorizonte,novorizonte
geolocation.geolocation_city,nucleo bandeirante,nucleo bandeirante
geolocation.geolocation_city,nuporanga,nuporanga
geolocation.geolocation_city,não-me-toque,nao me toque
geolocation.geolocation_city,nísia floresta,nisia floresta
geolocation.geolocation_city,núcleo bandeirante,nucleo bandeirante
geolocation.geolocation_city,obidos,obidos
geolocation.geolocation_city,ocara,ocara
geolocation.geolocation_city,ocaucu,ocaucu
geolocation.geolocation_city,ocauçu,ocaucu
geolocation.geolocation_city,oeiras,oeiras
geolocation.geolocation_city,oeiras do para,oeiras do para
geolocation.geolocation_city,oeiras do pará,oeiras do para
geolocation.geolocation_city,oiapoque,oiapoque
geolocation.geolocation_city,olaria,olaria
geolocation.geolocation_city,oleo,oleo
geolocation.geolocation_city,olho d agua das cunhas,olho d agua das cunhas
geolocation.geolocation_city,olho d agua das flores,olho d agua das flores
geolocation.geolocation_city,olho d'agua,olho d agua
geolocation.geolocation_city,olho d'agua das cunhas,olho d agua das cunhas
geolocation.geolocation_city,olho d'agua das flores,olho d agua das flores
geolocation.geolocation_city,olho d'agua grande,olho d agua grande
geolocation.geolocation_city,olho d'água,olho d agua
geolocation.geolocation_city,olho d'água das cunhãs,olho d agua das cunhas
geolocation.geolocation_city,olho d'água das flores,olho d agua das flores
geolocation.geolocation_city,olho d'água do casado,olho d agua do casado
geolocation.geolocation_city,olho d'água do piauí,olho d agua do piaui
geolocation.geolocation_city,olho dágua das cunhãs,olho dagua das cunhas
geolocation.geolocation_city,olho dágua grande,olho dagua grande
geolocation.geolocation_city,olho-d agua do borges,olho d agua do borges
geolocation.geolocation_city,olho-d'agua do borges,olho d agua do borges
geolocation.geolocation_city,olho-d'água do borges,olho d agua do borges
geolocation.geolocation_city,olhos d'agua,olhos d agua
geolocation.geolocation_city,olhos d'agua do oeste,olhos d agua do oeste
geolocation.geolocation_city,olhos d'água,olhos d agua
geolocation.geolocation_city,olhos-d agua,olhos d agua
geolocation.geolocation_city,olimpia,olimpia
geolocation.geolocation_city,olimpio noronha,olimpio noronha
geolocation.geolocation_city,olinda,olinda
geolocation.geolocation_city,olinda nova do maranhao,olinda nova do maranhao
geolocation.geolocation_city,olinda nova do maranhão,olinda nova do maranhao
geolocation.geolocation_city,olindina,olindina
geolocation.geolocation_city,oliveira,oliveira
geolocation.geolocation_city,oliveira de fatima,oliveira de fatima
geolocation.geolocation_city,oliveira dos brejinhos,oliveira dos brejinhos
geolocation.geolocation_city,oliveira fortes,oliveira fortes
geolocation.geolocation_city,olivenca,olivenca
geolocation.geolocation_city,olímpia,olimpia
geolocation.geolocation_city,olímpio noronha,olimpio noronha
geolocation.geolocation_city,onca de pitangui,onca de pitangui
geolocation.geolocation_city,onda verde,onda verde
geolocation.geolocation_city,oratorios,oratorios
geolocation.geolocation_city,oratórios,oratorios
geolocation.geolocation_city,oriente,oriente
geolocation.geolocation_city,orindiuva,orindiuva
geolocation.geolocation_city,orindiúva,orindiuva
geolocation.geolocation_city,oriximina,oriximina
geolocation.geolocation_city,oriximiná,oriximina
geolocation.geolocation_city,orizania,orizania
geolocation.geolocation_city,orizona,orizona
geolocation.geolocation_city,orizânia,orizania
geolocation.geolocation_city,orlandia,orlandia
geolocation.geolocation_city,orleans,orleans
geolocation.geolocation_city,orlândia,orlandia
geolocation.geolocation_city,orobo,orobo
geolocation.geolocation_city,orobó,orobo
geolocation.geolocation_city,oroco,oroco
geolocation.geolocation_city,orocó,oroco
geolocation.geolocation_city,oros,oros
geolocation.geolocation_city,ortigueira,ortigueira
geolocation.geolocation_city,orós,oros
geolocation.geolocation_city,osasco,osasco
geolocation.geolocation_city,oscar bressane,oscar bressane
geolocation.geolocation_city,osorio,osorio
geolocation.geolocation_city,osvaldo cruz,osvaldo cruz
geolocation.geolocation_city,osvaldo kroeff,osvaldo kroeff
geolocation.geolocation_city,osório,osorio
geolocation.geolocation_city,otacilio costa,otacilio costa
geolocation.geolocation_city,otacílio costa,otacilio costa
geolocation.geolocation_city,otavio rocha,otavio rocha
geolocation.geolocation_city,ourem,ourem
geolocation.geolocation_city,ouricangas,ouricangas
geolocation.geolocation_city,ouricuri,ouricuri
geolocation.geolocation_city,ourilandia do norte,ourilandia do norte
geolocation.geolocation_city,ourilândia do norte,ourilandia do norte
geolocation.geolocation_city,ourinhos,ourinhos
geolocation.geolocation_city,ourizona,ourizona
geolocation.geolocation_city,ouro,ouro
geolocation.geolocation_city,ouro branco,ouro branco
geolocation.geolocation_city,ouro fino,ouro fino
geolocation.geolocation_city,ouro preto,ouro preto
geolocation.geolocation_city,ouro preto do oeste,ouro preto do oeste
geolocation.geolocation_city,ouro velho,ouro velho
geolocation.geolocation_city,ouro verde,ouro verde
geolocation.geolocation_city,ouro verde de goias,ouro verde de goias
geolocation.geolocation_city,ouro verde de minas,ouro verde de minas
geolocation.geolocation_city,ouro verde do oeste,ouro verde do oeste
geolocation.geolocation_city,ouro verde do piquiri,ouro verde do piquiri
geolocation.geolocation_city,ouroana,ouroana
geolocation.geolocation_city,ouroeste,ouroeste
geolocation.geolocation_city,ourolandia,ourolandia
geolocation.geolocation_city,ourolândia,ourolandia
geolocation.geolocation_city,ourém,ourem
geolocation.geolocation_city,ouvidor,ouvidor
geolocation.geolocation_city,pacaembu,pacaembu
geolocation.geolocation_city,pacaja,pacaja
geolocation.geolocation_city,pacajus,pacajus
geolocation.geolocation_city,pacajá,pacaja
geolocation.geolocation_city,pacaraima,pacaraima
geolocation.geolocation_city,pacatuba,pacatuba
geolocation.geolocation_city,paco do lumiar,paco do lumiar
geolocation.geolocation_city,pacoti,pacoti
geolocation.geolocation_city,pacotuba,pacotuba
geolocation.geolocation_city,pacuja,pacuja
geolocation.geolocation_city,pacujá,pacuja
geolocation.geolocation_city,padre bernardo,padre bernardo
geolocation.geolocation_city,padre carvalho,padre carvalho
geolocation.geolocation_city,padre fialho,padre fialho
geolocation.geolocation_city,padre gonzales,padre gonzales
geolocation.geolocation_city,padre marcos,padre marcos
geolocation.geolocation_city,padre paraiso,padre paraiso
geolocation.geolocation_city,padre paraíso,padre paraiso
geolocation.geolocation_city,paes landim,paes landim
geolocation.geolocation_city,pai pedro,pai pedro
geolocation.geolocation_city,paial,paial
geolocation.geolocation_city,paicandu,paicandu
geolocation.geolocation_city,paim filho,paim filho
geolocation.geolocation_city,paineiras,paineiras
geolocation.geolocation_city,painel,painel
geolocation.geolocation_city,pains,pains
geolocation.geolocation_city,paiquere,paiquere
geolocation.geolocation_city,paiva,paiva
geolocation.geolocation_city,paiçandu,paicandu
geolocation.geolocation_city,pajeu do piaui,pajeu do piaui
geolocation.geolocation_city,palestina,palestina
geolocation.geolocation_city,palestina de goias,palestina de goias
geolocation.geolocation_city,palestina de goiás,palestina de goias
geolocation.geolocation_city,palestina do para,palestina do para
geolocation.geolocation_city,palestina do pará,palestina do para
geolocation.geolocation_city,palhano,palhano
geolocation.geolocation_city,palhoca,palhoca
geolocation.geolocation_city,palhoça,palhoca
geolocation.geolocation_city,palma,palma
geolocation.geolocation_city,palma sola,palma sola
geolocation.geolocation_city,palmacia,palmacia
geolocation.geolocation_city,palmares,palmares
geolocation.geolocation_city,palmares do sul,palmares do sul
geolocation.geolocation_city,palmares paulista,palmares paulista
geolocation.geolocation_city,palmas,palmas
geolocation.geolocation_city,palmas de monte alto,palmas de monte alto
geolocation.geolocation_city,palmeira,palmeira
geolocation.geolocation_city,palmeira d oeste,palmeira d oeste
geolocation.geolocation_city,palmeira d'oeste,palmeira d oeste
geolocation.geolocation_city,palmeira das missoes,palmeira das missoes
geolocation.geolocation_city,palmeira das missões,palmeira das missoes
geolocation.geolocation_city,palmeira do piaui,palmeira do piaui
geolocation.geolocation_city,palmeira do piauí,palmeira do piaui
geolocation.geolocation_city,palmeira doeste,palmeira doeste
geolocation.geolocation_city,palmeira dos indios,palmeira dos indios
geolocation.geolocation_city,palmeira dos índios,palmeira dos indios
geolocation.geolocation_city,palmeirais,palmeirais
geolocation.geolocation_city,palmeiral,palmeiral
geolocation.geolocation_city,palmeirandia,palmeirandia
geolocation.geolocation_city,palmeiras,palmeiras
geolocation.geolocation_city,palmeiras de goias,palmeiras de goias
geolocation.geolocation_city,palmeiras de goiás,palmeiras de goias
geolocation.geolocation_city,palmeiras do tocantins,palmeiras do tocantins
geolocation.geolocation_city,palmeirina,palmeirina
geolocation.geolocation_city,palmeiropolis,palmeiropolis
geolocation.geolocation_city,palmeirópolis,palmeiropolis
geolocation.geolocation_city,palmelo,palmelo
geolocation.geolocation_city,palminopolis,palminopolis
geolocation.geolocation_city,palminópolis,palminopolis
geolocation.geolocation_city,palmital,palmital
geolocation.geolocation_city,palmitinho,palmitinho
geolocation.geolocation_city,palmitos,palmitos
geolocation.geolocation_city,palmopolis,palmopolis
geolocation.geolocation_city,palmópolis,palmopolis
geolocation.geolocation_city,palotina,palotina
geolocation.geolocation_city,panama,panama
geolocation.geolocation_city,panambi,panambi
geolocation.geolocation_city,pancas,pancas
geolocation.geolocation_city,panelas,panelas
geolocation.geolocation_city,panema,panema
geolocation.geolocation_city,panorama,panorama
geolocation.geolocation_city,pantano grande,pantano grande
geolocation.geolocation_city,pao de acucar,pao de acucar
geolocation.geolocation_city,papagaios,papagaios
geolocation.geolocation_city,papanduva,papanduva
geolocation.geolocation_city,papucaia,papucaia
geolocation.geolocation_city,paqueta,paqueta
geolocation.geolocation_city,para de minas,para de minas
geolocation.geolocation_city,paracambi,paracambi
geolocation.geolocation_city,paracatu,paracatu
geolocation.geolocation_city,paracuru,paracuru
geolocation.geolocation_city,paragominas,paragominas
geolocation.geolocation_city,paraguacu,paraguacu
geolocation.geolocation_city,paraguacu paulista,paraguacu paulista
geolocation.geolocation_city,paraguaçu,paraguacu
geolocation.geolocation_city,paraguaçu paulista,paraguacu paulista
geolocation.geolocation_city,parai,parai
geolocation.geolocation_city,paraiba do sul,paraiba do sul
geolocation.geolocation_city,paraibano,paraibano
geolocation.geolocation_city,paraibuna,paraibuna
geolocation.geolocation_city,paraipaba,paraipaba
geolocation.geolocation_city,paraiso,paraiso
geolocation.geolocation_city,paraiso das aguas,paraiso das aguas
geolocation.geolocation_city,paraiso do norte,paraiso do norte
geolocation.geolocation_city,paraiso do sul,paraiso do sul
geolocation.geolocation_city,paraiso do tobias,paraiso do tobias
geolocation.geolocation_city,paraiso do tocantins,paraiso do tocantins
geolocation.geolocation_city,paraisopolis,paraisopolis
geolocation.geolocation_city,paraisópolis,paraisopolis
geolocation.geolocation_city,paraju,paraju
geolocation.geolocation_city,parambu,parambu
geolocation.geolocation_city,paramirim,paramirim
geolocation.geolocation_city,paramoti,paramoti
geolocation.geolocation_city,parana,parana
geolocation.geolocation_city,paranacity,paranacity
geolocation.geolocation_city,paranagua,paranagua
geolocation.geolocation_city,paranaguá,paranagua
geolocation.geolocation_city,paranaiba,paranaiba
geolocation.geolocation_city,paranaiguara,paranaiguara
geolocation.geolocation_city,paranaita,paranaita
geolocation.geolocation_city,paranapanema,paranapanema
geolocation.geolocation_city,paranapoema,paranapoema
geolocation.geolocation_city,paranapua,paranapua
geolocation.geolocation_city,paranapuã,paranapua
geolocation.geolocation_city,paranatama,paranatama
geolocation.geolocation_city,paranatinga,paranatinga
geolocation.geolocation_city,paranavai,paranavai
geolocation.geolocation_city,paranavaí,paranavai
geolocation.geolocation_city,paranaíba,paranaiba
geolocation.geolocation_city,paranaíta,paranaita
geolocation.geolocation_city,paranhos,paranhos
geolocation.geolocation_city,paranoa,paranoa
geolocation.geolocation_city,paraná d'oeste,parana d oeste
geolocation.geolocation_city,paranã,parana
geolocation.geolocation_city,paraopeba,paraopeba
geolocation.geolocation_city,parapeuna,parapeuna
geolocation.geolocation_city,parapua,parapua
geolocation.geolocation_city,parapuã,parapua
geolocation.geolocation_city,parari,parari
geolocation.geolocation_city,parati,parati
geolocation.geolocation_city,parati mirim,parati mirim
geolocation.geolocation_city,paratinga,paratinga
geolocation.geolocation_city,paraty,paraty
geolocation.geolocation_city,parau,parau
geolocation.geolocation_city,parauapebas,parauapebas
geolocation.geolocation_city,parauna,parauna
geolocation.geolocation_city,parazinho,parazinho
geolocation.geolocation_city,paraí,parai
geolocation.geolocation_city,paraíba do sul,paraiba do sul
geolocation.geolocation_city,paraíso,paraiso
geolocation.geolocation_city,paraíso das águas,paraiso das aguas
geolocation.geolocation_city,paraíso do norte,paraiso do norte
geolocation.geolocation_city,paraíso do sul,paraiso do sul
geolocation.geolocation_city,paraíso do tocantins,paraiso do tocantins
geolocation.geolocation_city,paraú,parau
geolocation.geolocation_city,paraúna,parauna
geolocation.geolocation_city,pardinho,pardinho
geolocation.geolocation_city,pareci novo,pareci novo
geolocation.geolocation_city,parecis,parecis
geolocation.geolocation_city,parelhas,parelhas
geolocation.geolocation_city,pariconha,pariconha
geolocation.geolocation_city,parintins,parintins
geolocation.geolocation_city,paripiranga,paripiranga
geolocation.geolocation_city,paripueira,paripueira
geolocation.geolocation_city,pariquera-acu,pariquera acu
geolocation.geolocation_city,pariquera-açu,pariquera acu
geolocation.geolocation_city,parisi,parisi
geolocation.geolocation_city,parnagua,parnagua
geolocation.geolocation_city,parnaguá,parnagua
geolocation.geolocation_city,parnaiba,parnaiba
geolocation.geolocation_city,parnamirim,parnamirim
geolocation.geolocation_city,parnarama,parnarama
geolocation.geolocation_city,parnaíba,parnaiba
geolocation.geolocation_city,parobe,parobe
geolocation.geolocation_city,parobé,parobe
geolocation.geolocation_city,paruru,paruru
geolocation.geolocation_city,pará de minas,para de minas
geolocation.geolocation_city,passa e fica,passa e fica
geolocation.geolocation_city,passa quatro,passa quatro
geolocation.geolocation_city,passa sete,passa sete
geolocation.geolocation_city,passa tempo,passa tempo
geolocation.geolocation_city,passa tres,passa tres
geolocation.geolocation_city,passa três,passa tres
geolocation.geolocation_city,passa vinte,passa vinte
geolocation.geolocation_city,passabem,passabem
geolocation.geolocation_city,passabém,passabem
geolocation.geolocation_city,passagem de mariana,passagem de mariana
geolocation.geolocation_city,passagem dos teixeiras,passagem dos teixeiras
geolocation.geolocation_city,passagem franca,passagem franca
geolocation.geolocation_city,passagem franca do piaui,passagem franca do piaui
geolocation.geolocation_city,passira,passira
geolocation.geolocation_city,passo de camaragibe,passo de camaragibe
geolocation.geolocation_city,passo de torres,passo de torres
geolocation.geolocation_city,passo do sobrado,passo do sobrado
geolocation.geolocation_city,passo fundo,passo fundo
geolocation.geolocation_city,passos,passos
geolocation.geolocation_city,passos maia,passos maia
geolocation.geolocation_city,passé,passe
geolocation.geolocation_city,pastos bons,pastos bons
geolocation.geolocation_city,patis,patis
geolocation.geolocation_city,pato bragado,pato bragado
geolocation.geolocation_city,pato branco,pato branco
geolocation.geolocation_city,patos,patos
geolocation.geolocation_city,patos de minas,patos de minas
geolocation.geolocation_city,patrocinio,patrocinio
geolocation.geolocation_city,patrocinio do muriae,patrocinio do muriae
geolocation.geolocation_city,patrocinio paulista,patrocinio paulista
geolocation.geolocation_city,patrocínio,patrocinio
geolocation.geolocation_city,patrocínio do muriaé,patrocinio do muriae
geolocation.geolocation_city,patrocínio paulista,patrocinio paulista
geolocation.geolocation_city,patu,patu
geolocation.geolocation_city,paty do alferes,paty do alferes
geolocation.geolocation_city,pau brasil,pau brasil
geolocation.geolocation_city,pau d  arco,pau d arco
geolocation.geolocation_city,pau d'arco,pau d arco
geolocation.geolocation_city,pau dos ferros,pau dos ferros
geolocation.geolocation_city,paudalho,paudalho
geolocation.geolocation_city,pauini,pauini
geolocation.geolocation_city,paula candido,paula candido
geolocation.geolocation_city,paula freitas,paula freitas
geolocation.geolocation_city,pauliceia,pauliceia
geolocation.geolocation_city,paulicéia,pauliceia
geolocation.geolocation_city,paulinia,paulinia
geolocation.geolocation_city,paulino neves,paulino neves
geolocation.geolocation_city,paulista,paulista
geolocation.geolocation_city,paulistana,paulistana
geolocation.geolocation_city,paulistania,paulistania
geolocation.geolocation_city,paulistas,paulistas
geolocation.geolocation_city,paulistânia,paulistania
geolocation.geolocation_city,paulo afonso,paulo afonso
geolocation.geolocation_city,paulo bento,paulo bento
geolocation.geolocation_city,paulo de faria,paulo de faria
geolocation.geolocation_city,paulo frontin,paulo frontin
geolocation.geolocation_city,paulo jacinto,paulo jacinto
geolocation.geolocation_city,paulo lopes,paulo lopes
geolocation.geolocation_city,paulo ramos,paulo ramos
geolocation.geolocation_city,paulínia,paulinia
geolocation.geolocation_city,pavao,pavao
geolocation.geolocation_city,paverama,paverama
geolocation.geolocation_city,pavussu,pavussu
geolocation.geolocation_city,pavão,pavao
geolocation.geolocation_city,paço do lumiar,paco do lumiar
geolocation.geolocation_city,pe de serra,pe de serra
geolocation.geolocation_city,peabiru,peabiru
geolocation.geolocation_city,pecanha,pecanha
geolocation.geolocation_city,pecem,pecem
geolocation.geolocation_city,pederneiras,pederneiras
geolocation.geolocation_city,pedra,pedra
geolocation.geolocation_city,pedra azul,pedra azul
geolocation.geolocation_city,pedra bela,pedra bela
geolocation.geolocation_city,pedra bonita,pedra bonita
geolocation.geolocation_city,pedra branca,pedra branca
geolocation.geolocation_city,pedra branca do amapari,pedra branca do amapari
geolocation.geolocation_city,pedra do anta,pedra do anta
geolocation.geolocation_city,pedra do indaia,pedra do indaia
geolocation.geolocation_city,pedra do indaiá,pedra do indaia
geolocation.geolocation_city,pedra dourada,pedra dourada
geolocation.geolocation_city,pedra grande,pedra grande
geolocation.geolocation_city,pedra lavrada,pedra lavrada
geolocation.geolocation_city,pedra menina,pedra menina
geolocation.geolocation_city,pedra preta,pedra preta
geolocation.geolocation_city,pedralva,pedralva
geolocation.geolocation_city,pedranopolis,pedranopolis
geolocation.geolocation_city,pedrao,pedrao
geolocation.geolocation_city,pedras altas,pedras altas
geolocation.geolocation_city,pedras de fogo,pedras de fogo
geolocation.geolocation_city,pedras de maria da cruz,pedras de maria da cruz
geolocation.geolocation_city,pedras grandes,pedras grandes
geolocation.geolocation_city,pedregulho,pedregulho
geolocation.geolocation_city,pedreira,pedreira
geolocation.geolocation_city,pedreiras,pedreiras
geolocation.geolocation_city,pedrinhas,pedrinhas
geolocation.geolocation_city,pedrinhas paulista,pedrinhas paulista
geolocation.geolocation_city,pedrinopolis,pedrinopolis
geolocation.geolocation_city,pedrinópolis,pedrinopolis
geolocation.geolocation_city,pedro afonso,pedro afonso
geolocation.geolocation_city,pedro alexandre,pedro alexandre
geolocation.geolocation_city,pedro avelino,pedro avelino
geolocation.geolocation_city,pedro canario,pedro canario
geolocation.geolocation_city,pedro canário,pedro canario
geolocation.geolocation_city,pedro de toledo,pedro de toledo
geolocation.geolocation_city,pedro do rosário,pedro do rosario
geolocation.geolocation_city,pedro gomes,pedro gomes
geolocation.geolocation_city,pedro ii,pedro ii
geolocation.geolocation_city,pedro laurentino,pedro laurentino
geolocation.geolocation_city,pedro leopoldo,pedro leopoldo
geolocation.geolocation_city,pedro osorio,pedro osorio
geolocation.geolocation_city,pedro osório,pedro osorio
geolocation.geolocation_city,pedro regis,pedro regis
geolocation.geolocation_city,pedro teixeira,pedro teixeira
geolocation.geolocation_city,pedro velho,pedro velho
geolocation.geolocation_city,pedro versiani,pedro versiani
geolocation.geolocation_city,peixe,peixe
geolocation.geolocation_city,peixe-boi,peixe boi
geolocation.geolocation_city,peixoto de azevedo,peixoto de azevedo
geolocation.geolocation_city,pejucara,pejucara
geolocation.geolocation_city,pejuçara,pejucara
geolocation.geolocation_city,pelotas,pelotas
geolocation.geolocation_city,penaforte,penaforte
geolocation.geolocation_city,penalva,penalva
geolocation.geolocation_city,penapolis,penapolis
geolocation.geolocation_city,pendencias,pendencias
geolocation.geolocation_city,pendências,pendencias
geolocation.geolocation_city,penedo,penedo
geolocation.geolocation_city,penedo (itatiaia),penedo itatiaia
geolocation.geolocation_city,penha,penha
geolocation.geolocation_city,penha do capim,penha do capim
geolocation.geolocation_city,pentecoste,pentecoste
geolocation.geolocation_city,penápolis,penapolis
geolocation.geolocation_city,pequeri,pequeri
geolocation.geolocation_city,pequi,pequi
geolocation.geolocation_city,pequizeiro,pequizeiro
geolocation.geolocation_city,perdigao,perdigao
geolocation.geolocation_city,perdigão,perdigao
geolocation.geolocation_city,perdilandia,perdilandia
geolocation.geolocation_city,perdizes,perdizes
geolocation.geolocation_city,perdoes,perdoes
geolocation.geolocation_city,perdões,perdoes
geolocation.geolocation_city,pereira barreto,pereira barreto
geolocation.geolocation_city,pereiras,pereiras
geolocation.geolocation_city,pereiro,pereiro
geolocation.geolocation_city,peri mirim,peri mirim
geolocation.geolocation_city,periquito,periquito
geolocation.geolocation_city,peritiba,peritiba
geolocation.geolocation_city,peritoro,peritoro
geolocation.geolocation_city,peritoró,peritoro
geolocation.geolocation_city,perobal,perobal
geolocation.geolocation_city,perola,perola
geolocation.geolocation_city,perola d'oeste,perola d oeste
geolocation.geolocation_city,perola doeste,perola doeste
geolocation.geolocation_city,perolandia,perolandia
geolocation.geolocation_city,perpetuo socorro,perpetuo socorro
geolocation.geolocation_city,perpétuo socorro,perpetuo socorro
geolocation.geolocation_city,peruibe,peruibe
geolocation.geolocation_city,peruíbe,peruibe
geolocation.geolocation_city,pescador,pescador
geolocation.geolocation_city,pescaria brava,pescaria brava
geolocation.geolocation_city,pesqueira,pesqueira
geolocation.geolocation_city,petrolandia,petrolandia
geolocation.geolocation_city,petrolina,petrolina
geolocation.geolocation_city,petrolina de goias,petrolina de goias
geolocation.geolocation_city,petrolina de goiás,petrolina de goias
geolocation.geolocation_city,petrolândia,petrolandia
geolocation.geolocation_city,petropolis,petropolis
geolocation.geolocation_city,petrópolis,petropolis
geolocation.geolocation_city,petunia,petunia
geolocation.geolocation_city,peçanha,pecanha
geolocation.geolocation_city,piabeta,piabeta
geolocation.geolocation_city,piacabucu,piacabucu
geolocation.geolocation_city,piacatu,piacatu
geolocation.geolocation_city,piacatuba,piacatuba
geolocation.geolocation_city,pianco,pianco
geolocation.geolocation_city,piancó,pianco
geolocation.geolocation_city,piao,piao
geolocation.geolocation_city,piata,piata
geolocation.geolocation_city,piatã,piata
geolocation.geolocation_city,piau,piau
geolocation.geolocation_city,piaçabuçu,piacabucu
geolocation.geolocation_city,picada cafe,picada cafe
geolocation.geolocation_city,picada café,picada cafe
geolocation.geolocation_city,picarra,picarra
geolocation.geolocation_city,picarras,picarras
geolocation.geolocation_city,picos,picos
geolocation.geolocation_city,picui,picui
geolocation.geolocation_city,picuí,picui
geolocation.geolocation_city,piedade,piedade
geolocation.geolocation_city,piedade de caratinga,piedade de caratinga
geolocation.geolocation_city,piedade de ponte nova,piedade de ponte nova
geolocation.geolocation_city,piedade do paraopeba,piedade do paraopeba
geolocation.geolocation_city,piedade do rio grande,piedade do rio grande
geolocation.geolocation_city,piedade dos gerais,piedade dos gerais
geolocation.geolocation_city,pien,pien
geolocation.geolocation_city,pilao arcado,pilao arcado
geolocation.geolocation_city,pilar,pilar
geolocation.geolocation_city,pilar de goias,pilar de goias
geolocation.geolocation_city,pilar do sul,pilar do sul
geolocation.geolocation_city,piloes,piloes
geolocation.geolocation_city,piloezinhos,piloezinhos
geolocation.geolocation_city,pilão arcado,pilao arcado
geolocation.geolocation_city,pilões,piloes
geolocation.geolocation_city,pilõezinhos,piloezinhos
geolocation.geolocation_city,pimenta,pimenta
geolocation.geolocation_city,pimenta bueno,pimenta bueno
geolocation.geolocation_city,pimenteiras,pimenteiras
geolocation.geolocation_city,pimenteiras do oeste,pimenteiras do oeste
geolocation.geolocation_city,pindai,pindai
geolocation.geolocation_city,pindamonhangaba,pindamonhangaba
geolocation.geolocation_city,pindare mirim,pindare mirim
geolocation.geolocation_city,pindaré mirim,pindare mirim
geolocation.geolocation_city,pindaré-mirim,pindare mirim
geolocation.geolocation_city,pindaí,pindai
geolocation.geolocation_city,pindoba,pindoba
geolocation.geolocation_city,pindobacu,pindobacu
geolocation.geolocation_city,pindobaçu,pindobacu
geolocation.geolocation_city,pindorama,pindorama
geolocation.geolocation_city,pindorama do tocantins,pindorama do tocantins
geolocation.geolocation_city,pindoretama,pindoretama
geolocation.geolocation_city,pindurão,pindurao
geolocation.geolocation_city,pingo-d agua,pingo d agua
geolocation.geolocation_city,pingo-d'agua,pingo d agua
geolocation.geolocation_city,pinhais,pinhais
geolocation.geolocation_city,pinhal,pinhal
geolocation.geolocation_city,pinhal alto,pinhal alto
geolocation.geolocation_city,pinhal da serra,pinhal da serra
geolocation.geolocation_city,pinhal de sao bento,pinhal de sao bento
geolocation.geolocation_city,pinhal grande,pinhal grande
geolocation.geolocation_city,pinhalao,pinhalao
geolocation.geolocation_city,pinhalzinho,pinhalzinho
geolocation.geolocation_city,pinhalão,pinhalao
geolocation.geolocation_city,pinhao,pinhao
geolocation.geolocation_city,pinheiral,pinheiral
geolocation.geolocation_city,pinheirinho do vale,pinheirinho do vale
geolocation.geolocation_city,pinheiro,pinheiro
geolocation.geolocation_city,pinheiro grosso,pinheiro grosso
geolocation.geolocation_city,pinheiro machado,pinheiro machado
geolocation.geolocation_city,pinheiro preto,pinheiro preto
geolocation.geolocation_city,pinheiros,pinheiros
geolocation.geolocation_city,pinheiros altos,pinheiros altos
geolocation.geolocation_city,pinhão,pinhao
geolocation.geolocation_city,pintadas,pintadas
geolocation.geolocation_city,pinto bandeira,pinto bandeira
geolocation.geolocation_city,pintopolis,pintopolis
geolocation.geolocation_city,pintópolis,pintopolis
geolocation.geolocation_city,pio ix,pio ix
geolocation.geolocation_city,pio xii,pio xii
geolocation.geolocation_city,pioneiros,pioneiros
geolocation.geolocation_city,pipa,pipa
geolocation.geolocation_city,piquerobi,piquerobi
geolocation.geolocation_city,piquet carneiro,piquet carneiro
geolocation.geolocation_city,piquete,piquete
geolocation.geolocation_city,piracaia,piracaia
geolocation.geolocation_city,piracanjuba,piracanjuba
geolocation.geolocation_city,piracema,piracema
geolocation.geolocation_city,piracicaba,piracicaba
geolocation.geolocation_city,piracuruca,piracuruca
geolocation.geolocation_city,pirai,pirai
geolocation.geolocation_city,pirai do norte,pirai do norte
geolocation.geolocation_city,pirai do sul,pirai do sul
geolocation.geolocation_city,piraju,piraju
geolocation.geolocation_city,pirajuba,pirajuba
geolocation.geolocation_city,pirajui,pirajui
geolocation.geolocation_city,pirajuí,pirajui
geolocation.geolocation_city,piramboia,piramboia
geolocation.geolocation_city,pirambu,pirambu
geolocation.geolocation_city,piranga,piranga
geolocation.geolocation_city,pirangi,pirangi
geolocation.geolocation_city,pirangucu,pirangucu
geolocation.geolocation_city,piranguinho,piranguinho
geolocation.geolocation_city,piranhas,piranhas
geolocation.geolocation_city,pirapemas,pirapemas
geolocation.geolocation_city,pirapetinga,pirapetinga
geolocation.geolocation_city,pirapo,pirapo
geolocation.geolocation_city,pirapora,pirapora
geolocation.geolocation_city,pirapora do bom jesus,pirapora do bom jesus
geolocation.geolocation_city,pirapozinho,pirapozinho
geolocation.geolocation_city,pirapó,pirapo
geolocation.geolocation_city,piraquara,piraquara
geolocation.geolocation_city,pirassununga,pirassununga
geolocation.geolocation_city,piratini,piratini
geolocation.geolocation_city,piratininga,piratininga
geolocation.geolocation_city,piratuba,piratuba
geolocation.geolocation_city,pirauba,pirauba
geolocation.geolocation_city,piraí,pirai
geolocation.geolocation_city,piraí do norte,pirai do norte
geolocation.geolocation_city,piraí do sul,pirai do sul
geolocation.geolocation_city,piraúba,pirauba
geolocation.geolocation_city,pirenopolis,pirenopolis
geolocation.geolocation_city,pirenópolis,pirenopolis
geolocation.geolocation_city,pires do rio,pires do rio
geolocation.geolocation_city,pires ferreira,pires ferreira
geolocation.geolocation_city,piripa,piripa
geolocation.geolocation_city,piripiri,piripiri
geolocation.geolocation_city,piripá,piripa
geolocation.geolocation_city,piritiba,piritiba
geolocation.geolocation_city,pirituba,pirituba
geolocation.geolocation_city,pirpirituba,pirpirituba
geolocation.geolocation_city,pitanga,pitanga
geolocation.geolocation_city,pitangueiras,pitangueiras
geolocation.geolocation_city,pitangui,pitangui
geolocation.geolocation_city,pitimbu,pitimbu
geolocation.geolocation_city,pium,pium
geolocation.geolocation_city,piuma,piuma
geolocation.geolocation_city,piumhi,piumhi
geolocation.geolocation_city,piumhii,piumhii
geolocation.geolocation_city,piçarra,picarra
geolocation.geolocation_city,piên,pien
geolocation.geolocation_city,piúma,piuma
geolocation.geolocation_city,placas,placas
geolocation.geolocation_city,placido de castro,placido de castro
geolocation.geolocation_city,planaltina,planaltina
geolocation.geolocation_city,planaltina de goias,planaltina de goias
geolocation.geolocation_city,planaltina do parana,planaltina do parana
geolocation.geolocation_city,planaltina do paraná,planaltina do parana
geolocation.geolocation_city,planaltino,planaltino
geolocation.geolocation_city,planalto,planalto
geolocation.geolocation_city,planalto alegre,planalto alegre
geolocation.geolocation_city,planalto da serra,planalto da serra
geolocation.geolocation_city,planura,planura
geolocation.geolocation_city,platina,platina
geolocation.geolocation_city,plácido de castro,placido de castro
geolocation.geolocation_city,poa,poa
geolocation.geolocation_city,pocao,pocao
geolocation.geolocation_city,pocao de pedras,pocao de pedras
geolocation.geolocation_city,pocinhos,pocinhos
geolocation.geolocation_city,poco branco,poco branco
geolocation.geolocation_city,poco dantas,poco dantas
geolocation.geolocation_city,poco das antas,poco das antas
geolocation.geolocation_city,poco das trincheiras,poco das trincheiras
geolocation.geolocation_city,poco de jose de moura,poco de jose de moura
geolocation.geolocation_city,poco fundo,poco fundo
geolocation.geolocation_city,poco redondo,poco redondo
geolocation.geolocation_city,poco verde,poco verde
geolocation.geolocation_city,pocoes,pocoes
geolocation.geolocation_city,pocoes de paineiras,pocoes de paineiras
geolocation.geolocation_city,pocone,pocone
geolocation.geolocation_city,poconé,pocone
geolocation.geolocation_city,pocos de caldas,pocos de caldas
geolocation.geolocation_city,pocrane,pocrane
geolocation.geolocation_city,pojuca,pojuca
geolocation.geolocation_city,poloni,poloni
geolocation.geolocation_city,polvilho,polvilho
geolocation.geolocation_city,pombal,pombal
geolocation.geolocation_city,pombos,pombos
geolocation.geolocation_city,pomerode,pomerode
geolocation.geolocation_city,pompeia,pompeia
geolocation.geolocation_city,pompeu,pompeu
geolocation.geolocation_city,pompéia,pompeia
geolocation.geolocation_city,pompéu,pompeu
geolocation.geolocation_city,pongai,pongai
geolocation.geolocation_city,pongaí,pongai
geolocation.geolocation_city,ponta de pedras,ponta de pedras
geolocation.geolocation_city,ponta grossa,ponta grossa
geolocation.geolocation_city,ponta pora,ponta pora
geolocation.geolocation_city,ponta porã,ponta pora
geolocation.geolocation_city,pontal,pontal
geolocation.geolocation_city,pontal do araguaia,pontal do araguaia
geolocation.geolocation_city,pontal do parana,pontal do parana
geolocation.geolocation_city,pontal do paraná,pontal do parana
geolocation.geolocation_city,pontalina,pontalina
geolocation.geolocation_city,pontalinda,pontalinda
geolocation.geolocation_city,pontao,pontao
geolocation.geolocation_city,ponte alta,ponte alta
geolocation.geolocation_city,ponte alta de minas,ponte alta de minas
geolocation.geolocation_city,ponte alta do bom jesus,ponte alta do bom jesus
geolocation.geolocation_city,ponte alta do norte,ponte alta do norte
geolocation.geolocation_city,ponte alta do tocantins,ponte alta do tocantins
geolocation.geolocation_city,ponte branca,ponte branca
geolocation.geolocation_city,ponte nova,ponte nova
geolocation.geolocation_city,ponte preta,ponte preta
geolocation.geolocation_city,ponte serrada,ponte serrada
geolocation.geolocation_city,pontes e lacerda,pontes e lacerda
geolocation.geolocation_city,pontes gestal,pontes gestal
geolocation.geolocation_city,pontinha do cocho,pontinha do cocho
geolocation.geolocation_city,ponto belo,ponto belo
geolocation.geolocation_city,ponto chique,ponto chique
geolocation.geolocation_city,ponto do marambaia,ponto do marambaia
geolocation.geolocation_city,ponto dos volantes,ponto dos volantes
geolocation.geolocation_city,ponto novo,ponto novo
geolocation.geolocation_city,pontão,pontao
geolocation.geolocation_city,populina,populina
geolocation.geolocation_city,poranga,poranga
geolocation.geolocation_city,porangaba,porangaba
geolocation.geolocation_city,porangatu,porangatu
geolocation.geolocation_city,porciuncula,porciuncula
geolocation.geolocation_city,porciúncula,porciuncula
geolocation.geolocation_city,porecatu,porecatu
geolocation.geolocation_city,portalegre,portalegre
geolocation.geolocation_city,portao,portao
geolocation.geolocation_city,porteirao,porteirao
geolocation.geolocation_city,porteiras,porteiras
geolocation.geolocation_city,porteirinha,porteirinha
geolocation.geolocation_city,porteirão,porteirao
geolocation.geolocation_city,portel,portel
geolocation.geolocation_city,portela,portela
geolocation.geolocation_city,portelandia,portelandia
geolocation.geolocation_city,porto,porto
geolocation.geolocation_city,porto acre,porto acre
geolocation.geolocation_city,porto aelgre,porto aelgre
geolocation.geolocation_city,porto alegre,porto alegre
geolocation.geolocation_city,porto alegre do norte,porto alegre do norte
geolocation.geolocation_city,porto alegre do piaui,porto alegre do piaui
geolocation.geolocation_city,porto alegre do tocantins,porto alegre do tocantins
geolocation.geolocation_city,porto amazonas,porto amazonas
geolocation.geolocation_city,porto barreiro,porto barreiro
geolocation.geolocation_city,porto belo,porto belo
geolocation.geolocation_city,porto calvo,porto calvo
geolocation.geolocation_city,porto da folha,porto da folha
geolocation.geolocation_city,porto de cima,porto de cima
geolocation.geolocation_city,porto de moz,porto de moz
geolocation.geolocation_city,porto de pedras,porto de pedras
geolocation.geolocation_city,porto do mangue,porto do mangue
geolocation.geolocation_city,porto dos gauchos,porto dos gauchos
geolocation.geolocation_city,porto dos gaúchos,porto dos gauchos
geolocation.geolocation_city,porto esperidiao,porto esperidiao
geolocation.geolocation_city,porto esperidião,porto esperidiao
geolocation.geolocation_city,porto estrela,porto estrela
geolocation.geolocation_city,porto feliz,porto feliz
geolocation.geolocation_city,porto ferreira,porto ferreira
geolocation.geolocation_city,porto firme,porto firme
geolocation.geolocation_city,porto franco,porto franco
geolocation.geolocation_city,porto grande,porto grande
geolocation.geolocation_city,porto lucena,porto lucena
geolocation.geolocation_city,porto maua,porto maua
geolocation.geolocation_city,porto mauá,porto maua
geolocation.geolocation_city,porto mendes,porto mendes
geolocation.geolocation_city,porto murtinho,porto murtinho
geolocation.geolocation_city,porto nacional,porto nacional
geolocation.geolocation_city,porto real,porto real
geolocation.geolocation_city,porto real do colegio,porto real do colegio
geolocation.geolocation_city,porto rico,porto rico
geolocation.geolocation_city,porto rico do maranhao,porto rico do maranhao
geolocation.geolocation_city,porto sao jose,porto sao jose
geolocation.geolocation_city,porto seguro,porto seguro
geolocation.geolocation_city,porto trombetas,porto trombetas
geolocation.geolocation_city,porto uniao,porto uniao
geolocation.geolocation_city,porto união,porto uniao
geolocation.geolocation_city,porto velho,porto velho
geolocation.geolocation_city,porto velho do cunha,porto velho do cunha
geolocation.geolocation_city,porto vera cruz,porto vera cruz
geolocation.geolocation_city,porto vitoria,porto vitoria
geolocation.geolocation_city,porto vitória,porto vitoria
geolocation.geolocation_city,porto walter,porto walter
geolocation.geolocation_city,porto xavier,porto xavier
geolocation.geolocation_city,portão,portao
geolocation.geolocation_city,posse,posse
geolocation.geolocation_city,posto da mata,posto da mata
geolocation.geolocation_city,pote,pote
geolocation.geolocation_city,potengi,potengi
geolocation.geolocation_city,potim,potim
geolocation.geolocation_city,potiragua,potiragua
geolocation.geolocation_city,potiraguá,potiragua
geolocation.geolocation_city,potirendaba,potirendaba
geolocation.geolocation_city,potiretama,potiretama
geolocation.geolocation_city,potunduva,potunduva
geolocation.geolocation_city,poté,pote
geolocation.geolocation_city,pouso alegre,pouso alegre
geolocation.geolocation_city,pouso alto,pouso alto
geolocation.geolocation_city,pouso novo,pouso novo
geolocation.geolocation_city,pouso redondo,pouso redondo
geolocation.geolocation_city,poxim,poxim
geolocation.geolocation_city,poxoreu,poxoreu
geolocation.geolocation_city,poxoréu,poxoreu
geolocation.geolocation_city,poá,poa
geolocation.geolocation_city,poço das antas,poco das antas
geolocation.geolocation_city,poço das trincheiras,poco das trincheiras
geolocation.geolocation_city,poço fundo,poco fundo
geolocation.geolocation_city,poço redondo,poco redondo
geolocation.geolocation_city,poço verde,poco verde
geolocation.geolocation_city,poços de caldas,pocos de caldas
geolocation.geolocation_city,poção,pocao
geolocation.geolocation_city,poção de pedras,pocao de pedras
geolocation.geolocation_city,poções,pocoes
geolocation.geolocation_city,pracinha,pracinha
geolocation.geolocation_city,prado,prado
geolocation.geolocation_city,prado ferreira,prado ferreira
geolocation.geolocation_city,pradopolis,pradopolis
geolocation.geolocation_city,prados,prados
geolocation.geolocation_city,pradópolis,pradopolis
geolocation.geolocation_city,praia grande,praia grande
geolocation.geolocation_city,praia grande (fundão) - distrito,praia grande fundao distrito
geolocation.geolocation_city,praia norte,praia norte
geolocation.geolocation_city,prainha,prainha
geolocation.geolocation_city,pranchita,pranchita
geolocation.geolocation_city,prata,prata
geolocation.geolocation_city,prata do piaui,prata do piaui
geolocation.geolocation_city,pratania,pratania
geolocation.geolocation_city,pratapolis,pratapolis
geolocation.geolocation_city,pratinha,pratinha
geolocation.geolocation_city,pratápolis,pratapolis
geolocation.geolocation_city,pratânia,pratania
geolocation.geolocation_city,presidente alves,presidente alves
geolocation.geolocation_city,presidente bernardes,presidente bernardes
geolocation.geolocation_city,presidente castello branco,presidente castello branco
geolocation.geolocation_city,presidente castelo branco,presidente castelo branco
geolocation.geolocation_city,presidente dutra,presidente dutra
geolocation.geolocation_city,presidente epitacio,presidente epitacio
geolocation.geolocation_city,presidente epitácio,presidente epitacio
geolocation.geolocation_city,presidente figueiredo,presidente figueiredo
geolocation.geolocation_city,presidente getulio,presidente getulio
geolocation.geolocation_city,presidente getúlio,presidente getulio
geolocation.geolocation_city,presidente janio quadros,presidente janio quadros
geolocation.geolocation_city,presidente juscelino,presidente juscelino
geolocation.geolocation_city,presidente kennedy,presidente kennedy
geolocation.geolocation_city,presidente kubitschek,presidente kubitschek
geolocation.geolocation_city,presidente lucena,presidente lucena
geolocation.geolocation_city,presidente medici,presidente medici
geolocation.geolocation_city,presidente médici,presidente medici
geolocation.geolocation_city,presidente nereu,presidente nereu
geolocation.geolocation_city,presidente olegario,presidente olegario
geolocation.geolocation_city,presidente olegário,presidente olegario
geolocation.geolocation_city,presidente pena,presidente pena
geolocation.geolocation_city,presidente prudente,presidente prudente
geolocation.geolocation_city,presidente sarney,presidente sarney
geolocation.geolocation_city,presidente tancredo neves,presidente tancredo neves
geolocation.geolocation_city,presidente vargas,presidente vargas
geolocation.geolocation_city,presidente venceslau,presidente venceslau
geolocation.geolocation_city,primavera,primavera
geolocation.geolocation_city,primavera de rondonia,primavera de rondonia
geolocation.geolocation_city,primavera de rondônia,primavera de rondonia
geolocation.geolocation_city,primavera do leste,primavera do leste
geolocation.geolocation_city,primeira cruz,primeira cruz
geolocation.geolocation_city,primeiro de maio,primeiro de maio
geolocation.geolocation_city,princesa,princesa
geolocation.geolocation_city,princesa isabel,princesa isabel
geolocation.geolocation_city,professor jamil,professor jamil
geolocation.geolocation_city,progresso,progresso
geolocation.geolocation_city,promissao,promissao
geolocation.geolocation_city,promissão,promissao
geolocation.geolocation_city,propria,propria
geolocation.geolocation_city,propriá,propria
geolocation.geolocation_city,protasio alves,protasio alves
geolocation.geolocation_city,prudencio thomaz,prudencio thomaz
geolocation.geolocation_city,prudente de morais,prudente de morais
geolocation.geolocation_city,prudentopolis,prudentopolis
geolocation.geolocation_city,prudentópolis,prudentopolis
geolocation.geolocation_city,prudêncio thomaz,prudencio thomaz
geolocation.geolocation_city,pugmil,pugmil
geolocation.geolocation_city,pulinopolis,pulinopolis
geolocation.geolocation_city,pureza,pureza
geolocation.geolocation_city,purilandia,purilandia
geolocation.geolocation_city,putinga,putinga
geolocation.geolocation_city,puxinana,puxinana
geolocation.geolocation_city,pântano grande,pantano grande
geolocation.geolocation_city,pão de açúcar,pao de acucar
geolocation.geolocation_city,pé de serra,pe de serra
geolocation.geolocation_city,pérola,perola
geolocation.geolocation_city,pérola d'oeste,perola d oeste
geolocation.geolocation_city,quadra,quadra
geolocation.geolocation_city,quarai,quarai
geolocation.geolocation_city,quaraí,quarai
geolocation.geolocation_city,quartel geral,quartel geral
geolocation.geolocation_city,quarto centenario,quarto centenario
geolocation.geolocation_city,quarto centenário,quarto centenario
geolocation.geolocation_city,quata,quata
geolocation.geolocation_city,quatigua,quatigua
geolocation.geolocation_city,quatiguá,quatigua
geolocation.geolocation_city,quatipuru,quatipuru
geolocation.geolocation_city,quatis,quatis
geolocation.geolocation_city,quatituba,quatituba
geolocation.geolocation_city,quatro barras,quatro barras
geolocation.geolocation_city,quatro bocas,quatro bocas
geolocation.geolocation_city,quatro irmaos,quatro irmaos
geolocation.geolocation_city,quatro pontes,quatro pontes
geolocation.geolocation_city,quatá,quata
geolocation.geolocation_city,quebrangulo,quebrangulo
geolocation.geolocation_city,quedas do iguacu,quedas do iguacu
geolocation.geolocation_city,quedas do iguaçu,quedas do iguacu
geolocation.geolocation_city,queimada nova,queimada nova
geolocation.geolocation_city,queimadas,queimadas
geolocation.geolocation_city,queimados,queimados
geolocation.geolocation_city,queiroz,queiroz
geolocation.geolocation_city,queixada,queixada
geolocation.geolocation_city,queluz,queluz
geolocation.geolocation_city,queluzito,queluzito
geolocation.geolocation_city,querencia,querencia
geolocation.geolocation_city,querencia do norte,querencia do norte
geolocation.geolocation_city,querência,querencia
geolocation.geolocation_city,querência do norte,querencia do norte
geolocation.geolocation_city,quevedos,quevedos
geolocation.geolocation_city,quijingue,quijingue
geolocation.geolocation_city,quilombo,quilombo
geolocation.geolocation_city,quilometro 14 do mutum,quilometro 14 do mutum
geolocation.geolocation_city,quinta,quinta
geolocation.geolocation_city,quinta do sol,quinta do sol
geolocation.geolocation_city,quintana,quintana
geolocation.geolocation_city,quintao,quintao
geolocation.geolocation_city,quintinos,quintinos
geolocation.geolocation_city,quinze de novembro,quinze de novembro
geolocation.geolocation_city,quipapa,quipapa
geolocation.geolocation_city,quirinopolis,quirinopolis
geolocation.geolocation_city,quirinópolis,quirinopolis
geolocation.geolocation_city,quissama,quissama
geolocation.geolocation_city,quissamã,quissama
geolocation.geolocation_city,quitandinha,quitandinha
geolocation.geolocation_city,quiterianopolis,quiterianopolis
geolocation.geolocation_city,quiterianópolis,quiterianopolis
geolocation.geolocation_city,quixabeira,quixabeira
geolocation.geolocation_city,quixabá,quixaba
geolocation.geolocation_city,quixada,quixada
geolocation.geolocation_city,quixadá,quixada
geolocation.geolocation_city,quixelo,quixelo
geolocation.geolocation_city,quixelô,quixelo
geolocation.geolocation_city,quixeramobim,quixeramobim
geolocation.geolocation_city,quixere,quixere
geolocation.geolocation_city,rafael arruda,rafael arruda
geolocation.geolocation_city,rafael fernandes,rafael fernandes
geolocation.geolocation_city,rafael godeiro,rafael godeiro
geolocation.geolocation_city,rafael jambeiro,rafael jambeiro
geolocation.geolocation_city,rafard,rafard
geolocation.geolocation_city,rainha do mar,rainha do mar
geolocation.geolocation_city,rainha isabel,rainha isabel
geolocation.geolocation_city,rajada,rajada
geolocation.geolocation_city,ramilandia,ramilandia
geolocation.geolocation_city,ramilândia,ramilandia
geolocation.geolocation_city,rancharia,rancharia
geolocation.geolocation_city,rancho alegre,rancho alegre
geolocation.geolocation_city,rancho alegre d  oeste,rancho alegre d oeste
geolocation.geolocation_city,rancho alegre d'oeste,rancho alegre d oeste
geolocation.geolocation_city,rancho queimado,rancho queimado
geolocation.geolocation_city,raposa,raposa
geolocation.geolocation_city,raposo,raposo
geolocation.geolocation_city,raposos,raposos
geolocation.geolocation_city,raul soares,raul soares
geolocation.geolocation_city,ravena,ravena
geolocation.geolocation_city,realeza,realeza
geolocation.geolocation_city,realeza (manhuacu),realeza manhuacu
geolocation.geolocation_city,reboucas,reboucas
geolocation.geolocation_city,rebouças,reboucas
geolocation.geolocation_city,recanto das emas,recanto das emas
geolocation.geolocation_city,rechan,rechan
geolocation.geolocation_city,recife,recife
geolocation.geolocation_city,recreio,recreio
geolocation.geolocation_city,recursolandia,recursolandia
geolocation.geolocation_city,redencao,redencao
geolocation.geolocation_city,redencao da serra,redencao da serra
geolocation.geolocation_city,redencao do gurgueia,redencao do gurgueia
geolocation.geolocation_city,redentora,redentora
geolocation.geolocation_city,redenção,redencao
geolocation.geolocation_city,reduto,reduto
geolocation.geolocation_city,regeneracao,regeneracao
geolocation.geolocation_city,regeneração,regeneracao
geolocation.geolocation_city,regente feijo,regente feijo
geolocation.geolocation_city,regente feijó,regente feijo
geolocation.geolocation_city,reginopolis,reginopolis
geolocation.geolocation_city,reginópolis,reginopolis
geolocation.geolocation_city,registro,registro
geolocation.geolocation_city,relvado,relvado
geolocation.geolocation_city,remanso,remanso
geolocation.geolocation_city,remigio,remigio
geolocation.geolocation_city,remígio,remigio
geolocation.geolocation_city,renascenca,renascenca
geolocation.geolocation_city,renascença,renascenca
geolocation.geolocation_city,reriutaba,reriutaba
geolocation.geolocation_city,resende,resende
geolocation.geolocation_city,resende costa,resende costa
geolocation.geolocation_city,reserva,reserva
geolocation.geolocation_city,reserva do cabacal,reserva do cabacal
geolocation.geolocation_city,reserva do iguacu,reserva do iguacu
geolocation.geolocation_city,reserva do iguaçu,reserva do iguacu
geolocation.geolocation_city,residencia fuck,residencia fuck
geolocation.geolocation_city,resplendor,resplendor
geolocation.geolocation_city,ressaquinha,ressaquinha
geolocation.geolocation_city,restinga,restinga
geolocation.geolocation_city,restinga seca,restinga seca
geolocation.geolocation_city,retiro do muriae,retiro do muriae
geolocation.geolocation_city,retiro do muriaé,retiro do muriae
geolocation.geolocation_city,retirolandia,retirolandia
geolocation.geolocation_city,retirolândia,retirolandia
geolocation.geolocation_city,riachao,riachao
geolocation.geolocation_city,riachao das neves,riachao das neves
geolocation.geolocation_city,riachao do bacamarte,riachao do bacamarte
geolocation.geolocation_city,riachao do dantas,riachao do dantas
geolocation.geolocation_city,riachao do jacuipe,riachao do jacuipe
geolocation.geolocation_city,riachinho,riachinho
geolocation.geolocation_city,riacho da cruz,riacho da cruz
geolocation.geolocation_city,riacho das almas,riacho das almas
geolocation.geolocation_city,riacho de santana,riacho de santana
geolocation.geolocation_city,riacho de santo antonio,riacho de santo antonio
geolocation.geolocation_city,riacho dos cavalos,riacho dos cavalos
geolocation.geolocation_city,riacho dos machados,riacho dos machados
geolocation.geolocation_city,riacho frio,riacho frio
geolocation.geolocation_city,riacho fundo,riacho fundo
geolocation.geolocation_city,riacho fundo 2,riacho fundo 2
geolocation.geolocation_city,riachuelo,riachuelo
geolocation.geolocation_city,riachão,riachao
geolocation.geolocation_city,riachão das neves,riachao das neves
geolocation.geolocation_city,riachão do bacamarte,riachao do bacamarte
geolocation.geolocation_city,riachão do dantas,riachao do dantas
geolocation.geolocation_city,riachão do jacuípe,riachao do jacuipe
geolocation.geolocation_city,rialma,rialma
geolocation.geolocation_city,rianapolis,rianapolis
geolocation.geolocation_city,rianápolis,rianapolis
geolocation.geolocation_city,ribamar fiquene,ribamar fiquene
geolocation.geolocation_city,ribas do rio pardo,ribas do rio pardo
geolocation.geolocation_city,ribeira,ribeira
geolocation.geolocation_city,ribeira do amparo,ribeira do amparo
geolocation.geolocation_city,ribeira do piaui,ribeira do piaui
geolocation.geolocation_city,ribeira do pombal,ribeira do pombal
geolocation.geolocation_city,ribeirao,ribeirao
geolocation.geolocation_city,ribeirao bonito,ribeirao bonito
geolocation.geolocation_city,ribeirao branco,ribeirao branco
geolocation.geolocation_city,ribeirao cascalheira,ribeirao cascalheira
geolocation.geolocation_city,ribeirao claro,ribeirao claro
geolocation.geolocation_city,ribeirao corrente,ribeirao corrente
geolocation.geolocation_city,ribeirao das neves,ribeirao das neves
geolocation.geolocation_city,ribeirao de sao domingos,ribeirao de sao domingos
geolocation.geolocation_city,ribeirao do largo,ribeirao do largo
geolocation.geolocation_city,ribeirao do pinhal,ribeirao do pinhal
geolocation.geolocation_city,ribeirao do sul,ribeirao do sul
geolocation.geolocation_city,ribeirao dos indios,ribeirao dos indios
geolocation.geolocation_city,ribeirao grande,ribeirao grande
geolocation.geolocation_city,ribeirao pires,ribeirao pires
geolocation.geolocation_city,ribeirao preto,ribeirao preto
geolocation.geolocation_city,ribeirao vermelho,ribeirao vermelho
geolocation.geolocation_city,ribeiraozinho,ribeiraozinho
geolocation.geolocation_city,ribeiro goncalves,ribeiro goncalves
geolocation.geolocation_city,ribeiro gonçalves,ribeiro goncalves
geolocation.geolocation_city,ribeiro junqueira,ribeiro junqueira
geolocation.geolocation_city,ribeiropolis,ribeiropolis
geolocation.geolocation_city,ribeirão,ribeirao
geolocation.geolocation_city,ribeirão bonito,ribeirao bonito
geolocation.geolocation_city,ribeirão branco,ribeirao branco
geolocation.geolocation_city,ribeirão cascalheira,ribeirao cascalheira
geolocation.geolocation_city,ribeirão claro,ribeirao claro
geolocation.geolocation_city,ribeirão corrente,ribeirao corrente
geolocation.geolocation_city,ribeirão das neves,ribeirao das neves
geolocation.geolocation_city,ribeirão de são domingos,ribeirao de sao domingos
geolocation.geolocation_city,ribeirão do pinhal,ribeirao do pinhal
geolocation.geolocation_city,ribeirão do sul,ribeirao do sul
geolocation.geolocation_city,ribeirão dos índios,ribeirao dos indios
geolocation.geolocation_city,ribeirão grande,ribeirao grande
geolocation.geolocation_city,ribeirão pires,ribeirao pires
geolocation.geolocation_city,ribeirão preto,ribeirao preto
geolocation.geolocation_city,ribeirão vermelho,ribeirao vermelho
geolocation.geolocation_city,ribeirãozinho,ribeiraozinho
geolocation.geolocation_city,ribeirópolis,ribeiropolis
geolocation.geolocation_city,rifaina,rifaina
geolocation.geolocation_city,rincao,rincao
geolocation.geolocation_city,rincão,rincao
geolocation.geolocation_city,rinopolis,rinopolis
geolocation.geolocation_city,rinópolis,rinopolis
geolocation.geolocation_city,rio acima,rio acima
geolocation.geolocation_city,rio azul,rio azul
geolocation.geolocation_city,rio bananal,rio bananal
geolocation.geolocation_city,rio bom,rio bom
geolocation.geolocation_city,rio bonito,rio bonito
geolocation.geolocation_city,rio bonito do iguacu,rio bonito do iguacu
geolocation.geolocation_city,rio bonito do iguaçu,rio bonito do iguacu
geolocation.geolocation_city,rio bracnco,rio bracnco
geolocation.geolocation_city,rio branco,rio branco
geolocation.geolocation_city,rio branco do ivai,rio branco do ivai
geolocation.geolocation_city,rio branco do ivaí,rio branco do ivai
geolocation.geolocation_city,rio branco do sul,rio branco do sul
geolocation.geolocation_city,rio brilhante,rio brilhante
geolocation.geolocation_city,rio casca,rio casca
geolocation.geolocation_city,rio claro,rio claro
geolocation.geolocation_city,rio crespo,rio crespo
geolocation.geolocation_city,rio da conceicao,rio da conceicao
geolocation.geolocation_city,rio da conceição,rio da conceicao
geolocation.geolocation_city,rio das antas,rio das antas
geolocation.geolocation_city,rio das flores,rio das flores
geolocation.geolocation_city,rio das mortes,rio das mortes
geolocation.geolocation_city,rio das ostras,rio das ostras
geolocation.geolocation_city,rio das pedras,rio das pedras
geolocation.geolocation_city,rio de contas,rio de contas
geolocation.geolocation_city,rio de janeiro,rio de janeiro
geolocation.geolocation_city,"rio de janeiro, rio de janeiro, brasil",rio de janeiro rio de janeiro brasil
geolocation.geolocation_city,rio do antonio,rio do antonio
geolocation.geolocation_city,rio do antônio,rio do antonio
geolocation.geolocation_city,rio do campo,rio do campo
geolocation.geolocation_city,rio do fogo,rio do fogo
geolocation.geolocation_city,rio do meio,rio do meio
geolocation.geolocation_city,rio do oeste,rio do oeste
geolocation.geolocation_city,rio do pires,rio do pires
geolocation.geolocation_city,rio do prado,rio do prado
geolocation.geolocation_city,rio do salto,rio do salto
geolocation.geolocation_city,rio do sul,rio do sul
geolocation.geolocation_city,rio doce,rio doce
geolocation.geolocation_city,rio dos bois,rio dos bois
geolocation.geolocation_city,rio dos cedros,rio dos cedros
geolocation.geolocation_city,rio dos indios,rio dos indios
geolocation.geolocation_city,rio espera,rio espera
geolocation.geolocation_city,rio formoso,rio formoso
geolocation.geolocation_city,rio fortuna,rio fortuna
geolocation.geolocation_city,rio grande,rio grande
geolocation.geolocation_city,rio grande da serra,rio grande da serra
geolocation.geolocation_city,rio grande do piaui,rio grande do piaui
geolocation.geolocation_city,rio grande do piauí,rio grande do piaui
geolocation.geolocation_city,rio janeiro,rio janeiro
geolocation.geolocation_city,rio largo,rio largo
geolocation.geolocation_city,rio manso,rio manso
geolocation.geolocation_city,rio maria,rio maria
geolocation.geolocation_city,rio melo,rio melo
geolocation.geolocation_city,rio negrinho,rio negrinho
geolocation.geolocation_city,rio negro,rio negro
geolocation.geolocation_city,rio novo,rio novo
geolocation.geolocation_city,rio novo do sul,rio novo do sul
geolocation.geolocation_city,rio paranaiba,rio paranaiba
geolocation.geolocation_city,rio paranaíba,rio paranaiba
geolocation.geolocation_city,rio pardo,rio pardo
geolocation.geolocation_city,rio pardo de minas,rio pardo de minas
geolocation.geolocation_city,rio piracicaba,rio piracicaba
geolocation.geolocation_city,rio pomba,rio pomba
geolocation.geolocation_city,rio preto,rio preto
geolocation.geolocation_city,rio preto da eva,rio preto da eva
geolocation.geolocation_city,rio quente,rio quente
geolocation.geolocation_city,rio real,rio real
geolocation.geolocation_city,rio rufino,rio rufino
geolocation.geolocation_city,rio sono,rio sono
geolocation.geolocation_city,rio tinto,rio tinto
geolocation.geolocation_city,rio verde,rio verde
geolocation.geolocation_city,rio verde de mato grosso,rio verde de mato grosso
geolocation.geolocation_city,rio vermelho,rio vermelho
geolocation.geolocation_city,riolandia,riolandia
geolocation.geolocation_city,riolândia,riolandia
geolocation.geolocation_city,riozinho,riozinho
geolocation.geolocation_city,riqueza,riqueza
geolocation.geolocation_city,ritapolis,ritapolis
geolocation.geolocation_city,ritápolis,ritapolis
geolocation.geolocation_city,rive,rive
geolocation.geolocation_city,riverlandia,riverlandia
geolocation.geolocation_city,riversul,riversul
geolocation.geolocation_city,rj,rj
geolocation.geolocation_city,roberto,roberto
geolocation.geolocation_city,roca sales,roca sales
geolocation.geolocation_city,rocas novas,rocas novas
geolocation.geolocation_city,rochedo,rochedo
geolocation.geolocation_city,rochedo de minas,rochedo de minas
geolocation.geolocation_city,roda velha,roda velha
geolocation.geolocation_city,rodeio,rodeio
geolocation.geolocation_city,rodeio bonito,rodeio bonito
geolocation.geolocation_city,rodeiro,rodeiro
geolocation.geolocation_city,rodelas,rodelas
geolocation.geolocation_city,rodolfo fernandes,rodolfo fernandes
geolocation.geolocation_city,rodrigo silva,rodrigo silva
geolocation.geolocation_city,rodrigues alves,rodrigues alves
geolocation.geolocation_city,rolador,rolador
geolocation.geolocation_city,rolandia,rolandia
geolocation.geolocation_city,rolante,rolante
geolocation.geolocation_city,rolim de moura,rolim de moura
geolocation.geolocation_city,rolândia,rolandia
geolocation.geolocation_city,romaria,romaria
geolocation.geolocation_city,romelandia,romelandia
geolocation.geolocation_city,romelândia,romelandia
geolocation.geolocation_city,roncador,roncador
geolocation.geolocation_city,ronda alta,ronda alta
geolocation.geolocation_city,rondinha,rondinha
geolocation.geolocation_city,rondolandia,rondolandia
geolocation.geolocation_city,rondon,rondon
geolocation.geolocation_city,rondon do para,rondon do para
geolocation.geolocation_city,rondon do pará,rondon do para
geolocation.geolocation_city,rondonopolis,rondonopolis
geolocation.geolocation_city,rondonópolis,rondonopolis
geolocation.geolocation_city,roque gonzales,roque gonzales
geolocation.geolocation_city,rorainopolis,rorainopolis
geolocation.geolocation_city,rorainópolis,rorainopolis
geolocation.geolocation_city,rosana,rosana
geolocation.geolocation_city,rosario,rosario
geolocation.geolocation_city,rosario da limeira,rosario da limeira
geolocation.geolocation_city,rosario de minas,rosario de minas
geolocation.geolocation_city,rosario do catete,rosario do catete
geolocation.geolocation_city,rosario do ivai,rosario do ivai
geolocation.geolocation_city,rosario do pontal,rosario do pontal
geolocation.geolocation_city,rosario do sul,rosario do sul
geolocation.geolocation_city,rosario oeste,rosario oeste
geolocation.geolocation_city,roseira,roseira
geolocation.geolocation_city,roseiral,roseiral
geolocation.geolocation_city,rosário,rosario
geolocation.geolocation_city,rosário da limeira,rosario da limeira
geolocation.geolocation_city,rosário do catete,rosario do catete
geolocation.geolocation_city,rosário do ivaí,rosario do ivai
geolocation.geolocation_city,rosário do sul,rosario do sul
geolocation.geolocation_city,rosário oeste,rosario oeste
geolocation.geolocation_city,roteiro,roteiro
geolocation.geolocation_city,rubelita,rubelita
geolocation.geolocation_city,rubiacea,rubiacea
geolocation.geolocation_city,rubiao junior,rubiao junior
geolocation.geolocation_city,rubiataba,rubiataba
geolocation.geolocation_city,rubim,rubim
geolocation.geolocation_city,rubineia,rubineia
geolocation.geolocation_city,rubinéia,rubineia
geolocation.geolocation_city,rubiácea,rubiacea
geolocation.geolocation_city,ruropolis,ruropolis
geolocation.geolocation_city,rurópolis,ruropolis
geolocation.geolocation_city,russas,russas
geolocation.geolocation_city,ruy barbosa,ruy barbosa
geolocation.geolocation_city,sabara,sabara
geolocation.geolocation_city,sabará,sabara
geolocation.geolocation_city,sabaudia,sabaudia
geolocation.geolocation_city,sabino,sabino
geolocation.geolocation_city,sabinopolis,sabinopolis
geolocation.geolocation_city,sabinópolis,sabinopolis
geolocation.geolocation_city,saboeiro,saboeiro
geolocation.geolocation_city,sabáudia,sabaudia
geolocation.geolocation_city,sacra familia do tingua,sacra familia do tingua
geolocation.geolocation_city,sacra família do tinguá,sacra familia do tingua
geolocation.geolocation_city,sacramento,sacramento
geolocation.geolocation_city,sagrada familia,sagrada familia
geolocation.geolocation_city,sagrada família,sagrada familia
geolocation.geolocation_city,sagres,sagres
geolocation.geolocation_city,saire,saire
geolocation.geolocation_city,sairé,saire
geolocation.geolocation_city,saldanha marinho,saldanha marinho
geolocation.geolocation_city,sales,sales
geolocation.geolocation_city,sales oliveira,sales oliveira
geolocation.geolocation_city,salesopolis,salesopolis
geolocation.geolocation_city,salesópolis,salesopolis
geolocation.geolocation_city,salete,salete
geolocation.geolocation_city,salgadalia,salgadalia
geolocation.geolocation_city,salgadinho,salgadinho
geolocation.geolocation_city,salgado,salgado
geolocation.geolocation_city,salgado de sao felix,salgado de sao felix
geolocation.geolocation_city,salgado filho,salgado filho
geolocation.geolocation_city,salgueiro,salgueiro
geolocation.geolocation_city,salinas,salinas
geolocation.geolocation_city,salinas da margarida,salinas da margarida
geolocation.geolocation_city,salinopolis,salinopolis
geolocation.geolocation_city,salinópolis,salinopolis
geolocation.geolocation_city,salitre,salitre
geolocation.geolocation_city,salmourao,salmourao
geolocation.geolocation_city,salmourão,salmourao
geolocation.geolocation_city,saloa,saloa
geolocation.geolocation_city,salobro,salobro
geolocation.geolocation_city,saloá,saloa
geolocation.geolocation_city,saltinho,saltinho
geolocation.geolocation_city,salto,salto
geolocation.geolocation_city,salto da divisa,salto da divisa
geolocation.geolocation_city,salto de pirapora,salto de pirapora
geolocation.geolocation_city,salto do ceu,salto do ceu
geolocation.geolocation_city,salto do céu,salto do ceu
geolocation.geolocation_city,salto do itarare,salto do itarare
geolocation.geolocation_city,salto do itararé,salto do itarare
geolocation.geolocation_city,salto do jacui,salto do jacui
geolocation.geolocation_city,salto do jacuí,salto do jacui
geolocation.geolocation_city,salto do lontra,salto do lontra
geolocation.geolocation_city,salto grande,salto grande
geolocation.geolocation_city,salto veloso,salto veloso
geolocation.geolocation_city,salvador,salvador
geolocation.geolocation_city,salvador ,salvador
geolocation.geolocation_city,salvador das missoes,salvador das missoes
geolocation.geolocation_city,salvador das missões,salvador das missoes
geolocation.geolocation_city,salvador do sul,salvador do sul
geolocation.geolocation_city,salvaterra,salvaterra
geolocation.geolocation_city,samambaia,samambaia
geolocation.geolocation_city,sampaio,sampaio
geolocation.geolocation_city,sampaio correia,sampaio correia
geolocation.geolocation_city,sana,sana
geolocation.geolocation_city,sananduva,sananduva
geolocation.geolocation_city,sanclerlandia,sanclerlandia
geolocation.geolocation_city,sanclerlândia,sanclerlandia
geolocation.geolocation_city,sandolandia,sandolandia
geolocation.geolocation_city,sandolândia,sandolandia
geolocation.geolocation_city,sandovalina,sandovalina
geolocation.geolocation_city,sanga puita,sanga puita
geolocation.geolocation_city,sangao,sangao
geolocation.geolocation_city,sangão,sangao
geolocation.geolocation_city,sanharo,sanharo
geolocation.geolocation_city,sanharó,sanharo
geolocation.geolocation_city,sant'ana do livramento,sant ana do livramento
geolocation.geolocation_city,santa adelia,santa adelia
geolocation.geolocation_city,santa adélia,santa adelia
geolocation.geolocation_city,santa albertina,santa albertina
geolocation.geolocation_city,santa amelia,santa amelia
geolocation.geolocation_city,santa amélia,santa amelia
geolocation.geolocation_city,santa barbara,santa barbara
geolocation.geolocation_city,santa barbara d oeste,santa barbara d oeste
geolocation.geolocation_city,santa barbara d'oeste,santa barbara d oeste
geolocation.geolocation_city,santa barbara de goias,santa barbara de goias
geolocation.geolocation_city,santa barbara do leste,santa barbara do leste
geolocation.geolocation_city,santa barbara do monte verde,santa barbara do monte verde
geolocation.geolocation_city,santa barbara do para,santa barbara do para
geolocation.geolocation_city,santa barbara do sul,santa barbara do sul
geolocation.geolocation_city,santa barbara do tugurio,santa barbara do tugurio
geolocation.geolocation_city,santa barbara doeste,santa barbara doeste
geolocation.geolocation_city,santa branca,santa branca
geolocation.geolocation_city,santa brigida,santa brigida
geolocation.geolocation_city,santa brígida,santa brigida
geolocation.geolocation_city,santa bárbara,santa barbara
geolocation.geolocation_city,santa bárbara d'oeste,santa barbara d oeste
geolocation.geolocation_city,santa bárbara d`oeste,santa barbara d oeste
geolocation.geolocation_city,santa bárbara do leste,santa barbara do leste
geolocation.geolocation_city,santa bárbara do sul,santa barbara do sul
geolocation.geolocation_city,santa bárbara do tugúrio,santa barbara do tugurio
geolocation.geolocation_city,santa bárbara doeste,santa barbara doeste
geolocation.geolocation_city,santa carmem,santa carmem
geolocation.geolocation_city,santa cecilia,santa cecilia
geolocation.geolocation_city,santa cecilia de umbuzeiro,santa cecilia de umbuzeiro
geolocation.geolocation_city,santa cecilia do pavao,santa cecilia do pavao
geolocation.geolocation_city,santa cecilia do sul,santa cecilia do sul
geolocation.geolocation_city,santa cecília,santa cecilia
geolocation.geolocation_city,santa cecília do pavão,santa cecilia do pavao
geolocation.geolocation_city,santa clara,santa clara
geolocation.geolocation_city,santa clara d oeste,santa clara d oeste
geolocation.geolocation_city,santa clara d'oeste,santa clara d oeste
geolocation.geolocation_city,santa clara do sul,santa clara do sul
geolocation.geolocation_city,santa cruz,santa cruz
geolocation.geolocation_city,santa cruz cabralia,santa cruz cabralia
geolocation.geolocation_city,santa cruz cabrália,santa cruz cabralia
geolocation.geolocation_city,santa cruz da baixa verde,santa cruz da baixa verde
geolocation.geolocation_city,santa cruz da conceicao,santa cruz da conceicao
geolocation.geolocation_city,santa cruz da conceição,santa cruz da conceicao
geolocation.geolocation_city,santa cruz da esperanca,santa cruz da esperanca
geolocation.geolocation_city,santa cruz da vitoria,santa cruz da vitoria
geolocation.geolocation_city,santa cruz da vitória,santa cruz da vitoria
geolocation.geolocation_city,santa cruz das palmeiras,santa cruz das palmeiras
geolocation.geolocation_city,santa cruz de goias,santa cruz de goias
geolocation.geolocation_city,santa cruz de minas,santa cruz de minas
geolocation.geolocation_city,santa cruz de monte castelo,santa cruz de monte castelo
geolocation.geolocation_city,santa cruz de salinas,santa cruz de salinas
geolocation.geolocation_city,santa cruz do arari,santa cruz do arari
geolocation.geolocation_city,santa cruz do capibaribe,santa cruz do capibaribe
geolocation.geolocation_city,santa cruz do escalvado,santa cruz do escalvado
geolocation.geolocation_city,santa cruz do piaui,santa cruz do piaui
geolocation.geolocation_city,santa cruz do prata,santa cruz do prata
geolocation.geolocation_city,santa cruz do rio pardo,santa cruz do rio pardo
geolocation.geolocation_city,santa cruz do sul,santa cruz do sul
geolocation.geolocation_city,santa cruz do timbo,santa cruz do timbo
geolocation.geolocation_city,santa cruz do xingu,santa cruz do xingu
geolocation.geolocation_city,santa cruz dos milagres,santa cruz dos milagres
geolocation.geolocation_city,santa efigenia,santa efigenia
geolocation.geolocation_city,santa efigenia de minas,santa efigenia de minas
geolocation.geolocation_city,santa efigênia de minas,santa efigenia de minas
geolocation.geolocation_city,santa eliza,santa eliza
geolocation.geolocation_city,santa elvira,santa elvira
geolocation.geolocation_city,santa ernestina,santa ernestina
geolocation.geolocation_city,santa eudóxia,santa eudoxia
geolocation.geolocation_city,santa fe,santa fe
geolocation.geolocation_city,santa fe de goias,santa fe de goias
geolocation.geolocation_city,santa fe de minas,santa fe de minas
geolocation.geolocation_city,santa fe do araguaia,santa fe do araguaia
geolocation.geolocation_city,santa fe do sul,santa fe do sul
geolocation.geolocation_city,santa filomena,santa filomena
geolocation.geolocation_city,santa filomena do maranhao,santa filomena do maranhao
geolocation.geolocation_city,santa fé,santa fe
geolocation.geolocation_city,santa fé de goiás,santa fe de goias
geolocation.geolocation_city,santa fé de minas,santa fe de minas
geolocation.geolocation_city,santa fé do araguaia,santa fe do araguaia
geolocation.geolocation_city,santa fé do sul,santa fe do sul
geolocation.geolocation_city,santa gertrudes,santa gertrudes
geolocation.geolocation_city,santa helena,santa helena
geolocation.geolocation_city,santa helena de goias,santa helena de goias
geolocation.geolocation_city,santa helena de goiás,santa helena de goias
geolocation.geolocation_city,santa helena de minas,santa helena de minas
geolocation.geolocation_city,santa ines,santa ines
geolocation.geolocation_city,santa inês,santa ines
geolocation.geolocation_city,santa isabel,santa isabel
geolocation.geolocation_city,santa isabel do ivai,santa isabel do ivai
geolocation.geolocation_city,santa isabel do ivaí,santa isabel do ivai
geolocation.geolocation_city,santa isabel do para,santa isabel do para
geolocation.geolocation_city,santa isabel do pará,santa isabel do para
geolocation.geolocation_city,santa isabel do rio preto,santa isabel do rio preto
geolocation.geolocation_city,santa izabel do oeste,santa izabel do oeste
geolocation.geolocation_city,santa juliana,santa juliana
geolocation.geolocation_city,santa leopoldina,santa leopoldina
geolocation.geolocation_city,santa lucia,santa lucia
geolocation.geolocation_city,santa lucia do piai,santa lucia do piai
geolocation.geolocation_city,santa luz,santa luz
geolocation.geolocation_city,santa luzia,santa luzia
geolocation.geolocation_city,santa luzia d'oeste,santa luzia d oeste
geolocation.geolocation_city,santa luzia de caratinga,santa luzia de caratinga
geolocation.geolocation_city,santa luzia de mantenopolis,santa luzia de mantenopolis
geolocation.geolocation_city,santa luzia do cariri,santa luzia do cariri
geolocation.geolocation_city,santa luzia do itanhy,santa luzia do itanhy
geolocation.geolocation_city,santa luzia do norte,santa luzia do norte
geolocation.geolocation_city,santa luzia do para,santa luzia do para
geolocation.geolocation_city,santa luzia do parua,santa luzia do parua
geolocation.geolocation_city,santa luzia do paruá,santa luzia do parua
geolocation.geolocation_city,santa luzia doeste,santa luzia doeste
geolocation.geolocation_city,santa lúcia,santa lucia
geolocation.geolocation_city,santa margarida,santa margarida
geolocation.geolocation_city,santa margarida do sul,santa margarida do sul
geolocation.geolocation_city,santa maria,santa maria
geolocation.geolocation_city,santa maria da boa vista,santa maria da boa vista
geolocation.geolocation_city,santa maria da serra,santa maria da serra
geolocation.geolocation_city,santa maria da vitoria,santa maria da vitoria
geolocation.geolocation_city,santa maria da vitória,santa maria da vitoria
geolocation.geolocation_city,santa maria das barreiras,santa maria das barreiras
geolocation.geolocation_city,santa maria de itabira,santa maria de itabira
geolocation.geolocation_city,santa maria de jetiba,santa maria de jetiba
geolocation.geolocation_city,santa maria de jetibá,santa maria de jetiba
geolocation.geolocation_city,santa maria do cambuca,santa maria do cambuca
geolocation.geolocation_city,santa maria do cambucá,santa maria do cambuca
geolocation.geolocation_city,santa maria do herval,santa maria do herval
geolocation.geolocation_city,santa maria do oeste,santa maria do oeste
geolocation.geolocation_city,santa maria do para,santa maria do para
geolocation.geolocation_city,santa maria do pará,santa maria do para
geolocation.geolocation_city,santa maria do salto,santa maria do salto
geolocation.geolocation_city,santa maria do suacui,santa maria do suacui
geolocation.geolocation_city,santa maria do suaçuí,santa maria do suacui
geolocation.geolocation_city,santa maria do tocantins,santa maria do tocantins
geolocation.geolocation_city,santa maria madalena,santa maria madalena
geolocation.geolocation_city,santa mariana,santa mariana
geolocation.geolocation_city,santa mercedes,santa mercedes
geolocation.geolocation_city,santa monica,santa monica
geolocation.geolocation_city,santa mônica,santa monica
geolocation.geolocation_city,santa quiteria,santa quiteria
geolocation.geolocation_city,santa quiteria do maranhao,santa quiteria do maranhao
geolocation.geolocation_city,santa quitéria,santa quiteria
geolocation.geolocation_city,santa quitéria do maranhão,santa quiteria do maranhao
geolocation.geolocation_city,santa rita,santa rita
geolocation.geolocation_city,santa rita d oeste,santa rita d oeste
geolocation.geolocation_city,santa rita d'oeste,santa rita d oeste
geolocation.geolocation_city,santa rita da floresta,santa rita da floresta
geolocation.geolocation_city,santa rita de caldas,santa rita de caldas
geolocation.geolocation_city,santa rita de cassia,santa rita de cassia
geolocation.geolocation_city,santa rita de cássia,santa rita de cassia
geolocation.geolocation_city,santa rita de jacutinga,santa rita de jacutinga
geolocation.geolocation_city,santa rita de minas,santa rita de minas
geolocation.geolocation_city,santa rita de ouro preto,santa rita de ouro preto
geolocation.geolocation_city,santa rita do araguaia,santa rita do araguaia
geolocation.geolocation_city,santa rita do cedro,santa rita do cedro
geolocation.geolocation_city,santa rita do ibitipoca,santa rita do ibitipoca
geolocation.geolocation_city,santa rita do itueto,santa rita do itueto
geolocation.geolocation_city,santa rita do novo destino,santa rita do novo destino
geolocation.geolocation_city,santa rita do oeste,santa rita do oeste
geolocation.geolocation_city,santa rita do pardo,santa rita do pardo
geolocation.geolocation_city,santa rita do passa quatro,santa rita do passa quatro
geolocation.geolocation_city,santa rita do sapucai,santa rita do sapucai
geolocation.geolocation_city,santa rita do sapucaí,santa rita do sapucai
geolocation.geolocation_city,santa rita do trivelato,santa rita do trivelato
geolocation.geolocation_city,santa rita doeste,santa rita doeste
geolocation.geolocation_city,santa rita durao,santa rita durao
geolocation.geolocation_city,santa rita durão,santa rita durao
geolocation.geolocation_city,santa rosa,santa rosa
geolocation.geolocation_city,santa rosa da serra,santa rosa da serra
geolocation.geolocation_city,santa rosa de goias,santa rosa de goias
geolocation.geolocation_city,santa rosa de goiás,santa rosa de goias
geolocation.geolocation_city,santa rosa de lima,santa rosa de lima
geolocation.geolocation_city,santa rosa de viterbo,santa rosa de viterbo
geolocation.geolocation_city,santa rosa do piaui,santa rosa do piaui
geolocation.geolocation_city,santa rosa do purus,santa rosa do purus
geolocation.geolocation_city,santa rosa do sul,santa rosa do sul
geolocation.geolocation_city,santa rosa do tocantins,santa rosa do tocantins
geolocation.geolocation_city,santa salete,santa salete
geolocation.geolocation_city,santa teresa,santa teresa
geolocation.geolocation_city,santa teresinha,santa teresinha
geolocation.geolocation_city,santa tereza de goias,santa tereza de goias
geolocation.geolocation_city,santa tereza de goiás,santa tereza de goias
geolocation.geolocation_city,santa tereza do oeste,santa tereza do oeste
geolocation.geolocation_city,santa tereza do tocantins,santa tereza do tocantins
geolocation.geolocation_city,santa terezinha,santa terezinha
geolocation.geolocation_city,santa terezinha de goias,santa terezinha de goias
geolocation.geolocation_city,santa terezinha de goiás,santa terezinha de goias
geolocation.geolocation_city,santa terezinha de itaipu,santa terezinha de itaipu
geolocation.geolocation_city,santa terezinha de minas,santa terezinha de minas
geolocation.geolocation_city,santa terezinha do progresso,santa terezinha do progresso
geolocation.geolocation_city,santa terezinha do tocantins,santa terezinha do tocantins
geolocation.geolocation_city,santa vitoria,santa vitoria
geolocation.geolocation_city,santa vitoria do palmar,santa vitoria do palmar
geolocation.geolocation_city,santa vitória,santa vitoria
geolocation.geolocation_city,santa vitória do palmar,santa vitoria do palmar
geolocation.geolocation_city,santa zelia,santa zelia
geolocation.geolocation_city,santaluz,santaluz
geolocation.geolocation_city,santana,santana
geolocation.geolocation_city,santana da boa vista,santana da boa vista
geolocation.geolocation_city,santana da ponte pensa,santana da ponte pensa
geolocation.geolocation_city,santana da vargem,santana da vargem
geolocation.geolocation_city,santana de caldas,santana de caldas
geolocation.geolocation_city,santana de cataguases,santana de cataguases
geolocation.geolocation_city,santana de mangueira,santana de mangueira
geolocation.geolocation_city,santana de parnaiba,santana de parnaiba
geolocation.geolocation_city,santana de parnaíba,santana de parnaiba
geolocation.geolocation_city,santana de patos,santana de patos
geolocation.geolocation_city,santana de pirapama,santana de pirapama
geolocation.geolocation_city,santana do acarau,santana do acarau
geolocation.geolocation_city,santana do acaraú,santana do acarau
geolocation.geolocation_city,santana do araguaia,santana do araguaia
geolocation.geolocation_city,santana do capivari,santana do capivari
geolocation.geolocation_city,santana do cariri,santana do cariri
geolocation.geolocation_city,santana do deserto,santana do deserto
geolocation.geolocation_city,santana do garambeu,santana do garambeu
geolocation.geolocation_city,santana do ipanema,santana do ipanema
geolocation.geolocation_city,santana do itarare,santana do itarare
geolocation.geolocation_city,santana do itararé,santana do itarare
geolocation.geolocation_city,santana do jacare,santana do jacare
geolocation.geolocation_city,santana do jacaré,santana do jacare
geolocation.geolocation_city,santana do livramento,santana do livramento
geolocation.geolocation_city,santana do manhuacu,santana do manhuacu
geolocation.geolocation_city,santana do manhuaçu,santana do manhuacu
geolocation.geolocation_city,santana do maranhao,santana do maranhao
geolocation.geolocation_city,santana do maranhão,santana do maranhao
geolocation.geolocation_city,santana do matos,santana do matos
geolocation.geolocation_city,santana do mundau,santana do mundau
geolocation.geolocation_city,santana do mundaú,santana do mundau
geolocation.geolocation_city,santana do paraiso,santana do paraiso
geolocation.geolocation_city,santana do paraopeba,santana do paraopeba
geolocation.geolocation_city,santana do paraíso,santana do paraiso
geolocation.geolocation_city,santana do piaui,santana do piaui
geolocation.geolocation_city,santana do piauí,santana do piaui
geolocation.geolocation_city,santana do riacho,santana do riacho
geolocation.geolocation_city,santana do sao francisco,santana do sao francisco
geolocation.geolocation_city,santana do serido,santana do serido
geolocation.geolocation_city,santana do seridó,santana do serido
geolocation.geolocation_city,santana do sobrado,santana do sobrado
geolocation.geolocation_city,santana do são francisco,santana do sao francisco
geolocation.geolocation_city,santana do tabuleiro,santana do tabuleiro
geolocation.geolocation_city,santana dos garrotes,santana dos garrotes
geolocation.geolocation_city,santana dos montes,santana dos montes
geolocation.geolocation_city,santanesia,santanesia
geolocation.geolocation_city,santanopolis,santanopolis
geolocation.geolocation_city,santanópolis,santanopolis
geolocation.geolocation_city,santarem,santarem
geolocation.geolocation_city,santarem novo,santarem novo
geolocation.geolocation_city,santarém,santarem
geolocation.geolocation_city,santelmo,santelmo
geolocation.geolocation_city,santiago,santiago
geolocation.geolocation_city,santiago do sul,santiago do sul
geolocation.geolocation_city,santo afonso,santo afonso
geolocation.geolocation_city,santo agostinho,santo agostinho
geolocation.geolocation_city,santo aleixo,santo aleixo
geolocation.geolocation_city,santo amaro,santo amaro
geolocation.geolocation_city,santo amaro da imperatriz,santo amaro da imperatriz
geolocation.geolocation_city,santo amaro das brotas,santo amaro das brotas
geolocation.geolocation_city,santo amaro de campos,santo amaro de campos
geolocation.geolocation_city,santo anastacio,santo anastacio
geolocation.geolocation_city,santo anastácio,santo anastacio
geolocation.geolocation_city,santo andre,santo andre
geolocation.geolocation_city,santo andré,santo andre
geolocation.geolocation_city,santo angelo,santo angelo
geolocation.geolocation_city,santo antonio,santo antonio
geolocation.geolocation_city,santo antonio da alegria,santo antonio da alegria
geolocation.geolocation_city,santo antonio da barra,santo antonio da barra
geolocation.geolocation_city,santo antonio da patrulha,santo antonio da patrulha
geolocation.geolocation_city,santo antonio da platina,santo antonio da platina
geolocation.geolocation_city,santo antonio das missoes,santo antonio das missoes
geolocation.geolocation_city,santo antonio das queimadas,santo antonio das queimadas
geolocation.geolocation_city,santo antonio de goias,santo antonio de goias
geolocation.geolocation_city,santo antonio de jesus,santo antonio de jesus
geolocation.geolocation_city,santo antonio de lisboa,santo antonio de lisboa
geolocation.geolocation_city,santo antonio de padua,santo antonio de padua
geolocation.geolocation_city,santo antonio de posse,santo antonio de posse
geolocation.geolocation_city,santo antonio do amparo,santo antonio do amparo
geolocation.geolocation_city,santo antonio do aracangua,santo antonio do aracangua
geolocation.geolocation_city,santo antonio do aventureiro,santo antonio do aventureiro
geolocation.geolocation_city,santo antonio do caiua,santo antonio do caiua
geolocation.geolocation_city,santo antonio do canaa,santo antonio do canaa
geolocation.geolocation_city,santo antonio do descoberto,santo antonio do descoberto
geolocation.geolocation_city,santo antonio do grama,santo antonio do grama
geolocation.geolocation_city,santo antonio do itambe,santo antonio do itambe
geolocation.geolocation_city,santo antonio do jacinto,santo antonio do jacinto
geolocation.geolocation_city,santo antonio do jardim,santo antonio do jardim
geolocation.geolocation_city,santo antonio do leite,santo antonio do leite
geolocation.geolocation_city,santo antonio do leste,santo antonio do leste
geolocation.geolocation_city,santo antonio do leverger,santo antonio do leverger
geolocation.geolocation_city,santo antonio do manhuacu,santo antonio do manhuacu
geolocation.geolocation_city,santo antonio do monte,santo antonio do monte
geolocation.geolocation_city,santo antonio do norte,santo antonio do norte
geolocation.geolocation_city,santo antonio do palma,santo antonio do palma
geolocation.geolocation_city,santo antonio do paraiso,santo antonio do paraiso
geolocation.geolocation_city,santo antonio do pinhal,santo antonio do pinhal
geolocation.geolocation_city,santo antonio do pirapetinga,santo antonio do pirapetinga
geolocation.geolocation_city,santo antonio do planalto,santo antonio do planalto
geolocation.geolocation_city,santo antonio do retiro,santo antonio do retiro
geolocation.geolocation_city,santo antonio do rio abaixo,santo antonio do rio abaixo
geolocation.geolocation_city,santo antonio do rio verde,santo antonio do rio verde
geolocation.geolocation_city,santo antonio do sudoeste,santo antonio do sudoeste
geolocation.geolocation_city,santo antonio do taua,santo antonio do taua
geolocation.geolocation_city,santo antonio dos campos,santo antonio dos campos
geolocation.geolocation_city,santo antonio dos lopes,santo antonio dos lopes
geolocation.geolocation_city,santo antônio,santo antonio
geolocation.geolocation_city,santo antônio da alegria,santo antonio da alegria
geolocation.geolocation_city,santo antônio da barra,santo antonio da barra
geolocation.geolocation_city,santo antônio da patrulha,santo antonio da patrulha
geolocation.geolocation_city,santo antônio da platina,santo antonio da platina
geolocation.geolocation_city,santo antônio das missões,santo antonio das missoes
geolocation.geolocation_city,santo antônio das queimadas,santo antonio das queimadas
geolocation.geolocation_city,santo antônio de goiás,santo antonio de goias
geolocation.geolocation_city,santo antônio de jesus,santo antonio de jesus
geolocation.geolocation_city,santo antônio de posse,santo antonio de posse
geolocation.geolocation_city,santo antônio de pádua,santo antonio de padua
geolocation.geolocation_city,santo antônio do amparo,santo antonio do amparo
geolocation.geolocation_city,santo antônio do aracanguá,santo antonio do aracangua
geolocation.geolocation_city,santo antônio do aventureiro,santo antonio do aventureiro
geolocation.geolocation_city,santo antônio do caiuá,santo antonio do caiua
geolocation.geolocation_city,santo antônio do canaã,santo antonio do canaa
geolocation.geolocation_city,santo antônio do descoberto,santo antonio do descoberto
geolocation.geolocation_city,santo antônio do grama,santo antonio do grama
geolocation.geolocation_city,santo antônio do itambé,santo antonio do itambe
geolocation.geolocation_city,santo antônio do jacinto,santo antonio do jacinto
geolocation.geolocation_city,santo antônio do jardim,santo antonio do jardim
geolocation.geolocation_city,santo antônio do leite,santo antonio do leite
geolocation.geolocation_city,santo antônio do leste,santo antonio do leste
geolocation.geolocation_city,santo antônio do leverger,santo antonio do leverger
geolocation.geolocation_city,santo antônio do monte,santo antonio do monte
geolocation.geolocation_city,santo antônio do palma,santo antonio do palma
geolocation.geolocation_city,santo antônio do pinhal,santo antonio do pinhal
geolocation.geolocation_city,santo antônio do planalto,santo antonio do planalto
geolocation.geolocation_city,santo antônio do retiro,santo antonio do retiro
geolocation.geolocation_city,santo antônio do rio abaixo,santo antonio do rio abaixo
geolocation.geolocation_city,santo antônio do rio verde,santo antonio do rio verde
geolocation.geolocation_city,santo antônio do sudoeste,santo antonio do sudoeste
geolocation.geolocation_city,santo antônio do tauá,santo antonio do taua
geolocation.geolocation_city,santo antônio dos campos,santo antonio dos campos
geolocation.geolocation_city,santo antônio dos lopes,santo antonio dos lopes
geolocation.geolocation_city,santo augusto,santo augusto
geolocation.geolocation_city,santo cristo,santo cristo
geolocation.geolocation_city,santo estevao,santo estevao
geolocation.geolocation_city,santo estevão,santo estevao
geolocation.geolocation_city,santo estêvão,santo estevao
geolocation.geolocation_city,santo expedito,santo expedito
geolocation.geolocation_city,santo expedito do sul,santo expedito do sul
geolocation.geolocation_city,santo hipolito,santo hipolito
geolocation.geolocation_city,santo hipólito,santo hipolito
geolocation.geolocation_city,santo inacio,santo inacio
geolocation.geolocation_city,santo inacio do piaui,santo inacio do piaui
geolocation.geolocation_city,santo inácio,santo inacio
geolocation.geolocation_city,santo inácio do piauí,santo inacio do piaui
geolocation.geolocation_city,santo ângelo,santo angelo
geolocation.geolocation_city,santopolis do aguapei,santopolis do aguapei
geolocation.geolocation_city,santos,santos
geolocation.geolocation_city,santos dumont,santos dumont
geolocation.geolocation_city,santópolis do aguapeí,santopolis do aguapei
geolocation.geolocation_city,sao bartolomeu,sao bartolomeu
geolocation.geolocation_city,sao benedito,sao benedito
geolocation.geolocation_city,sao benedito da cachoeirinha,sao benedito da cachoeirinha
geolocation.geolocation_city,sao benedito das areias,sao benedito das areias
geolocation.geolocation_city,sao benedito do rio preto,sao benedito do rio preto
geolocation.geolocation_city,sao benedito do sul,sao benedito do sul
geolocation.geolocation_city,sao bentinho,sao bentinho
geolocation.geolocation_city,sao bento,sao bento
geolocation.geolocation_city,sao bento abade,sao bento abade
geolocation.geolocation_city,sao bento do norte,sao bento do norte
geolocation.geolocation_city,sao bento do sapucai,sao bento do sapucai
geolocation.geolocation_city,sao bento do sul,sao bento do sul
geolocation.geolocation_city,sao bento do tocantins,sao bento do tocantins
geolocation.geolocation_city,sao bento do trairi,sao bento do trairi
geolocation.geolocation_city,sao bento do una,sao bento do una
geolocation.geolocation_city,sao bernardino,sao bernardino
geolocation.geolocation_city,sao bernardo,sao bernardo
geolocation.geolocation_city,sao bernardo do campo,sao bernardo do campo
geolocation.geolocation_city,sao bonifacio,sao bonifacio
geolocation.geolocation_city,sao borja,sao borja
geolocation.geolocation_city,sao bras,sao bras
geolocation.geolocation_city,sao bras do suacui,sao bras do suacui
geolocation.geolocation_city,sao braz do piaui,sao braz do piaui
geolocation.geolocation_city,sao caetano do sul,sao caetano do sul
geolocation.geolocation_city,sao caitano,sao caitano
geolocation.geolocation_city,sao carlos,sao carlos
geolocation.geolocation_city,sao carlos do ivai,sao carlos do ivai
geolocation.geolocation_city,sao cristovao,sao cristovao
geolocation.geolocation_city,sao cristovao do sul,sao cristovao do sul
geolocation.geolocation_city,sao desiderio,sao desiderio
geolocation.geolocation_city,sao domingos,sao domingos
geolocation.geolocation_city,sao domingos das dores,sao domingos das dores
geolocation.geolocation_city,sao domingos do araguaia,sao domingos do araguaia
geolocation.geolocation_city,sao domingos do azeitao,sao domingos do azeitao
geolocation.geolocation_city,sao domingos do capim,sao domingos do capim
geolocation.geolocation_city,sao domingos do cariri,sao domingos do cariri
geolocation.geolocation_city,sao domingos do maranhao,sao domingos do maranhao
geolocation.geolocation_city,sao domingos do norte,sao domingos do norte
geolocation.geolocation_city,sao domingos do prata,sao domingos do prata
geolocation.geolocation_city,sao domingos do sul,sao domingos do sul
geolocation.geolocation_city,sao felipe,sao felipe
geolocation.geolocation_city,sao felipe d'oeste,sao felipe d oeste
geolocation.geolocation_city,sao felix,sao felix
geolocation.geolocation_city,sao felix de balsas,sao felix de balsas
geolocation.geolocation_city,sao felix de minas,sao felix de minas
geolocation.geolocation_city,sao felix do araguaia,sao felix do araguaia
geolocation.geolocation_city,sao felix do coribe,sao felix do coribe
geolocation.geolocation_city,sao felix do piaui,sao felix do piaui
geolocation.geolocation_city,sao felix do xingu,sao felix do xingu
geolocation.geolocation_city,sao fernando,sao fernando
geolocation.geolocation_city,sao fidelis,sao fidelis
geolocation.geolocation_city,sao francisco,sao francisco
geolocation.geolocation_city,sao francisco da praia,sao francisco da praia
geolocation.geolocation_city,sao francisco de assis,sao francisco de assis
geolocation.geolocation_city,sao francisco de assis do piaui,sao francisco de assis do piaui
geolocation.geolocation_city,sao francisco de goias,sao francisco de goias
geolocation.geolocation_city,sao francisco de itabapoana,sao francisco de itabapoana
geolocation.geolocation_city,sao francisco de paula,sao francisco de paula
geolocation.geolocation_city,sao francisco de sales,sao francisco de sales
geolocation.geolocation_city,sao francisco do brejao,sao francisco do brejao
geolocation.geolocation_city,sao francisco do conde,sao francisco do conde
geolocation.geolocation_city,sao francisco do gloria,sao francisco do gloria
geolocation.geolocation_city,sao francisco do guapore,sao francisco do guapore
geolocation.geolocation_city,sao francisco do maranhao,sao francisco do maranhao
geolocation.geolocation_city,sao francisco do oeste,sao francisco do oeste
geolocation.geolocation_city,sao francisco do para,sao francisco do para
geolocation.geolocation_city,sao francisco do piaui,sao francisco do piaui
geolocation.geolocation_city,sao francisco do sul,sao francisco do sul
geolocation.geolocation_city,sao francisco xavier,sao francisco xavier
geolocation.geolocation_city,sao gabriel,sao gabriel
geolocation.geolocation_city,sao gabriel da cachoeira,sao gabriel da cachoeira
geolocation.geolocation_city,sao gabriel da palha,sao gabriel da palha
geolocation.geolocation_city,sao gabriel do oeste,sao gabriel do oeste
geolocation.geolocation_city,sao geraldo,sao geraldo
geolocation.geolocation_city,sao geraldo da piedade,sao geraldo da piedade
geolocation.geolocation_city,sao geraldo do araguaia,sao geraldo do araguaia
geolocation.geolocation_city,sao geraldo do baguari,sao geraldo do baguari
geolocation.geolocation_city,sao geraldo do baixio,sao geraldo do baixio
geolocation.geolocation_city,sao goncalo,sao goncalo
geolocation.geolocation_city,sao goncalo de botelhos,sao goncalo de botelhos
geolocation.geolocation_city,sao goncalo do abaete,sao goncalo do abaete
geolocation.geolocation_city,sao goncalo do amarante,sao goncalo do amarante
geolocation.geolocation_city,sao goncalo do gurgueia,sao goncalo do gurgueia
geolocation.geolocation_city,sao goncalo do para,sao goncalo do para
geolocation.geolocation_city,sao goncalo do piaui,sao goncalo do piaui
geolocation.geolocation_city,sao goncalo do rio abaixo,sao goncalo do rio abaixo
geolocation.geolocation_city,sao goncalo do rio das pedras,sao goncalo do rio das pedras
geolocation.geolocation_city,sao goncalo do rio preto,sao goncalo do rio preto
geolocation.geolocation_city,sao goncalo do sapucai,sao goncalo do sapucai
geolocation.geolocation_city,sao goncalo dos campos,sao goncalo dos campos
geolocation.geolocation_city,sao gotardo,sao gotardo
geolocation.geolocation_city,sao jeronimo,sao jeronimo
geolocation.geolocation_city,sao jeronimo da serra,sao jeronimo da serra
geolocation.geolocation_city,sao joao,sao joao
geolocation.geolocation_city,sao joao batista,sao joao batista
geolocation.geolocation_city,sao joao batista do gloria,sao joao batista do gloria
geolocation.geolocation_city,sao joao d alianca,sao joao d alianca
geolocation.geolocation_city,sao joao d'alianca,sao joao d alianca
geolocation.geolocation_city,sao joao da baliza,sao joao da baliza
geolocation.geolocation_city,sao joao da barra,sao joao da barra
geolocation.geolocation_city,sao joao da boa vista,sao joao da boa vista
geolocation.geolocation_city,sao joao da canabrava,sao joao da canabrava
geolocation.geolocation_city,sao joao da chapada,sao joao da chapada
geolocation.geolocation_city,sao joao da fortaleza,sao joao da fortaleza
geolocation.geolocation_city,sao joao da fronteira,sao joao da fronteira
geolocation.geolocation_city,sao joao da lagoa,sao joao da lagoa
geolocation.geolocation_city,sao joao da mata,sao joao da mata
geolocation.geolocation_city,sao joao da parauna,sao joao da parauna
geolocation.geolocation_city,sao joao da ponte,sao joao da ponte
geolocation.geolocation_city,sao joao da serra,sao joao da serra
geolocation.geolocation_city,sao joao da serra negra,sao joao da serra negra
geolocation.geolocation_city,sao joao da urtiga,sao joao da urtiga
geolocation.geolocation_city,sao joao da varjota,sao joao da varjota
geolocation.geolocation_city,sao joao dalianca,sao joao dalianca
geolocation.geolocation_city,sao joao das duas pontes,sao joao das duas pontes
geolocation.geolocation_city,sao joao das missoes,sao joao das missoes
geolocation.geolocation_city,sao joao de deus,sao joao de deus
geolocation.geolocation_city,sao joao de iracema,sao joao de iracema
geolocation.geolocation_city,sao joao de itaguacu,sao joao de itaguacu
geolocation.geolocation_city,sao joao de meriti,sao joao de meriti
geolocation.geolocation_city,sao joao de petropolis,sao joao de petropolis
geolocation.geolocation_city,sao joao de pirabas,sao joao de pirabas
geolocation.geolocation_city,sao joao de vicosa,sao joao de vicosa
geolocation.geolocation_city,sao joao del rei,sao joao del rei
geolocation.geolocation_city,sao joao do caiua,sao joao do caiua
geolocation.geolocation_city,sao joao do cariri,sao joao do cariri
geolocation.geolocation_city,sao joao do caru,sao joao do caru
geolocation.geolocation_city,sao joao do itaperiu,sao joao do itaperiu
geolocation.geolocation_city,sao joao do ivai,sao joao do ivai
geolocation.geolocation_city,sao joao do jacutinga,sao joao do jacutinga
geolocation.geolocation_city,sao joao do jaguaribe,sao joao do jaguaribe
geolocation.geolocation_city,sao joao do manhuacu,sao joao do manhuacu
geolocation.geolocation_city,sao joao do manteninha,sao joao do manteninha
geolocation.geolocation_city,sao joao do oeste,sao joao do oeste
geolocation.geolocation_city,sao joao do oriente,sao joao do oriente
geolocation.geolocation_city,sao joao do pacui,sao joao do pacui
geolocation.geolocation_city,sao joao do paraiso,sao joao do paraiso
geolocation.geolocation_city,sao joao do pau d alho,sao joao do pau d alho
geolocation.geolocation_city,sao joao do pau d'alho,sao joao do pau d alho
geolocation.geolocation_city,sao joao do pau dalho,sao joao do pau dalho
geolocation.geolocation_city,sao joao do piaui,sao joao do piaui
geolocation.geolocation_city,sao joao do polesine,sao joao do polesine
geolocation.geolocation_city,sao joao do rio do peixe,sao joao do rio do peixe
geolocation.geolocation_city,sao joao do sabugi,sao joao do sabugi
geolocation.geolocation_city,sao joao do sobrado,sao joao do sobrado
geolocation.geolocation_city,sao joao do soter,sao joao do soter
geolocation.geolocation_city,sao joao do sul,sao joao do sul
geolocation.geolocation_city,sao joao do tigre,sao joao do tigre
geolocation.geolocation_city,sao joao do triunfo,sao joao do triunfo
geolocation.geolocation_city,sao joao dos patos,sao joao dos patos
geolocation.geolocation_city,sao joao evangelista,sao joao evangelista
geolocation.geolocation_city,sao joao nepomuceno,sao joao nepomuceno
geolocation.geolocation_city,sao joaquim,sao joaquim
geolocation.geolocation_city,sao joaquim da barra,sao joaquim da barra
geolocation.geolocation_city,sao joaquim de bicas,sao joaquim de bicas
geolocation.geolocation_city,sao joaquim do monte,sao joaquim do monte
geolocation.geolocation_city,sao jorge,sao jorge
geolocation.geolocation_city,sao jorge d'oeste,sao jorge d oeste
geolocation.geolocation_city,sao jorge do ivai,sao jorge do ivai
geolocation.geolocation_city,sao jorge do oeste,sao jorge do oeste
geolocation.geolocation_city,sao jorge do patrocinio,sao jorge do patrocinio
geolocation.geolocation_city,sao jorge do tiradentes,sao jorge do tiradentes
geolocation.geolocation_city,sao jorge doeste,sao jorge doeste
geolocation.geolocation_city,sao jose,sao jose
geolocation.geolocation_city,sao jose da barra,sao jose da barra
geolocation.geolocation_city,sao jose da bela vista,sao jose da bela vista
geolocation.geolocation_city,sao jose da boa vista,sao jose da boa vista
geolocation.geolocation_city,sao jose da coroa grande,sao jose da coroa grande
geolocation.geolocation_city,sao jose da lagoa tapada,sao jose da lagoa tapada
geolocation.geolocation_city,sao jose da laje,sao jose da laje
geolocation.geolocation_city,sao jose da lapa,sao jose da lapa
geolocation.geolocation_city,sao jose da mata,sao jose da mata
geolocation.geolocation_city,sao jose da safira,sao jose da safira
geolocation.geolocation_city,sao jose da tapera,sao jose da tapera
geolocation.geolocation_city,sao jose da varginha,sao jose da varginha
geolocation.geolocation_city,sao jose da vitoria,sao jose da vitoria
geolocation.geolocation_city,sao jose das laranjeiras,sao jose das laranjeiras
geolocation.geolocation_city,sao jose das missoes,sao jose das missoes
geolocation.geolocation_city,sao jose das palmeiras,sao jose das palmeiras
geolocation.geolocation_city,sao jose das torres,sao jose das torres
geolocation.geolocation_city,sao jose de caiana,sao jose de caiana
geolocation.geolocation_city,sao jose de espinharas,sao jose de espinharas
geolocation.geolocation_city,sao jose de mipibu,sao jose de mipibu
geolocation.geolocation_city,sao jose de piranhas,sao jose de piranhas
geolocation.geolocation_city,sao jose de princesa,sao jose de princesa
geolocation.geolocation_city,sao jose de ribamar,sao jose de ribamar
geolocation.geolocation_city,sao jose de uba,sao jose de uba
geolocation.geolocation_city,sao jose do acacio,sao jose do acacio
geolocation.geolocation_city,sao jose do alegre,sao jose do alegre
geolocation.geolocation_city,sao jose do barreiro,sao jose do barreiro
geolocation.geolocation_city,sao jose do belmonte,sao jose do belmonte
geolocation.geolocation_city,sao jose do bonfim,sao jose do bonfim
geolocation.geolocation_city,sao jose do brejo do cruz,sao jose do brejo do cruz
geolocation.geolocation_city,sao jose do calcado,sao jose do calcado
geolocation.geolocation_city,sao jose do campestre,sao jose do campestre
geolocation.geolocation_city,sao jose do cedro,sao jose do cedro
geolocation.geolocation_city,sao jose do cerrito,sao jose do cerrito
geolocation.geolocation_city,sao jose do divino,sao jose do divino
geolocation.geolocation_city,sao jose do egito,sao jose do egito
geolocation.geolocation_city,sao jose do goiabal,sao jose do goiabal
geolocation.geolocation_city,sao jose do herval,sao jose do herval
geolocation.geolocation_city,sao jose do hortencio,sao jose do hortencio
geolocation.geolocation_city,sao jose do inhacora,sao jose do inhacora
geolocation.geolocation_city,sao jose do itavo,sao jose do itavo
geolocation.geolocation_city,sao jose do itueto,sao jose do itueto
geolocation.geolocation_city,sao jose do ivai,sao jose do ivai
geolocation.geolocation_city,sao jose do jacuipe,sao jose do jacuipe
geolocation.geolocation_city,sao jose do jacuri,sao jose do jacuri
geolocation.geolocation_city,sao jose do mantimento,sao jose do mantimento
geolocation.geolocation_city,sao jose do norte,sao jose do norte
geolocation.geolocation_city,sao jose do ouro,sao jose do ouro
geolocation.geolocation_city,sao jose do peixe,sao jose do peixe
geolocation.geolocation_city,sao jose do piaui,sao jose do piaui
geolocation.geolocation_city,sao jose do povo,sao jose do povo
geolocation.geolocation_city,sao jose do ribeirao,sao jose do ribeirao
geolocation.geolocation_city,sao jose do rio claro,sao jose do rio claro
geolocation.geolocation_city,sao jose do rio pardo,sao jose do rio pardo
geolocation.geolocation_city,sao jose do rio preto,sao jose do rio preto
geolocation.geolocation_city,sao jose do sabugi,sao jose do sabugi
geolocation.geolocation_city,sao jose do serido,sao jose do serido
geolocation.geolocation_city,sao jose do sul,sao jose do sul
geolocation.geolocation_city,sao jose do torto,sao jose do torto
geolocation.geolocation_city,sao jose do turvo,sao jose do turvo
geolocation.geolocation_city,sao jose do vale do rio preto,sao jose do vale do rio preto
geolocation.geolocation_city,sao jose do xingu,sao jose do xingu
geolocation.geolocation_city,sao jose dos ausentes,sao jose dos ausentes
geolocation.geolocation_city,sao jose dos basilios,sao jose dos basilios
geolocation.geolocation_city,sao jose dos campos,sao jose dos campos
geolocation.geolocation_city,sao jose dos cordeiros,sao jose dos cordeiros
geolocation.geolocation_city,sao jose dos pinhais,sao jose dos pinhais
geolocation.geolocation_city,sao jose dos quatro marcos,sao jose dos quatro marcos
geolocation.geolocation_city,sao jose dos salgados,sao jose dos salgados
geolocation.geolocation_city,sao juliao,sao juliao
geolocation.geolocation_city,sao leopoldo,sao leopoldo
geolocation.geolocation_city,sao lourenco,sao lourenco
geolocation.geolocation_city,sao lourenco da mata,sao lourenco da mata
geolocation.geolocation_city,sao lourenco da serra,sao lourenco da serra
geolocation.geolocation_city,sao lourenco do oeste,sao lourenco do oeste
geolocation.geolocation_city,sao lourenco do piaui,sao lourenco do piaui
geolocation.geolocation_city,sao lourenco do sul,sao lourenco do sul
geolocation.geolocation_city,sao ludgero,sao ludgero
geolocation.geolocation_city,sao luis,sao luis
geolocation.geolocation_city,sao luis de montes belos,sao luis de montes belos
geolocation.geolocation_city,sao luis do curu,sao luis do curu
geolocation.geolocation_city,sao luis do paraitinga,sao luis do paraitinga
geolocation.geolocation_city,sao luis do quitunde,sao luis do quitunde
geolocation.geolocation_city,sao luis gonzaga do maranhao,sao luis gonzaga do maranhao
geolocation.geolocation_city,sao luiz,sao luiz
geolocation.geolocation_city,sao luiz do norte,sao luiz do norte
geolocation.geolocation_city,sao luiz do paraitinga,sao luiz do paraitinga
geolocation.geolocation_city,sao luiz gonzaga,sao luiz gonzaga
geolocation.geolocation_city,sao mamede,sao mamede
geolocation.geolocation_city,sao manoel do guaiacu,sao manoel do guaiacu
geolocation.geolocation_city,sao manoel do parana,sao manoel do parana
geolocation.geolocation_city,sao manuel,sao manuel
geolocation.geolocation_city,sao marcos,sao marcos
geolocation.geolocation_city,sao martinho,sao martinho
geolocation.geolocation_city,sao martinho da serra,sao martinho da serra
geolocation.geolocation_city,sao mateus,sao mateus
geolocation.geolocation_city,sao mateus de minas,sao mateus de minas
geolocation.geolocation_city,sao mateus do maranhao,sao mateus do maranhao
geolocation.geolocation_city,sao mateus do sul,sao mateus do sul
geolocation.geolocation_city,sao miguel,sao miguel
geolocation.geolocation_city,sao miguel arcanjo,sao miguel arcanjo
geolocation.geolocation_city,sao miguel da baixa grande,sao miguel da baixa grande
geolocation.geolocation_city,sao miguel da boa vista,sao miguel da boa vista
geolocation.geolocation_city,sao miguel das matas,sao miguel das matas
geolocation.geolocation_city,sao miguel das missoes,sao miguel das missoes
geolocation.geolocation_city,sao miguel de taipu,sao miguel de taipu
geolocation.geolocation_city,sao miguel de touros,sao miguel de touros
geolocation.geolocation_city,sao miguel do aleixo,sao miguel do aleixo
geolocation.geolocation_city,sao miguel do anta,sao miguel do anta
geolocation.geolocation_city,sao miguel do araguaia,sao miguel do araguaia
geolocation.geolocation_city,sao miguel do fidalgo,sao miguel do fidalgo
geolocation.geolocation_city,sao miguel do gostoso,sao miguel do gostoso
geolocation.geolocation_city,sao miguel do guama,sao miguel do guama
geolocation.geolocation_city,sao miguel do guapore,sao miguel do guapore
geolocation.geolocation_city,sao miguel do iguacu,sao miguel do iguacu
geolocation.geolocation_city,sao miguel do oeste,sao miguel do oeste
geolocation.geolocation_city,sao miguel do passa quatro,sao miguel do passa quatro
geolocation.geolocation_city,sao miguel do tapuio,sao miguel do tapuio
geolocation.geolocation_city,sao miguel do tocantins,sao miguel do tocantins
geolocation.geolocation_city,sao miguel dos campos,sao miguel dos campos
geolocation.geolocation_city,sao miguel dos milagres,sao miguel dos milagres
geolocation.geolocation_city,sao nicolau,sao nicolau
geolocation.geolocation_city,sao patricio,sao patricio
geolocation.geolocation_city,sao paulo,sao paulo
geolocation.geolocation_city,sao paulo das missoes,sao paulo das missoes
geolocation.geolocation_city,sao paulo de olivenca,sao paulo de olivenca
geolocation.geolocation_city,sao paulo do potengi,sao paulo do potengi
geolocation.geolocation_city,sao pedro,sao pedro
geolocation.geolocation_city,sao pedro da agua branca,sao pedro da agua branca
geolocation.geolocation_city,sao pedro da aldeia,sao pedro da aldeia
geolocation.geolocation_city,sao pedro da cipa,sao pedro da cipa
geolocation.geolocation_city,sao pedro da serra,sao pedro da serra
geolocation.geolocation_city,sao pedro da uniao,sao pedro da uniao
geolocation.geolocation_city,sao pedro de alcantara,sao pedro de alcantara
geolocation.geolocation_city,sao pedro do avai,sao pedro do avai
geolocation.geolocation_city,sao pedro do butia,sao pedro do butia
geolocation.geolocation_city,sao pedro do iguacu,sao pedro do iguacu
geolocation.geolocation_city,sao pedro do ivai,sao pedro do ivai
geolocation.geolocation_city,sao pedro do parana,sao pedro do parana
geolocation.geolocation_city,sao pedro do piaui,sao pedro do piaui
geolocation.geolocation_city,sao pedro do suacui,sao pedro do suacui
geolocation.geolocation_city,sao pedro do sul,sao pedro do sul
geolocation.geolocation_city,sao pedro do turvo,sao pedro do turvo
geolocation.geolocation_city,sao pedro dos crentes,sao pedro dos crentes
geolocation.geolocation_city,sao pedro dos ferros,sao pedro dos ferros
geolocation.geolocation_city,sao rafael,sao rafael
geolocation.geolocation_city,sao raimundo das mangabeiras,sao raimundo das mangabeiras
geolocation.geolocation_city,sao raimundo do doca bezerra,sao raimundo do doca bezerra
geolocation.geolocation_city,sao raimundo nonato,sao raimundo nonato
geolocation.geolocation_city,sao roberto,sao roberto
geolocation.geolocation_city,sao romao,sao romao
geolocation.geolocation_city,sao roque,sao roque
geolocation.geolocation_city,sao roque da fartura,sao roque da fartura
geolocation.geolocation_city,sao roque de minas,sao roque de minas
geolocation.geolocation_city,sao roque do canaa,sao roque do canaa
geolocation.geolocation_city,sao roque do cannaa,sao roque do cannaa
geolocation.geolocation_city,sao roque do chopim,sao roque do chopim
geolocation.geolocation_city,sao roque do paraguacu,sao roque do paraguacu
geolocation.geolocation_city,sao salvador do tocantins,sao salvador do tocantins
geolocation.geolocation_city,sao sebastiao,sao sebastiao
geolocation.geolocation_city,sao sebastiao da amoreira,sao sebastiao da amoreira
geolocation.geolocation_city,sao sebastiao da barra,sao sebastiao da barra
geolocation.geolocation_city,sao sebastiao da bela vista,sao sebastiao da bela vista
geolocation.geolocation_city,sao sebastiao da boa vista,sao sebastiao da boa vista
geolocation.geolocation_city,sao sebastiao da grama,sao sebastiao da grama
geolocation.geolocation_city,sao sebastiao da vala,sao sebastiao da vala
geolocation.geolocation_city,sao sebastiao da vargem alegre,sao sebastiao da vargem alegre
geolocation.geolocation_city,sao sebastiao da vitoria,sao sebastiao da vitoria
geolocation.geolocation_city,sao sebastiao de braunas,sao sebastiao de braunas
geolocation.geolocation_city,sao sebastiao de campos,sao sebastiao de campos
geolocation.geolocation_city,sao sebastiao de lagoa de roca,sao sebastiao de lagoa de roca
geolocation.geolocation_city,sao sebastiao do alto,sao sebastiao do alto
geolocation.geolocation_city,sao sebastiao do anta,sao sebastiao do anta
geolocation.geolocation_city,sao sebastiao do cai,sao sebastiao do cai
geolocation.geolocation_city,sao sebastiao do maranhao,sao sebastiao do maranhao
geolocation.geolocation_city,sao sebastiao do oeste,sao sebastiao do oeste
geolocation.geolocation_city,sao sebastiao do paraiso,sao sebastiao do paraiso
geolocation.geolocation_city,sao sebastiao do passe,sao sebastiao do passe
geolocation.geolocation_city,sao sebastiao do pontal,sao sebastiao do pontal
geolocation.geolocation_city,sao sebastiao do rio preto,sao sebastiao do rio preto
geolocation.geolocation_city,sao sebastiao do rio verde,sao sebastiao do rio verde
geolocation.geolocation_city,sao sebastiao do sacramento,sao sebastiao do sacramento
geolocation.geolocation_city,sao sebastiao do tocantins,sao sebastiao do tocantins
geolocation.geolocation_city,sao sebastiao do uatuma,sao sebastiao do uatuma
geolocation.geolocation_city,sao sebastiao dos pocoes,sao sebastiao dos pocoes
geolocation.geolocation_city,sao sepe,sao sepe
geolocation.geolocation_city,sao silvestre,sao silvestre
geolocation.geolocation_city,sao simao,sao simao
geolocation.geolocation_city,sao thome das letras,sao thome das letras
geolocation.geolocation_city,sao tiago,sao tiago
geolocation.geolocation_city,sao tomas de aquino,sao tomas de aquino
geolocation.geolocation_city,sao tome,sao tome
geolocation.geolocation_city,sao valentim,sao valentim
geolocation.geolocation_city,sao valentim do sul,sao valentim do sul
geolocation.geolocation_city,sao valerio da natividade,sao valerio da natividade
geolocation.geolocation_city,sao valerio do sul,sao valerio do sul
geolocation.geolocation_city,sao vendelino,sao vendelino
geolocation.geolocation_city,sao vicente,sao vicente
geolocation.geolocation_city,sao vicente da estrela,sao vicente da estrela
geolocation.geolocation_city,sao vicente de minas,sao vicente de minas
geolocation.geolocation_city,sao vicente de paula,sao vicente de paula
geolocation.geolocation_city,sao vicente do grama,sao vicente do grama
geolocation.geolocation_city,sao vicente do rio doce,sao vicente do rio doce
geolocation.geolocation_city,sao vicente do sul,sao vicente do sul
geolocation.geolocation_city,sao vicente ferrer,sao vicente ferrer
geolocation.geolocation_city,sape,sape
geolocation.geolocation_city,sapeacu,sapeacu
geolocation.geolocation_city,sapeaçu,sapeacu
geolocation.geolocation_city,sapezal,sapezal
geolocation.geolocation_city,sapiranga,sapiranga
geolocation.geolocation_city,sapopema,sapopema
geolocation.geolocation_city,sapucai-mirim,sapucai mirim
geolocation.geolocation_city,sapucaia,sapucaia
geolocation.geolocation_city,sapucaia de guanhaes,sapucaia de guanhaes
geolocation.geolocation_city,sapucaia do norte,sapucaia do norte
geolocation.geolocation_city,sapucaia do sul,sapucaia do sul
geolocation.geolocation_city,sapucaí-mirim,sapucai mirim
geolocation.geolocation_city,sapé,sape
geolocation.geolocation_city,saquarema,saquarema
geolocation.geolocation_city,sarandi,sarandi
geolocation.geolocation_city,sarandira,sarandira
geolocation.geolocation_city,sarapui,sarapui
geolocation.geolocation_city,sarapuí,sarapui
geolocation.geolocation_city,sardoa,sardoa
geolocation.geolocation_city,sardoá,sardoa
geolocation.geolocation_city,sarutaia,sarutaia
geolocation.geolocation_city,sarutaiá,sarutaia
geolocation.geolocation_city,sarzedo,sarzedo
geolocation.geolocation_city,satiro dias,satiro dias
geolocation.geolocation_city,satuba,satuba
geolocation.geolocation_city,satubinha,satubinha
geolocation.geolocation_city,saubara,saubara
geolocation.geolocation_city,saudade do iguacu,saudade do iguacu
geolocation.geolocation_city,saudade do iguaçu,saudade do iguacu
geolocation.geolocation_city,saudades,saudades
geolocation.geolocation_city,saude,saude
geolocation.geolocation_city,sa£o paulo,sao paulo
geolocation.geolocation_city,saúde,saude
geolocation.geolocation_city,sbcampo,sbcampo
geolocation.geolocation_city,schroeder,schroeder
geolocation.geolocation_city,seabra,seabra
geolocation.geolocation_city,seara,seara
geolocation.geolocation_city,sebastianopolis do sul,sebastianopolis do sul
geolocation.geolocation_city,sebastianópolis do sul,sebastianopolis do sul
geolocation.geolocation_city,sebastiao de abreu,sebastiao de abreu
geolocation.geolocation_city,sebastiao laranjeiras,sebastiao laranjeiras
geolocation.geolocation_city,sebastiao leal,sebastiao leal
geolocation.geolocation_city,sebastião laranjeiras,sebastiao laranjeiras
geolocation.geolocation_city,seberi,seberi
geolocation.geolocation_city,sede alvorada,sede alvorada
geolocation.geolocation_city,sede nova,sede nova
geolocation.geolocation_city,segredo,segredo
geolocation.geolocation_city,selbach,selbach
geolocation.geolocation_city,selviria,selviria
geolocation.geolocation_city,sem peixe,sem peixe
geolocation.geolocation_city,sena madureira,sena madureira
geolocation.geolocation_city,senador alexandre costa,senador alexandre costa
geolocation.geolocation_city,senador amaral,senador amaral
geolocation.geolocation_city,senador canedo,senador canedo
geolocation.geolocation_city,senador cortes,senador cortes
geolocation.geolocation_city,senador eloi de souza,senador eloi de souza
geolocation.geolocation_city,senador firmino,senador firmino
geolocation.geolocation_city,senador guiomard,senador guiomard
geolocation.geolocation_city,senador jose bento,senador jose bento
geolocation.geolocation_city,senador jose porfirio,senador jose porfirio
geolocation.geolocation_city,senador josé bento,senador jose bento
geolocation.geolocation_city,senador la rocque,senador la rocque
geolocation.geolocation_city,senador la roque,senador la roque
geolocation.geolocation_city,senador modestino goncalves,senador modestino goncalves
geolocation.geolocation_city,senador modestino gonçalves,senador modestino goncalves
geolocation.geolocation_city,senador mourao,senador mourao
geolocation.geolocation_city,senador pompeu,senador pompeu
geolocation.geolocation_city,senador rui palmeira,senador rui palmeira
geolocation.geolocation_city,senador sa,senador sa
geolocation.geolocation_city,senador salgado filho,senador salgado filho
geolocation.geolocation_city,senges,senges
geolocation.geolocation_city,sengés,senges
geolocation.geolocation_city,senhor do bonfim,senhor do bonfim
geolocation.geolocation_city,senhora das dores,senhora das dores
geolocation.geolocation_city,senhora de oliveira,senhora de oliveira
geolocation.geolocation_city,senhora do carmo,senhora do carmo
geolocation.geolocation_city,senhora do porto,senhora do porto
geolocation.geolocation_city,senhora dos remedios,senhora dos remedios
geolocation.geolocation_city,senhora dos remédios,senhora dos remedios
geolocation.geolocation_city,sentinela do sul,sentinela do sul
geolocation.geolocation_city,sento se,sento se
geolocation.geolocation_city,sento sé,sento se
geolocation.geolocation_city,serafina correa,serafina correa
geolocation.geolocation_city,serafina corrêa,serafina correa
geolocation.geolocation_city,sereno,sereno
geolocation.geolocation_city,sericita,sericita
geolocation.geolocation_city,seringueiras,seringueiras
geolocation.geolocation_city,serio,serio
geolocation.geolocation_city,seritinga,seritinga
geolocation.geolocation_city,seropedica,seropedica
geolocation.geolocation_city,seropédica,seropedica
geolocation.geolocation_city,serra,serra
geolocation.geolocation_city,serra alta,serra alta
geolocation.geolocation_city,serra azul,serra azul
geolocation.geolocation_city,serra azul de minas,serra azul de minas
geolocation.geolocation_city,serra bonita,serra bonita
geolocation.geolocation_city,serra branca,serra branca
geolocation.geolocation_city,serra caiada,serra caiada
geolocation.geolocation_city,serra da raiz,serra da raiz
geolocation.geolocation_city,serra da saudade,serra da saudade
geolocation.geolocation_city,serra da tapuia,serra da tapuia
geolocation.geolocation_city,serra de sao bento,serra de sao bento
geolocation.geolocation_city,serra do mel,serra do mel
geolocation.geolocation_city,serra do navio,serra do navio
geolocation.geolocation_city,serra do ramalho,serra do ramalho
geolocation.geolocation_city,serra do salitre,serra do salitre
geolocation.geolocation_city,serra do vento,serra do vento
geolocation.geolocation_city,serra dos aimores,serra dos aimores
geolocation.geolocation_city,serra dos aimorés,serra dos aimores
geolocation.geolocation_city,serra dos dourados,serra dos dourados
geolocation.geolocation_city,serra dourada,serra dourada
geolocation.geolocation_city,serra grande,serra grande
geolocation.geolocation_city,serra negra,serra negra
geolocation.geolocation_city,serra negra do norte,serra negra do norte
geolocation.geolocation_city,serra nova dourada,serra nova dourada
geolocation.geolocation_city,serra preta,serra preta
geolocation.geolocation_city,serra redonda,serra redonda
geolocation.geolocation_city,serra talhada,serra talhada
geolocation.geolocation_city,serrana,serrana
geolocation.geolocation_city,serrania,serrania
geolocation.geolocation_city,serrano do maranhao,serrano do maranhao
geolocation.geolocation_city,serranopolis,serranopolis
geolocation.geolocation_city,serranopolis de minas,serranopolis de minas
geolocation.geolocation_city,serranopolis do iguacu,serranopolis do iguacu
geolocation.geolocation_city,serranos,serranos
geolocation.geolocation_city,serranópolis,serranopolis
geolocation.geolocation_city,serranópolis do iguaçu,serranopolis do iguacu
geolocation.geolocation_city,serraria,serraria
geolocation.geolocation_city,serrinha,serrinha
geolocation.geolocation_city,serrinha dos pintos,serrinha dos pintos
geolocation.geolocation_city,serrita,serrita
geolocation.geolocation_city,serro,serro
geolocation.geolocation_city,serrolandia,serrolandia
geolocation.geolocation_city,serrolândia,serrolandia
geolocation.geolocation_city,sertaneja,sertaneja
geolocation.geolocation_city,sertania,sertania
geolocation.geolocation_city,sertanopolis,sertanopolis
geolocation.geolocation_city,sertanópolis,sertanopolis
geolocation.geolocation_city,sertao,sertao
geolocation.geolocation_city,sertao santana,sertao santana
geolocation.geolocation_city,sertaozinho,sertaozinho
geolocation.geolocation_city,sertânia,sertania
geolocation.geolocation_city,sertão,sertao
geolocation.geolocation_city,sertão santana,sertao santana
geolocation.geolocation_city,sertãozinho,sertaozinho
geolocation.geolocation_city,sete barras,sete barras
geolocation.geolocation_city,sete de setembro,sete de setembro
geolocation.geolocation_city,sete lagoas,sete lagoas
geolocation.geolocation_city,sete quedas,sete quedas
geolocation.geolocation_city,setubinha,setubinha
geolocation.geolocation_city,severiano de almeida,severiano de almeida
geolocation.geolocation_city,severiano melo,severiano melo
geolocation.geolocation_city,severinia,severinia
geolocation.geolocation_city,severínia,severinia
geolocation.geolocation_city,sideropolis,sideropolis
geolocation.geolocation_city,siderópolis,sideropolis
geolocation.geolocation_city,sidrolandia,sidrolandia
geolocation.geolocation_city,sidrolândia,sidrolandia
geolocation.geolocation_city,sigefredo pacheco,sigefredo pacheco
geolocation.geolocation_city,silva jardim,silva jardim
geolocation.geolocation_city,silvania,silvania
geolocation.geolocation_city,silvano,silvano
geolocation.geolocation_city,silvanopolis,silvanopolis
geolocation.geolocation_city,silvanópolis,silvanopolis
geolocation.geolocation_city,silveira carvalho,silveira carvalho
geolocation.geolocation_city,silveira martins,silveira martins
geolocation.geolocation_city,silveirania,silveirania
geolocation.geolocation_city,silveiras,silveiras
geolocation.geolocation_city,silves,silves
geolocation.geolocation_city,silvianopolis,silvianopolis
geolocation.geolocation_city,silvianópolis,silvianopolis
geolocation.geolocation_city,silvânia,silvania
geolocation.geolocation_city,simao dias,simao dias
geolocation.geolocation_city,simao pereira,simao pereira
geolocation.geolocation_city,simoes,simoes
geolocation.geolocation_city,simoes filho,simoes filho
geolocation.geolocation_city,simolandia,simolandia
geolocation.geolocation_city,simolândia,simolandia
geolocation.geolocation_city,simonesia,simonesia
geolocation.geolocation_city,simonésia,simonesia
geolocation.geolocation_city,simplicio mendes,simplicio mendes
geolocation.geolocation_city,simplício mendes,simplicio mendes
geolocation.geolocation_city,simão dias,simao dias
geolocation.geolocation_city,simões,simoes
geolocation.geolocation_city,simões filho,simoes filho
geolocation.geolocation_city,sinimbu,sinimbu
geolocation.geolocation_city,sinop,sinop
geolocation.geolocation_city,siqueira campos,siqueira campos
geolocation.geolocation_city,sirinhaem,sirinhaem
geolocation.geolocation_city,sirinhaém,sirinhaem
geolocation.geolocation_city,siriri,siriri
geolocation.geolocation_city,sitio d'abadia,sitio d abadia
geolocation.geolocation_city,sitio do mato,sitio do mato
geolocation.geolocation_city,sitio do quinto,sitio do quinto
geolocation.geolocation_city,sitio novo,sitio novo
geolocation.geolocation_city,sitio novo do tocantins,sitio novo do tocantins
geolocation.geolocation_city,sobradinho,sobradinho
geolocation.geolocation_city,sobrado,sobrado
geolocation.geolocation_city,sobral,sobral
geolocation.geolocation_city,sobralia,sobralia
geolocation.geolocation_city,sobrália,sobralia
geolocation.geolocation_city,socavao,socavao
geolocation.geolocation_city,socorro,socorro
geolocation.geolocation_city,socorro do piaui,socorro do piaui
geolocation.geolocation_city,sodrelia,sodrelia
geolocation.geolocation_city,solanea,solanea
geolocation.geolocation_city,soledade,soledade
geolocation.geolocation_city,soledade de minas,soledade de minas
geolocation.geolocation_city,solidao,solidao
geolocation.geolocation_city,solonopole,solonopole
geolocation.geolocation_city,solonópole,solonopole
geolocation.geolocation_city,solânea,solanea
geolocation.geolocation_city,sombrio,sombrio
geolocation.geolocation_city,sonho azul,sonho azul
geolocation.geolocation_city,sonora,sonora
geolocation.geolocation_city,sooretama,sooretama
geolocation.geolocation_city,sorocaba,sorocaba
geolocation.geolocation_city,sorriso,sorriso
geolocation.geolocation_city,sossego,sossego
geolocation.geolocation_city,soure,soure
geolocation.geolocation_city,sousa,sousa
geolocation.geolocation_city,sousania,sousania
geolocation.geolocation_city,souto soares,souto soares
geolocation.geolocation_city,sp,sp
geolocation.geolocation_city,sucatinga,sucatinga
geolocation.geolocation_city,sucesso,sucesso
geolocation.geolocation_city,sucupira,sucupira
geolocation.geolocation_city,sucupira do norte,sucupira do norte
geolocation.geolocation_city,sucupira do riachao,sucupira do riachao
geolocation.geolocation_city,sud mennucci,sud mennucci
geolocation.geolocation_city,sul brasil,sul brasil
geolocation.geolocation_city,sulina,sulina
geolocation.geolocation_city,sumare,sumare
geolocation.geolocation_city,sumaré,sumare
geolocation.geolocation_city,sume,sume
geolocation.geolocation_city,sumidouro,sumidouro
geolocation.geolocation_city,sumé,sume
geolocation.geolocation_city,surubim,surubim
geolocation.geolocation_city,suzanapolis,suzanapolis
geolocation.geolocation_city,suzano,suzano
geolocation.geolocation_city,suzanápolis,suzanapolis
geolocation.geolocation_city,sátiro dias,satiro dias
geolocation.geolocation_city,são benedito,sao benedito
geolocation.geolocation_city,são benedito das areias,sao benedito das areias
geolocation.geolocation_city,são benedito do rio preto,sao benedito do rio preto
geolocation.geolocation_city,são benedito do sul,sao benedito do sul
geolocation.geolocation_city,são bentinho,sao bentinho
geolocation.geolocation_city,são bento,sao bento
geolocation.geolocation_city,são bento abade,sao bento abade
geolocation.geolocation_city,são bento do sapucaí,sao bento do sapucai
geolocation.geolocation_city,são bento do sul,sao bento do sul
geolocation.geolocation_city,são bento do tocantins,sao bento do tocantins
geolocation.geolocation_city,são bento do una,sao bento do una
geolocation.geolocation_city,são bernardino,sao bernardino
geolocation.geolocation_city,são bernardo,sao bernardo
geolocation.geolocation_city,são bernardo do campo,sao bernardo do campo
geolocation.geolocation_city,são borja,sao borja
geolocation.geolocation_city,são brás,sao bras
geolocation.geolocation_city,são brás do suaçuí,sao bras do suacui
geolocation.geolocation_city,são caetano do sul,sao caetano do sul
geolocation.geolocation_city,são caitano,sao caitano
geolocation.geolocation_city,são camilo,sao camilo
geolocation.geolocation_city,são carlos,sao carlos
geolocation.geolocation_city,são carlos do ivaí,sao carlos do ivai
geolocation.geolocation_city,são cristóvão,sao cristovao
geolocation.geolocation_city,são cristóvão do sul,sao cristovao do sul
geolocation.geolocation_city,são desidério,sao desiderio
geolocation.geolocation_city,são domingos,sao domingos
geolocation.geolocation_city,são domingos das dores,sao domingos das dores
geolocation.geolocation_city,são domingos do araguaia,sao domingos do araguaia
geolocation.geolocation_city,são domingos do capim,sao domingos do capim
geolocation.geolocation_city,são domingos do maranhão,sao domingos do maranhao
geolocation.geolocation_city,são domingos do norte,sao domingos do norte
geolocation.geolocation_city,são domingos do prata,sao domingos do prata
geolocation.geolocation_city,são domingos do sul,sao domingos do sul
geolocation.geolocation_city,são felipe,sao felipe
geolocation.geolocation_city,são felipe d'oeste,sao felipe d oeste
geolocation.geolocation_city,são fidélis,sao fidelis
geolocation.geolocation_city,são francisco,sao francisco
geolocation.geolocation_city,são francisco da praia,sao francisco da praia
geolocation.geolocation_city,são francisco de assis,sao francisco de assis
geolocation.geolocation_city,são francisco de assis do piauí,sao francisco de assis do piaui
geolocation.geolocation_city,são francisco de goiás,sao francisco de goias
geolocation.geolocation_city,são francisco de itabapoana,sao francisco de itabapoana
geolocation.geolocation_city,são francisco de paula,sao francisco de paula
geolocation.geolocation_city,são francisco de sales,sao francisco de sales
geolocation.geolocation_city,são francisco do brejão,sao francisco do brejao
geolocation.geolocation_city,são francisco do conde,sao francisco do conde
geolocation.geolocation_city,são francisco do guaporé,sao francisco do guapore
geolocation.geolocation_city,são francisco do maranhão,sao francisco do maranhao
geolocation.geolocation_city,são francisco do oeste,sao francisco do oeste
geolocation.geolocation_city,são francisco do pará,sao francisco do para
geolocation.geolocation_city,são francisco do piauí,sao francisco do piaui
geolocation.geolocation_city,são francisco do sul,sao francisco do sul
geolocation.geolocation_city,são francisco xavier,sao francisco xavier
geolocation.geolocation_city,são félix,sao felix
geolocation.geolocation_city,são félix de balsas,sao felix de balsas
geolocation.geolocation_city,são félix de minas,sao felix de minas
geolocation.geolocation_city,são félix do araguaia,sao felix do araguaia
geolocation.geolocation_city,são félix do coribe,sao felix do coribe
geolocation.geolocation_city,são félix do piauí,sao felix do piaui
geolocation.geolocation_city,são félix do xingu,sao felix do xingu
geolocation.geolocation_city,são gabriel,sao gabriel
geolocation.geolocation_city,são gabriel da palha,sao gabriel da palha
geolocation.geolocation_city,são gabriel do oeste,sao gabriel do oeste
geolocation.geolocation_city,são geraldo,sao geraldo
geolocation.geolocation_city,são geraldo da piedade,sao geraldo da piedade
geolocation.geolocation_city,são geraldo do araguaia,sao geraldo do araguaia
geolocation.geolocation_city,são geraldo do baixio,sao geraldo do baixio
geolocation.geolocation_city,são gonçalo,sao goncalo
geolocation.geolocation_city,são gonçalo de botelhos,sao goncalo de botelhos
geolocation.geolocation_city,são gonçalo do abaeté,sao goncalo do abaete
geolocation.geolocation_city,são gonçalo do amarante,sao goncalo do amarante
geolocation.geolocation_city,são gonçalo do pará,sao goncalo do para
geolocation.geolocation_city,são gonçalo do rio abaixo,sao goncalo do rio abaixo
geolocation.geolocation_city,são gonçalo do sapucaí,sao goncalo do sapucai
geolocation.geolocation_city,são gonçalo dos campos,sao goncalo dos campos
geolocation.geolocation_city,são gotardo,sao gotardo
geolocation.geolocation_city,são jerônimo,sao jeronimo
geolocation.geolocation_city,são jerônimo da serra,sao jeronimo da serra
geolocation.geolocation_city,são joaquim,sao joaquim
geolocation.geolocation_city,são joaquim da barra,sao joaquim da barra
geolocation.geolocation_city,são joaquim de bicas,sao joaquim de bicas
geolocation.geolocation_city,são joaquim do monte,sao joaquim do monte
geolocation.geolocation_city,são jorge d'oeste,sao jorge d oeste
geolocation.geolocation_city,são jorge do ivaí,sao jorge do ivai
geolocation.geolocation_city,são jorge do patrocínio,sao jorge do patrocinio
geolocation.geolocation_city,são josé,sao jose
geolocation.geolocation_city,são josé da barra,sao jose da barra
geolocation.geolocation_city,são josé da bela vista,sao jose da bela vista
geolocation.geolocation_city,são josé da boa vista,sao jose da boa vista
geolocation.geolocation_city,são josé da coroa grande,sao jose da coroa grande
geolocation.geolocation_city,são josé da lagoa tapada,sao jose da lagoa tapada
geolocation.geolocation_city,são josé da laje,sao jose da laje
geolocation.geolocation_city,são josé da lapa,sao jose da lapa
geolocation.geolocation_city,são josé da mata,sao jose da mata
geolocation.geolocation_city,são josé da safira,sao jose da safira
geolocation.geolocation_city,são josé da tapera,sao jose da tapera
geolocation.geolocation_city,são josé da varginha,sao jose da varginha
geolocation.geolocation_city,são josé da vitória,sao jose da vitoria
geolocation.geolocation_city,são josé das laranjeiras,sao jose das laranjeiras
geolocation.geolocation_city,são josé das missões,sao jose das missoes
geolocation.geolocation_city,são josé das palmeiras,sao jose das palmeiras
geolocation.geolocation_city,são josé de caiana,sao jose de caiana
geolocation.geolocation_city,são josé de mipibu,sao jose de mipibu
geolocation.geolocation_city,são josé de piranhas,sao jose de piranhas
geolocation.geolocation_city,são josé de ribamar,sao jose de ribamar
geolocation.geolocation_city,são josé de ubá,sao jose de uba
geolocation.geolocation_city,são josé do alegre,sao jose do alegre
geolocation.geolocation_city,são josé do barreiro,sao jose do barreiro
geolocation.geolocation_city,são josé do belmonte,sao jose do belmonte
geolocation.geolocation_city,são josé do bonfim,sao jose do bonfim
geolocation.geolocation_city,são josé do calçado,sao jose do calcado
geolocation.geolocation_city,são josé do campestre,sao jose do campestre
geolocation.geolocation_city,são josé do cedro,sao jose do cedro
geolocation.geolocation_city,são josé do cerrito,sao jose do cerrito
geolocation.geolocation_city,são josé do divino,sao jose do divino
geolocation.geolocation_city,são josé do egito,sao jose do egito
geolocation.geolocation_city,são josé do goiabal,sao jose do goiabal
geolocation.geolocation_city,são josé do herval,sao jose do herval
geolocation.geolocation_city,são josé do hortêncio,sao jose do hortencio
geolocation.geolocation_city,são josé do itueto,sao jose do itueto
geolocation.geolocation_city,são josé do jacuri,sao jose do jacuri
geolocation.geolocation_city,são josé do jacuípe,sao jose do jacuipe
geolocation.geolocation_city,são josé do mantimento,sao jose do mantimento
geolocation.geolocation_city,são josé do norte,sao jose do norte
geolocation.geolocation_city,são josé do ouro,sao jose do ouro
geolocation.geolocation_city,são josé do peixe,sao jose do peixe
geolocation.geolocation_city,são josé do povo,sao jose do povo
geolocation.geolocation_city,são josé do rio claro,sao jose do rio claro
geolocation.geolocation_city,são josé do rio pardo,sao jose do rio pardo
geolocation.geolocation_city,são josé do rio preto,sao jose do rio preto
geolocation.geolocation_city,são josé do sabugi,sao jose do sabugi
geolocation.geolocation_city,são josé do torto,sao jose do torto
geolocation.geolocation_city,são josé do turvo,sao jose do turvo
geolocation.geolocation_city,são josé do vale do rio preto,sao jose do vale do rio preto
geolocation.geolocation_city,são josé do xingu,sao jose do xingu
geolocation.geolocation_city,são josé dos ausentes,sao jose dos ausentes
geolocation.geolocation_city,são josé dos campos,sao jose dos campos
geolocation.geolocation_city,são josé dos pinhais,sao jose dos pinhais
geolocation.geolocation_city,são josé dos quatro marcos,sao jose dos quatro marcos
geolocation.geolocation_city,são josé dos ramos,sao jose dos ramos
geolocation.geolocation_city,são joão,sao joao
geolocation.geolocation_city,são joão batista,sao joao batista
geolocation.geolocation_city,são joão batista do glória,sao joao batista do gloria
geolocation.geolocation_city,são joão d'aliança,sao joao d alianca
geolocation.geolocation_city,são joão da barra,sao joao da barra
geolocation.geolocation_city,são joão da boa vista,sao joao da boa vista
geolocation.geolocation_city,são joão da mata,sao joao da mata
geolocation.geolocation_city,são joão da ponte,sao joao da ponte
geolocation.geolocation_city,são joão da urtiga,sao joao da urtiga
geolocation.geolocation_city,são joão das duas pontes,sao joao das duas pontes
geolocation.geolocation_city,são joão das missões,sao joao das missoes
geolocation.geolocation_city,são joão de iracema,sao joao de iracema
geolocation.geolocation_city,são joão de itaguaçu,sao joao de itaguacu
geolocation.geolocation_city,são joão de meriti,sao joao de meriti
geolocation.geolocation_city,são joão de pirabas,sao joao de pirabas
geolocation.geolocation_city,são joão del rei,sao joao del rei
geolocation.geolocation_city,são joão do caiuá,sao joao do caiua
geolocation.geolocation_city,são joão do cariri,sao joao do cariri
geolocation.geolocation_city,são joão do carú,sao joao do caru
geolocation.geolocation_city,são joão do itaperiú,sao joao do itaperiu
geolocation.geolocation_city,são joão do ivaí,sao joao do ivai
geolocation.geolocation_city,são joão do jaguaribe,sao joao do jaguaribe
geolocation.geolocation_city,são joão do manhuaçu,sao joao do manhuacu
geolocation.geolocation_city,são joão do manteninha,sao joao do manteninha
geolocation.geolocation_city,são joão do oeste,sao joao do oeste
geolocation.geolocation_city,são joão do oriente,sao joao do oriente
geolocation.geolocation_city,são joão do paraíso,sao joao do paraiso
geolocation.geolocation_city,são joão do pau d%26apos%3balho,sao joao do pau d 26apos 3balho
geolocation.geolocation_city,são joão do pau d'alho,sao joao do pau d alho
geolocation.geolocation_city,são joão do piauí,sao joao do piaui
geolocation.geolocation_city,são joão do rio do peixe,sao joao do rio do peixe
geolocation.geolocation_city,são joão do soter,sao joao do soter
geolocation.geolocation_city,são joão do sul,sao joao do sul
geolocation.geolocation_city,são joão do triunfo,sao joao do triunfo
geolocation.geolocation_city,são joão dos patos,sao joao dos patos
geolocation.geolocation_city,são joão evangelista,sao joao evangelista
geolocation.geolocation_city,são joão nepomuceno,sao joao nepomuceno
geolocation.geolocation_city,são julião,sao juliao
geolocation.geolocation_city,são leopoldo,sao leopoldo
geolocation.geolocation_city,são lourenço,sao lourenco
geolocation.geolocation_city,são lourenço da mata,sao lourenco da mata
geolocation.geolocation_city,são lourenço da serra,sao lourenco da serra
geolocation.geolocation_city,são lourenço do oeste,sao lourenco do oeste
geolocation.geolocation_city,são lourenço do sul,sao lourenco do sul
geolocation.geolocation_city,são ludgero,sao ludgero
geolocation.geolocation_city,são luiz do norte,sao luiz do norte
geolocation.geolocation_city,são luiz do paraitinga,sao luiz do paraitinga
geolocation.geolocation_city,são luiz gonzaga,sao luiz gonzaga
geolocation.geolocation_city,são luís,sao luis
geolocation.geolocation_city,são luís de montes belos,sao luis de montes belos
geolocation.geolocation_city,são luís do curu,sao luis do curu
geolocation.geolocation_city,são luís do quitunde,sao luis do quitunde
geolocation.geolocation_city,são luís gonzaga do maranhão,sao luis gonzaga do maranhao
geolocation.geolocation_city,são mamede,sao mamede
geolocation.geolocation_city,são manoel do paraná,sao manoel do parana
geolocation.geolocation_city,são manuel,sao manuel
geolocation.geolocation_city,são marcos,sao marcos
geolocation.geolocation_city,são martinho,sao martinho
geolocation.geolocation_city,são martinho da serra,sao martinho da serra
geolocation.geolocation_city,são mateus,sao mateus
geolocation.geolocation_city,são mateus do maranhão,sao mateus do maranhao
geolocation.geolocation_city,são mateus do sul,sao mateus do sul
geolocation.geolocation_city,são miguel,sao miguel
geolocation.geolocation_city,são miguel arcanjo,sao miguel arcanjo
geolocation.geolocation_city,são miguel da baixa grande,sao miguel da baixa grande
geolocation.geolocation_city,são miguel da boa vista,sao miguel da boa vista
geolocation.geolocation_city,são miguel das matas,sao miguel das matas
geolocation.geolocation_city,são miguel das missões,sao miguel das missoes
geolocation.geolocation_city,são miguel do anta,sao miguel do anta
geolocation.geolocation_city,são miguel do araguaia,sao miguel do araguaia
geolocation.geolocation_city,são miguel do fidalgo,sao miguel do fidalgo
geolocation.geolocation_city,são miguel do gostoso,sao miguel do gostoso
geolocation.geolocation_city,são miguel do guamá,sao miguel do guama
geolocation.geolocation_city,são miguel do guaporé,sao miguel do guapore
geolocation.geolocation_city,são miguel do iguaçu,sao miguel do iguacu
geolocation.geolocation_city,são miguel do oeste,sao miguel do oeste
geolocation.geolocation_city,são miguel do passa quatro,sao miguel do passa quatro
geolocation.geolocation_city,são miguel do tapuio,sao miguel do tapuio
geolocation.geolocation_city,são miguel do tocantins,sao miguel do tocantins
geolocation.geolocation_city,são miguel dos campos,sao miguel dos campos
geolocation.geolocation_city,são miguel dos milagres,sao miguel dos milagres
geolocation.geolocation_city,são nicolau,sao nicolau
geolocation.geolocation_city,são paulo,sao paulo
geolocation.geolocation_city,são paulo das missões,sao paulo das missoes
geolocation.geolocation_city,são paulo de olivença,sao paulo de olivenca
geolocation.geolocation_city,são paulo do potengi,sao paulo do potengi
geolocation.geolocation_city,são pedro,sao pedro
geolocation.geolocation_city,são pedro da aldeia,sao pedro da aldeia
geolocation.geolocation_city,são pedro da serra,sao pedro da serra
geolocation.geolocation_city,são pedro da união,sao pedro da uniao
geolocation.geolocation_city,são pedro da água branca,sao pedro da agua branca
geolocation.geolocation_city,são pedro de alcântara,sao pedro de alcantara
geolocation.geolocation_city,são pedro de rates,sao pedro de rates
geolocation.geolocation_city,são pedro do avaí,sao pedro do avai
geolocation.geolocation_city,são pedro do butiá,sao pedro do butia
geolocation.geolocation_city,são pedro do iguaçu,sao pedro do iguacu
geolocation.geolocation_city,são pedro do ivaí,sao pedro do ivai
geolocation.geolocation_city,são pedro do paraná,sao pedro do parana
geolocation.geolocation_city,são pedro do suaçuí,sao pedro do suacui
geolocation.geolocation_city,são pedro do sul,sao pedro do sul
geolocation.geolocation_city,são pedro do turvo,sao pedro do turvo
geolocation.geolocation_city,são pedro dos ferros,sao pedro dos ferros
geolocation.geolocation_city,são rafael,sao rafael
geolocation.geolocation_city,são raimundo das mangabeiras,sao raimundo das mangabeiras
geolocation.geolocation_city,são raimundo do doca bezerra,sao raimundo do doca bezerra
geolocation.geolocation_city,são raimundo nonato,sao raimundo nonato
geolocation.geolocation_city,são roberto,sao roberto
geolocation.geolocation_city,são romão,sao romao
geolocation.geolocation_city,são roque,sao roque
geolocation.geolocation_city,são roque de minas,sao roque de minas
geolocation.geolocation_city,são roque do canaã,sao roque do canaa
geolocation.geolocation_city,são salvador do tocantins,sao salvador do tocantins
geolocation.geolocation_city,são sebastião,sao sebastiao
geolocation.geolocation_city,são sebastião da amoreira,sao sebastiao da amoreira
geolocation.geolocation_city,são sebastião da bela vista,sao sebastiao da bela vista
geolocation.geolocation_city,são sebastião da boa vista,sao sebastiao da boa vista
geolocation.geolocation_city,são sebastião da grama,sao sebastiao da grama
geolocation.geolocation_city,são sebastião da vala,sao sebastiao da vala
geolocation.geolocation_city,são sebastião da vitória,sao sebastiao da vitoria
geolocation.geolocation_city,são sebastião do alto,sao sebastiao do alto
geolocation.geolocation_city,são sebastião do anta,sao sebastiao do anta
geolocation.geolocation_city,são sebastião do caí,sao sebastiao do cai
geolocation.geolocation_city,são sebastião do maranhão,sao sebastiao do maranhao
geolocation.geolocation_city,são sebastião do oeste,sao sebastiao do oeste
geolocation.geolocation_city,são sebastião do paraíso,sao sebastiao do paraiso
geolocation.geolocation_city,são sebastião do passe,sao sebastiao do passe
geolocation.geolocation_city,são sebastião do passé,sao sebastiao do passe
geolocation.geolocation_city,são sebastião do pontal,sao sebastiao do pontal
geolocation.geolocation_city,são sebastião do rio verde,sao sebastiao do rio verde
geolocation.geolocation_city,são sebastião do sacramento,sao sebastiao do sacramento
geolocation.geolocation_city,são sebastião dos torres,sao sebastiao dos torres
geolocation.geolocation_city,são sepé,sao sepe
geolocation.geolocation_city,são simão,sao simao
geolocation.geolocation_city,são thomé das letras,sao thome das letras
geolocation.geolocation_city,são tiago,sao tiago
geolocation.geolocation_city,são tomás de aquino,sao tomas de aquino
geolocation.geolocation_city,são tomé,sao tome
geolocation.geolocation_city,são valentim,sao valentim
geolocation.geolocation_city,são valentim do sul,sao valentim do sul
geolocation.geolocation_city,são valério da natividade,sao valerio da natividade
geolocation.geolocation_city,são vendelino,sao vendelino
geolocation.geolocation_city,são vicente,sao vicente
geolocation.geolocation_city,são vicente de minas,sao vicente de minas
geolocation.geolocation_city,são vicente de paula,sao vicente de paula
geolocation.geolocation_city,são vicente do sul,sao vicente do sul
geolocation.geolocation_city,são vicente ferrer,sao vicente ferrer
geolocation.geolocation_city,sãopaulo,saopaulo
geolocation.geolocation_city,sério,serio
geolocation.geolocation_city,sítio do mato,sitio do mato
geolocation.geolocation_city,sítio do quinto,sitio do quinto
geolocation.geolocation_city,sítio grande,sitio grande
geolocation.geolocation_city,tabai,tabai
geolocation.geolocation_city,tabapora,tabapora
geolocation.geolocation_city,tabaporã,tabapora
geolocation.geolocation_city,tabapua,tabapua
geolocation.geolocation_city,tabapuã,tabapua
geolocation.geolocation_city,tabatinga,tabatinga
geolocation.geolocation_city,tabira,tabira
geolocation.geolocation_city,taboao da serra,taboao da serra
geolocation.geolocation_city,taboas,taboas
geolocation.geolocation_city,tabocas do brejo velho,tabocas do brejo velho
geolocation.geolocation_city,taboleiro grande,taboleiro grande
geolocation.geolocation_city,taboão da serra,taboao da serra
geolocation.geolocation_city,tabuao,tabuao
geolocation.geolocation_city,tabuleiro,tabuleiro
geolocation.geolocation_city,tabuleiro do norte,tabuleiro do norte
geolocation.geolocation_city,tacaimbo,tacaimbo
geolocation.geolocation_city,tacaratu,tacaratu
geolocation.geolocation_city,taciba,taciba
geolocation.geolocation_city,tacuru,tacuru
geolocation.geolocation_city,taguai,taguai
geolocation.geolocation_city,taguatinga,taguatinga
geolocation.geolocation_city,taguaí,taguai
geolocation.geolocation_city,taiacu,taiacu
geolocation.geolocation_city,taiaçu,taiacu
geolocation.geolocation_city,tailandia,tailandia
geolocation.geolocation_city,tailândia,tailandia
geolocation.geolocation_city,taio,taio
geolocation.geolocation_city,taiobeiras,taiobeiras
geolocation.geolocation_city,taipas do tocantins,taipas do tocantins
geolocation.geolocation_city,taipu,taipu
geolocation.geolocation_city,taiuva,taiuva
geolocation.geolocation_city,taió,taio
geolocation.geolocation_city,taiúva,taiuva
geolocation.geolocation_city,taliandia,taliandia
geolocation.geolocation_city,talisma,talisma
geolocation.geolocation_city,talismã,talisma
geolocation.geolocation_city,tamandare,tamandare
geolocation.geolocation_city,tamandaré,tamandare
geolocation.geolocation_city,tamarana,tamarana
geolocation.geolocation_city,tambau,tambau
geolocation.geolocation_city,tambaú,tambau
geolocation.geolocation_city,tamboara,tamboara
geolocation.geolocation_city,tamboril,tamboril
geolocation.geolocation_city,tamboril do piaui,tamboril do piaui
geolocation.geolocation_city,tamoios (cabo frio),tamoios cabo frio
geolocation.geolocation_city,tanabi,tanabi
geolocation.geolocation_city,tangara,tangara
geolocation.geolocation_city,tangara da serra,tangara da serra
geolocation.geolocation_city,tangará,tangara
geolocation.geolocation_city,tangará da serra,tangara da serra
geolocation.geolocation_city,tangua,tangua
geolocation.geolocation_city,tanguá,tangua
geolocation.geolocation_city,tanhacu,tanhacu
geolocation.geolocation_city,tanhaçu,tanhacu
geolocation.geolocation_city,tanque d'arca,tanque d arca
geolocation.geolocation_city,tanque do piaui,tanque do piaui
geolocation.geolocation_city,tanque novo,tanque novo
geolocation.geolocation_city,tanquinho,tanquinho
geolocation.geolocation_city,taparuba,taparuba
geolocation.geolocation_city,tapaua,tapaua
geolocation.geolocation_city,tapauá,tapaua
geolocation.geolocation_city,tapejara,tapejara
geolocation.geolocation_city,tapera,tapera
geolocation.geolocation_city,taperoa,taperoa
geolocation.geolocation_city,taperoá,taperoa
geolocation.geolocation_city,taperuaba,taperuaba
geolocation.geolocation_city,tapes,tapes
geolocation.geolocation_city,tapinas,tapinas
geolocation.geolocation_city,tapira,tapira
geolocation.geolocation_city,tapirai,tapirai
geolocation.geolocation_city,tapiramuta,tapiramuta
geolocation.geolocation_city,tapiramutá,tapiramuta
geolocation.geolocation_city,tapiratiba,tapiratiba
geolocation.geolocation_city,tapiraí,tapirai
geolocation.geolocation_city,tapuirama,tapuirama
geolocation.geolocation_city,tapurah,tapurah
geolocation.geolocation_city,taquara,taquara
geolocation.geolocation_city,taquaracu de minas,taquaracu de minas
geolocation.geolocation_city,taquaral,taquaral
geolocation.geolocation_city,taquaral de goias,taquaral de goias
geolocation.geolocation_city,taquaral de goiás,taquaral de goias
geolocation.geolocation_city,taquarana,taquarana
geolocation.geolocation_city,taquaraçu de minas,taquaracu de minas
geolocation.geolocation_city,taquari,taquari
geolocation.geolocation_city,taquaritinga,taquaritinga
geolocation.geolocation_city,taquaritinga do norte,taquaritinga do norte
geolocation.geolocation_city,taquarituba,taquarituba
geolocation.geolocation_city,taquarivai,taquarivai
geolocation.geolocation_city,taquarivaí,taquarivai
geolocation.geolocation_city,taquarucu do sul,taquarucu do sul
geolocation.geolocation_city,taquarussu,taquarussu
geolocation.geolocation_city,taquaruçu do sul,taquarucu do sul
geolocation.geolocation_city,tarabai,tarabai
geolocation.geolocation_city,tarauaca,tarauaca
geolocation.geolocation_city,tarauacá,tarauaca
geolocation.geolocation_city,tarrafas,tarrafas
geolocation.geolocation_city,taruma,taruma
geolocation.geolocation_city,tarumirim,tarumirim
geolocation.geolocation_city,tarumã,taruma
geolocation.geolocation_city,tasso fragoso,tasso fragoso
geolocation.geolocation_city,tatui,tatui
geolocation.geolocation_city,tatuí,tatui
geolocation.geolocation_city,taua,taua
geolocation.geolocation_city,tauape,tauape
geolocation.geolocation_city,taubate,taubate
geolocation.geolocation_city,taubaté,taubate
geolocation.geolocation_city,tauá,taua
geolocation.geolocation_city,tavares,tavares
geolocation.geolocation_city,tebas,tebas
geolocation.geolocation_city,tecainda,tecainda
geolocation.geolocation_city,tefe,tefe
geolocation.geolocation_city,tefé,tefe
geolocation.geolocation_city,teixeira,teixeira
geolocation.geolocation_city,teixeira de freitas,teixeira de freitas
geolocation.geolocation_city,teixeira soares,teixeira soares
geolocation.geolocation_city,teixeiras,teixeiras
geolocation.geolocation_city,teixeiropolis,teixeiropolis
geolocation.geolocation_city,teixeirópolis,teixeiropolis
geolocation.geolocation_city,tejucuoca,tejucuoca
geolocation.geolocation_city,tejupa,tejupa
geolocation.geolocation_city,tejupá,tejupa
geolocation.geolocation_city,tejuçuoca,tejucuoca
geolocation.geolocation_city,telemaco borba,telemaco borba
geolocation.geolocation_city,telha,telha
geolocation.geolocation_city,telêmaco borba,telemaco borba
geolocation.geolocation_city,tenente ananias,tenente ananias
geolocation.geolocation_city,tenente laurentino cruz,tenente laurentino cruz
geolocation.geolocation_city,tenente portela,tenente portela
geolocation.geolocation_city,tenorio,tenorio
geolocation.geolocation_city,teodoro sampaio,teodoro sampaio
geolocation.geolocation_city,teofilandia,teofilandia
geolocation.geolocation_city,teofilo otoni,teofilo otoni
geolocation.geolocation_city,teofilândia,teofilandia
geolocation.geolocation_city,teolandia,teolandia
geolocation.geolocation_city,teolândia,teolandia
geolocation.geolocation_city,teotonio vilela,teotonio vilela
geolocation.geolocation_city,teotônio vilela,teotonio vilela
geolocation.geolocation_city,terenos,terenos
geolocation.geolocation_city,teresina,teresina
geolocation.geolocation_city,teresina de goias,teresina de goias
geolocation.geolocation_city,teresina de goiás,teresina de goias
geolocation.geolocation_city,teresopolis,teresopolis
geolocation.geolocation_city,teresópolis,teresopolis
geolocation.geolocation_city,terezinha,terezinha
geolocation.geolocation_city,terezopolis de goias,terezopolis de goias
geolocation.geolocation_city,terezópolis de goiás,terezopolis de goias
geolocation.geolocation_city,termas de ibira,termas de ibira
geolocation.geolocation_city,terra alta,terra alta
geolocation.geolocation_city,terra boa,terra boa
geolocation.geolocation_city,terra de areia,terra de areia
geolocation.geolocation_city,terra nova,terra nova
geolocation.geolocation_city,terra nova do norte,terra nova do norte
geolocation.geolocation_city,terra rica,terra rica
geolocation.geolocation_city,terra roxa,terra roxa
geolocation.geolocation_city,terra santa,terra santa
geolocation.geolocation_city,tesouro,tesouro
geolocation.geolocation_city,teutonia,teutonia
geolocation.geolocation_city,teutônia,teutonia
geolocation.geolocation_city,teófilo otoni,teofilo otoni
geolocation.geolocation_city,theobroma,theobroma
geolocation.geolocation_city,tiangua,tiangua
geolocation.geolocation_city,tianguá,tiangua
geolocation.geolocation_city,tibagi,tibagi
geolocation.geolocation_city,tibau,tibau
geolocation.geolocation_city,tibau do sul,tibau do sul
geolocation.geolocation_city,tiete,tiete
geolocation.geolocation_city,tietê,tiete
geolocation.geolocation_city,tigrinhos,tigrinhos
geolocation.geolocation_city,tijucas,tijucas
geolocation.geolocation_city,tijucas do sul,tijucas do sul
geolocation.geolocation_city,timbauba,timbauba
geolocation.geolocation_city,timbauba dos batistas,timbauba dos batistas
geolocation.geolocation_city,timbaúba,timbauba
geolocation.geolocation_city,timbe do sul,timbe do sul
geolocation.geolocation_city,timbiras,timbiras
geolocation.geolocation_city,timbo,timbo
geolocation.geolocation_city,timbo grande,timbo grande
geolocation.geolocation_city,timburi,timburi
geolocation.geolocation_city,timbé do sul,timbe do sul
geolocation.geolocation_city,timbó,timbo
geolocation.geolocation_city,timbó grande,timbo grande
geolocation.geolocation_city,timon,timon
geolocation.geolocation_city,timoteo,timoteo
geolocation.geolocation_city,timóteo,timoteo
geolocation.geolocation_city,tio hugo,tio hugo
geolocation.geolocation_city,tiradentes,tiradentes
geolocation.geolocation_city,tiradentes do sul,tiradentes do sul
geolocation.geolocation_city,tiros,tiros
geolocation.geolocation_city,tobias barreto,tobias barreto
geolocation.geolocation_city,tocandira,tocandira
geolocation.geolocation_city,tocantinia,tocantinia
geolocation.geolocation_city,tocantinopolis,tocantinopolis
geolocation.geolocation_city,tocantins,tocantins
geolocation.geolocation_city,tocantinópolis,tocantinopolis
geolocation.geolocation_city,tocantínia,tocantinia
geolocation.geolocation_city,tocos,tocos
geolocation.geolocation_city,tocos do moji,tocos do moji
geolocation.geolocation_city,toledo,toledo
geolocation.geolocation_city,tomar do geru,tomar do geru
geolocation.geolocation_city,tomazina,tomazina
geolocation.geolocation_city,tombos,tombos
geolocation.geolocation_city,tome-acu,tome acu
geolocation.geolocation_city,tomé-açu,tome acu
geolocation.geolocation_city,tomé-açú,tome acu
geolocation.geolocation_city,tonantins,tonantins
geolocation.geolocation_city,topazio,topazio
geolocation.geolocation_city,toritama,toritama
geolocation.geolocation_city,torixoreu,torixoreu
geolocation.geolocation_city,torneiros,torneiros
geolocation.geolocation_city,toropi,toropi
geolocation.geolocation_city,torre de pedra,torre de pedra
geolocation.geolocation_city,torres,torres
geolocation.geolocation_city,torrinha,torrinha
geolocation.geolocation_city,touros,touros
geolocation.geolocation_city,trabiju,trabiju
geolocation.geolocation_city,tracuateua,tracuateua
geolocation.geolocation_city,tracunhaem,tracunhaem
geolocation.geolocation_city,tracunhaém,tracunhaem
geolocation.geolocation_city,traipu,traipu
geolocation.geolocation_city,trairao,trairao
geolocation.geolocation_city,trairi,trairi
geolocation.geolocation_city,trairâo,trairao
geolocation.geolocation_city,trairão,trairao
geolocation.geolocation_city,trajano de moraes,trajano de moraes
geolocation.geolocation_city,trajano de morais,trajano de morais
geolocation.geolocation_city,tramandai,tramandai
geolocation.geolocation_city,tramandaí,tramandai
geolocation.geolocation_city,trancoso,trancoso
geolocation.geolocation_city,travessao,travessao
geolocation.geolocation_city,travesseiro,travesseiro
geolocation.geolocation_city,tremedal,tremedal
geolocation.geolocation_city,tremembe,tremembe
geolocation.geolocation_city,tremembé,tremembe
geolocation.geolocation_city,tres aliancas,tres aliancas
geolocation.geolocation_city,tres arroios,tres arroios
geolocation.geolocation_city,tres barras,tres barras
geolocation.geolocation_city,tres barras do parana,tres barras do parana
geolocation.geolocation_city,tres cachoeiras,tres cachoeiras
geolocation.geolocation_city,tres coracoes,tres coracoes
geolocation.geolocation_city,tres coroas,tres coroas
geolocation.geolocation_city,tres de maio,tres de maio
geolocation.geolocation_city,tres forquilhas,tres forquilhas
geolocation.geolocation_city,tres fronteiras,tres fronteiras
geolocation.geolocation_city,tres irmaos,tres irmaos
geolocation.geolocation_city,tres lagoas,tres lagoas
geolocation.geolocation_city,tres marias,tres marias
geolocation.geolocation_city,tres palmeiras,tres palmeiras
geolocation.geolocation_city,tres passos,tres passos
geolocation.geolocation_city,tres pontas,tres pontas
geolocation.geolocation_city,tres ranchos,tres ranchos
geolocation.geolocation_city,tres rios,tres rios
geolocation.geolocation_city,treviso,treviso
geolocation.geolocation_city,treze de maio,treze de maio
geolocation.geolocation_city,treze tilias,treze tilias
geolocation.geolocation_city,treze tílias,treze tilias
geolocation.geolocation_city,trindade,trindade
geolocation.geolocation_city,trindade do sul,trindade do sul
geolocation.geolocation_city,triunfo,triunfo
geolocation.geolocation_city,triunfo potiguar,triunfo potiguar
geolocation.geolocation_city,trizidela do vale,trizidela do vale
geolocation.geolocation_city,trombas,trombas
geolocation.geolocation_city,trombudo central,trombudo central
geolocation.geolocation_city,três arroios,tres arroios
geolocation.geolocation_city,três barras,tres barras
geolocation.geolocation_city,três barras do paraná,tres barras do parana
geolocation.geolocation_city,três cachoeiras,tres cachoeiras
geolocation.geolocation_city,três corações,tres coracoes
geolocation.geolocation_city,três coroas,tres coroas
geolocation.geolocation_city,três de maio,tres de maio
geolocation.geolocation_city,três fronteiras,tres fronteiras
geolocation.geolocation_city,três lagoas,tres lagoas
geolocation.geolocation_city,três marias,tres marias
geolocation.geolocation_city,três palmeiras,tres palmeiras
geolocation.geolocation_city,três passos,tres passos
geolocation.geolocation_city,três pontas,tres pontas
geolocation.geolocation_city,três ranchos,tres ranchos
geolocation.geolocation_city,três rios,tres rios
geolocation.geolocation_city,tubarao,tubarao
geolocation.geolocation_city,tubarão,tubarao
geolocation.geolocation_city,tucano,tucano
geolocation.geolocation_city,tucuma,tucuma
geolocation.geolocation_city,tucumã,tucuma
geolocation.geolocation_city,tucunduva,tucunduva
geolocation.geolocation_city,tucurui,tucurui
geolocation.geolocation_city,tucuruí,tucurui
geolocation.geolocation_city,tufilandia,tufilandia
geolocation.geolocation_city,tufilândia,tufilandia
geolocation.geolocation_city,tuiuti,tuiuti
geolocation.geolocation_city,tumiritinga,tumiritinga
geolocation.geolocation_city,tunapolis,tunapolis
geolocation.geolocation_city,tunas,tunas
geolocation.geolocation_city,tunas do parana,tunas do parana
geolocation.geolocation_city,tunas do paraná,tunas do parana
geolocation.geolocation_city,tuneiras do oeste,tuneiras do oeste
geolocation.geolocation_city,tuntum,tuntum
geolocation.geolocation_city,tunápolis,tunapolis
geolocation.geolocation_city,tupa,tupa
geolocation.geolocation_city,tupaciguara,tupaciguara
geolocation.geolocation_city,tupanatinga,tupanatinga
geolocation.geolocation_city,tupanci do sul,tupanci do sul
geolocation.geolocation_city,tupancireta,tupancireta
geolocation.geolocation_city,tupanciretã,tupancireta
geolocation.geolocation_city,tupandi,tupandi
geolocation.geolocation_city,tuparece,tuparece
geolocation.geolocation_city,tuparendi,tuparendi
geolocation.geolocation_city,tuparetama,tuparetama
geolocation.geolocation_city,tupassi,tupassi
geolocation.geolocation_city,tupi paulista,tupi paulista
geolocation.geolocation_city,tupirama,tupirama
geolocation.geolocation_city,tupã,tupa
geolocation.geolocation_city,tupãssi,tupassi
geolocation.geolocation_city,turiacu,turiacu
geolocation.geolocation_city,turiaçu,turiacu
geolocation.geolocation_city,turilandia,turilandia
geolocation.geolocation_city,turiuba,turiuba
geolocation.geolocation_city,turiúba,turiuba
geolocation.geolocation_city,turmalina,turmalina
geolocation.geolocation_city,turucu,turucu
geolocation.geolocation_city,tururu,tururu
geolocation.geolocation_city,turuçu,turucu
geolocation.geolocation_city,turvania,turvania
geolocation.geolocation_city,turvelandia,turvelandia
geolocation.geolocation_city,turvelândia,turvelandia
geolocation.geolocation_city,turvo,turvo
geolocation.geolocation_city,turvolandia,turvolandia
geolocation.geolocation_city,turvolândia,turvolandia
geolocation.geolocation_city,tutoia,tutoia
geolocation.geolocation_city,tutóia,tutoia
geolocation.geolocation_city,uaua,uaua
geolocation.geolocation_city,uauá,uaua
geolocation.geolocation_city,uba,uba
geolocation.geolocation_city,ubai,ubai
geolocation.geolocation_city,ubaira,ubaira
geolocation.geolocation_city,ubaitaba,ubaitaba
geolocation.geolocation_city,ubajara,ubajara
geolocation.geolocation_city,ubaporanga,ubaporanga
geolocation.geolocation_city,ubarana,ubarana
geolocation.geolocation_city,ubata,ubata
geolocation.geolocation_city,ubatuba,ubatuba
geolocation.geolocation_city,ubatã,ubata
geolocation.geolocation_city,ubauna,ubauna
geolocation.geolocation_city,ubaí,ubai
geolocation.geolocation_city,ubaíra,ubaira
geolocation.geolocation_city,uberaba,uberaba
geolocation.geolocation_city,uberlandia,uberlandia
geolocation.geolocation_city,uberlândia,uberlandia
geolocation.geolocation_city,ubiraita,ubiraita
geolocation.geolocation_city,ubirajara,ubirajara
geolocation.geolocation_city,ubirata,ubirata
geolocation.geolocation_city,ubiratã,ubirata
geolocation.geolocation_city,ubiretama,ubiretama
geolocation.geolocation_city,ubá,uba
geolocation.geolocation_city,uchoa,uchoa
geolocation.geolocation_city,uibai,uibai
geolocation.geolocation_city,uibaí,uibai
geolocation.geolocation_city,uirapuru,uirapuru
geolocation.geolocation_city,uirauna,uirauna
geolocation.geolocation_city,uiraúna,uirauna
geolocation.geolocation_city,ulianopolis,ulianopolis
geolocation.geolocation_city,ulianópolis,ulianopolis
geolocation.geolocation_city,umari,umari
geolocation.geolocation_city,umarizal,umarizal
geolocation.geolocation_city,umbauba,umbauba
geolocation.geolocation_city,umbaúba,umbauba
geolocation.geolocation_city,umburanas,umburanas
geolocation.geolocation_city,umburatiba,umburatiba
geolocation.geolocation_city,umbuzeiro,umbuzeiro
geolocation.geolocation_city,umirim,umirim
geolocation.geolocation_city,umuarama,umuarama
geolocation.geolocation_city,una,una
geolocation.geolocation_city,unai,unai
geolocation.geolocation_city,unaí,unai
geolocation.geolocation_city,uniao,uniao
geolocation.geolocation_city,uniao da serra,uniao da serra
geolocation.geolocation_city,uniao da vitoria,uniao da vitoria
geolocation.geolocation_city,uniao de minas,uniao de minas
geolocation.geolocation_city,uniao do oeste,uniao do oeste
geolocation.geolocation_city,uniao do sul,uniao do sul
geolocation.geolocation_city,uniao dos palmares,uniao dos palmares
geolocation.geolocation_city,uniao paulista,uniao paulista
geolocation.geolocation_city,uniflor,uniflor
geolocation.geolocation_city,unistalda,unistalda
geolocation.geolocation_city,união,uniao
geolocation.geolocation_city,união da serra,uniao da serra
geolocation.geolocation_city,união da vitória,uniao da vitoria
geolocation.geolocation_city,união de minas,uniao de minas
geolocation.geolocation_city,união do oeste,uniao do oeste
geolocation.geolocation_city,união do sul,uniao do sul
geolocation.geolocation_city,união dos palmares,uniao dos palmares
geolocation.geolocation_city,união paulista,uniao paulista
geolocation.geolocation_city,upanema,upanema
geolocation.geolocation_city,urai,urai
geolocation.geolocation_city,urandi,urandi
geolocation.geolocation_city,urania,urania
geolocation.geolocation_city,uraí,urai
geolocation.geolocation_city,urbano santos,urbano santos
geolocation.geolocation_city,uru,uru
geolocation.geolocation_city,uruacu,uruacu
geolocation.geolocation_city,uruana,uruana
geolocation.geolocation_city,uruana de minas,uruana de minas
geolocation.geolocation_city,uruara,uruara
geolocation.geolocation_city,uruará,uruara
geolocation.geolocation_city,uruaçu,uruacu
geolocation.geolocation_city,urubici,urubici
geolocation.geolocation_city,uruburetama,uruburetama
geolocation.geolocation_city,urucania,urucania
geolocation.geolocation_city,urucará,urucara
geolocation.geolocation_city,urucuca,urucuca
geolocation.geolocation_city,urucui,urucui
geolocation.geolocation_city,urucuia,urucuia
geolocation.geolocation_city,urucurituba,urucurituba
geolocation.geolocation_city,urucânia,urucania
geolocation.geolocation_city,uruguaiana,uruguaiana
geolocation.geolocation_city,uruoca,uruoca
geolocation.geolocation_city,urupa,urupa
geolocation.geolocation_city,urupema,urupema
geolocation.geolocation_city,urupes,urupes
geolocation.geolocation_city,urupá,urupa
geolocation.geolocation_city,urupês,urupes
geolocation.geolocation_city,urussanga,urussanga
geolocation.geolocation_city,urutai,urutai
geolocation.geolocation_city,urutaí,urutai
geolocation.geolocation_city,uruçuca,urucuca
geolocation.geolocation_city,uruçuí,urucui
geolocation.geolocation_city,urânia,urania
geolocation.geolocation_city,utinga,utinga
geolocation.geolocation_city,vacaria,vacaria
geolocation.geolocation_city,valao do barro,valao do barro
geolocation.geolocation_city,vale de sao domingos,vale de sao domingos
geolocation.geolocation_city,vale de são domingos,vale de sao domingos
geolocation.geolocation_city,vale do anari,vale do anari
geolocation.geolocation_city,vale do paraiso,vale do paraiso
geolocation.geolocation_city,vale do paraíso,vale do paraiso
geolocation.geolocation_city,vale do sol,vale do sol
geolocation.geolocation_city,vale dos vinhedos,vale dos vinhedos
geolocation.geolocation_city,vale real,vale real
geolocation.geolocation_city,vale verde,vale verde
geolocation.geolocation_city,valenca,valenca
geolocation.geolocation_city,valenca do piaui,valenca do piaui
geolocation.geolocation_city,valente,valente
geolocation.geolocation_city,valentim gentil,valentim gentil
geolocation.geolocation_city,valença,valenca
geolocation.geolocation_city,valença do piauí,valenca do piaui
geolocation.geolocation_city,valinhos,valinhos
geolocation.geolocation_city,valparaiso,valparaiso
geolocation.geolocation_city,valparaiso de goias,valparaiso de goias
geolocation.geolocation_city,valparaíso,valparaiso
geolocation.geolocation_city,valparaíso de goiás,valparaiso de goias
geolocation.geolocation_city,vanini,vanini
geolocation.geolocation_city,vargeao,vargeao
geolocation.geolocation_city,vargem,vargem
geolocation.geolocation_city,vargem alegre,vargem alegre
geolocation.geolocation_city,vargem alta,vargem alta
geolocation.geolocation_city,vargem bonita,vargem bonita
geolocation.geolocation_city,vargem grande,vargem grande
geolocation.geolocation_city,vargem grande do rio pardo,vargem grande do rio pardo
geolocation.geolocation_city,vargem grande do soturno,vargem grande do soturno
geolocation.geolocation_city,vargem grande do sul,vargem grande do sul
geolocation.geolocation_city,vargem grande paulista,vargem grande paulista
geolocation.geolocation_city,vargeão,vargeao
geolocation.geolocation_city,varginha,varginha
geolocation.geolocation_city,varjao,varjao
geolocation.geolocation_city,varjao de minas,varjao de minas
geolocation.geolocation_city,varjota,varjota
geolocation.geolocation_city,varjão de minas,varjao de minas
geolocation.geolocation_city,varre-sai,varre sai
geolocation.geolocation_city,varzea,varzea
geolocation.geolocation_city,varzea alegre,varzea alegre
geolocation.geolocation_city,varzea branca,varzea branca
geolocation.geolocation_city,varzea da palma,varzea da palma
geolocation.geolocation_city,varzea da roca,varzea da roca
geolocation.geolocation_city,varzea do poco,varzea do poco
geolocation.geolocation_city,varzea grande,varzea grande
geolocation.geolocation_city,varzea nova,varzea nova
geolocation.geolocation_city,varzea paulista,varzea paulista
geolocation.geolocation_city,varzedo,varzedo
geolocation.geolocation_city,varzelandia,varzelandia
geolocation.geolocation_city,varzelândia,varzelandia
geolocation.geolocation_city,vassouras,vassouras
geolocation.geolocation_city,vau-acu,vau acu
geolocation.geolocation_city,vazante,vazante
geolocation.geolocation_city,venancio aires,venancio aires
geolocation.geolocation_city,venda branca,venda branca
geolocation.geolocation_city,venda nova do imigrante,venda nova do imigrante
geolocation.geolocation_city,venda nova do imigrante-es,venda nova do imigrante es
geolocation.geolocation_city,venha-ver,venha ver
geolocation.geolocation_city,ventania,ventania
geolocation.geolocation_city,venturosa,venturosa
geolocation.geolocation_city,venâncio aires,venancio aires
geolocation.geolocation_city,vera,vera
geolocation.geolocation_city,vera cruz,vera cruz
geolocation.geolocation_city,vera cruz de minas,vera cruz de minas
geolocation.geolocation_city,vera cruz do oeste,vera cruz do oeste
geolocation.geolocation_city,vera mendes,vera mendes
geolocation.geolocation_city,veranopolis,veranopolis
geolocation.geolocation_city,veranópolis,veranopolis
geolocation.geolocation_city,verdejante,verdejante
geolocation.geolocation_city,verdelandia,verdelandia
geolocation.geolocation_city,verdelândia,verdelandia
geolocation.geolocation_city,vere,vere
geolocation.geolocation_city,vereda,vereda
geolocation.geolocation_city,veredas,veredas
geolocation.geolocation_city,veredinha,veredinha
geolocation.geolocation_city,verissimo,verissimo
geolocation.geolocation_city,vermelho,vermelho
geolocation.geolocation_city,vermelho novo,vermelho novo
geolocation.geolocation_city,vermelho velho,vermelho velho
geolocation.geolocation_city,vertente do lerio,vertente do lerio
geolocation.geolocation_city,vertentes,vertentes
geolocation.geolocation_city,verê,vere
geolocation.geolocation_city,veríssimo,verissimo
geolocation.geolocation_city,vespasiano,vespasiano
geolocation.geolocation_city,vespasiano correa,vespasiano correa
geolocation.geolocation_city,viadutos,viadutos
geolocation.geolocation_city,viamao,viamao
geolocation.geolocation_city,viamão,viamao
geolocation.geolocation_city,viana,viana
geolocation.geolocation_city,vianopolis,vianopolis
geolocation.geolocation_city,vianópolis,vianopolis
geolocation.geolocation_city,vicencia,vicencia
geolocation.geolocation_city,vicente dutra,vicente dutra
geolocation.geolocation_city,vicentina,vicentina
geolocation.geolocation_city,vicentinopolis,vicentinopolis
geolocation.geolocation_city,vicentinópolis,vicentinopolis
geolocation.geolocation_city,vicosa,vicosa
geolocation.geolocation_city,vicosa do ceara,vicosa do ceara
geolocation.geolocation_city,victor graeff,victor graeff
geolocation.geolocation_city,vidal ramos,vidal ramos
geolocation.geolocation_city,videira,videira
geolocation.geolocation_city,vidigal,vidigal
geolocation.geolocation_city,vieiras,vieiras
geolocation.geolocation_city,vigia,vigia
geolocation.geolocation_city,vila bela da santissima trindade,vila bela da santissima trindade
geolocation.geolocation_city,vila bela da santssima trindade,vila bela da santssima trindade
geolocation.geolocation_city,vila bela da santíssima trindade,vila bela da santissima trindade
geolocation.geolocation_city,vila boa,vila boa
geolocation.geolocation_city,vila dos cabanos,vila dos cabanos
geolocation.geolocation_city,vila flor,vila flor
geolocation.geolocation_city,vila flores,vila flores
geolocation.geolocation_city,vila langaro,vila langaro
geolocation.geolocation_city,vila lângaro,vila langaro
geolocation.geolocation_city,vila maria,vila maria
geolocation.geolocation_city,vila marques,vila marques
geolocation.geolocation_city,vila muriqui,vila muriqui
geolocation.geolocation_city,vila nelita,vila nelita
geolocation.geolocation_city,vila nova,vila nova
geolocation.geolocation_city,vila nova de campos,vila nova de campos
geolocation.geolocation_city,vila nova de minas,vila nova de minas
geolocation.geolocation_city,vila nova do piaui,vila nova do piaui
geolocation.geolocation_city,vila nova do sul,vila nova do sul
geolocation.geolocation_city,vila nova dos martirios,vila nova dos martirios
geolocation.geolocation_city,vila nova dos martírios,vila nova dos martirios
geolocation.geolocation_city,vila pavao,vila pavao
geolocation.geolocation_city,vila pavão,vila pavao
geolocation.geolocation_city,vila pereira,vila pereira
geolocation.geolocation_city,vila propicio,vila propicio
geolocation.geolocation_city,vila propício,vila propicio
geolocation.geolocation_city,vila reis,vila reis
geolocation.geolocation_city,vila rica,vila rica
geolocation.geolocation_city,vila sao francisco,vila sao francisco
geolocation.geolocation_city,vila valerio,vila valerio
geolocation.geolocation_city,vila valério,vila valerio
geolocation.geolocation_city,vila vargas,vila vargas
geolocation.geolocation_city,vila velha,vila velha
geolocation.geolocation_city,vila verde,vila verde
geolocation.geolocation_city,vilhena,vilhena
geolocation.geolocation_city,vinhatico,vinhatico
geolocation.geolocation_city,vinhedo,vinhedo
geolocation.geolocation_city,viradouro,viradouro
geolocation.geolocation_city,virgem da lapa,virgem da lapa
geolocation.geolocation_city,virginia,virginia
geolocation.geolocation_city,virginopolis,virginopolis
geolocation.geolocation_city,virginópolis,virginopolis
geolocation.geolocation_city,virgolandia,virgolandia
geolocation.geolocation_city,virgolândia,virgolandia
geolocation.geolocation_city,virgínia,virginia
geolocation.geolocation_city,virmond,virmond
geolocation.geolocation_city,visconde de imbe,visconde de imbe
geolocation.geolocation_city,visconde de maua,visconde de maua
geolocation.geolocation_city,visconde do rio branco,visconde do rio branco
geolocation.geolocation_city,viseu,viseu
geolocation.geolocation_city,vista alegre,vista alegre
geolocation.geolocation_city,vista alegre do abuna,vista alegre do abuna
geolocation.geolocation_city,vista alegre do alto,vista alegre do alto
geolocation.geolocation_city,vista alegre do prata,vista alegre do prata
geolocation.geolocation_city,vista gaucha,vista gaucha
geolocation.geolocation_city,vista gaúcha,vista gaucha
geolocation.geolocation_city,vista serrana,vista serrana
geolocation.geolocation_city,vitor meireles,vitor meireles
geolocation.geolocation_city,vitoria,vitoria
geolocation.geolocation_city,vitoria brasil,vitoria brasil
geolocation.geolocation_city,vitoria da conquista,vitoria da conquista
geolocation.geolocation_city,vitoria das missoes,vitoria das missoes
geolocation.geolocation_city,vitoria de santo antao,vitoria de santo antao
geolocation.geolocation_city,vitoria do jari,vitoria do jari
geolocation.geolocation_city,vitoria do mearim,vitoria do mearim
geolocation.geolocation_city,vitoria do xingu,vitoria do xingu
geolocation.geolocation_city,vitorino,vitorino
geolocation.geolocation_city,vitorino freire,vitorino freire
geolocation.geolocation_city,vitorinos,vitorinos
geolocation.geolocation_city,vitorinos - alto rio doce,vitorinos alto rio doce
geolocation.geolocation_city,vitória,vitoria
geolocation.geolocation_city,vitória brasil,vitoria brasil
geolocation.geolocation_city,vitória da conquista,vitoria da conquista
geolocation.geolocation_city,vitória das missões,vitoria das missoes
geolocation.geolocation_city,vitória de santo antão,vitoria de santo antao
geolocation.geolocation_city,vitória do jari,vitoria do jari
geolocation.geolocation_city,vitória do mearim,vitoria do mearim
geolocation.geolocation_city,vitória do xingu,vitoria do xingu
geolocation.geolocation_city,viçosa,vicosa
geolocation.geolocation_city,viçosa do ceará,vicosa do ceara
geolocation.geolocation_city,volta grande,volta grande
geolocation.geolocation_city,volta redonda,volta redonda
geolocation.geolocation_city,votorantim,votorantim
geolocation.geolocation_city,votuporanga,votuporanga
geolocation.geolocation_city,várzea,varzea
geolocation.geolocation_city,várzea alegre,varzea alegre
geolocation.geolocation_city,várzea branca,varzea branca
geolocation.geolocation_city,várzea da palma,varzea da palma
geolocation.geolocation_city,várzea da roça,varzea da roca
geolocation.geolocation_city,várzea do poço,varzea do poco
geolocation.geolocation_city,várzea grande,varzea grande
geolocation.geolocation_city,várzea nova,varzea nova
geolocation.geolocation_city,várzea paulista,varzea paulista
geolocation.geolocation_city,vítor meireles,vitor meireles
geolocation.geolocation_city,wagner,wagner
geolocation.geolocation_city,wall ferraz,wall ferraz
geolocation.geolocation_city,wanderlandia,wanderlandia
geolocation.geolocation_city,wanderley,wanderley
geolocation.geolocation_city,wanderlândia,wanderlandia
geolocation.geolocation_city,wenceslau braz,wenceslau braz
geolocation.geolocation_city,wenceslau guimaraes,wenceslau guimaraes
geolocation.geolocation_city,wenceslau guimarães,wenceslau guimaraes
geolocation.geolocation_city,werneck,werneck
geolocation.geolocation_city,westfalia,westfalia
geolocation.geolocation_city,westfália,westfalia
geolocation.geolocation_city,witmarsum,witmarsum
geolocation.geolocation_city,xambioa,xambioa
geolocation.geolocation_city,xambioá,xambioa
geolocation.geolocation_city,xambre,xambre
geolocation.geolocation_city,xambrê,xambre
geolocation.geolocation_city,xangri-la,xangri la
geolocation.geolocation_city,xangri-lá,xangri la
geolocation.geolocation_city,xangrila,xangrila
geolocation.geolocation_city,xanxere,xanxere
geolocation.geolocation_city,xanxerê,xanxere
geolocation.geolocation_city,xapuri,xapuri
geolocation.geolocation_city,xavantina,xavantina
geolocation.geolocation_city,xaxim,xaxim
geolocation.geolocation_city,xexeu,xexeu
geolocation.geolocation_city,xexéu,xexeu
geolocation.geolocation_city,xinguara,xinguara
geolocation.geolocation_city,xique-xique,xique xique
geolocation.geolocation_city,zabele,zabele
geolocation.geolocation_city,zacarias,zacarias
geolocation.geolocation_city,ze doca,ze doca
geolocation.geolocation_city,zortea,zortea
geolocation.geolocation_city,zortéa,zortea
geolocation.geolocation_city,zé doca,ze doca
geolocation.geolocation_city,´teresopolis,teresopolis
geolocation.geolocation_city,água boa,agua boa
geolocation.geolocation_city,água branca,agua branca
geolocation.geolocation_city,água clara,agua clara
geolocation.geolocation_city,água comprida,agua comprida
geolocation.geolocation_city,água doce,agua doce
geolocation.geolocation_city,água doce do maranhão,agua doce do maranhao
geolocation.geolocation_city,água doce do norte,agua doce do norte
geolocation.geolocation_city,água fria,agua fria
geolocation.geolocation_city,água fria de goiás,agua fria de goias
geolocation.geolocation_city,água preta,agua preta
geolocation.geolocation_city,águas belas,aguas belas
geolocation.geolocation_city,águas da prata,aguas da prata
geolocation.geolocation_city,águas de chapecó,aguas de chapeco
geolocation.geolocation_city,águas de lindóia,aguas de lindoia
geolocation.geolocation_city,águas de santa bárbara,aguas de santa barbara
geolocation.geolocation_city,águas de são pedro,aguas de sao pedro
geolocation.geolocation_city,águas formosas,aguas formosas
geolocation.geolocation_city,águas frias,aguas frias
geolocation.geolocation_city,águas lindas de goiás,aguas lindas de goias
geolocation.geolocation_city,águas vermelhas,aguas vermelhas
geolocation.geolocation_city,águia branca,aguia branca
geolocation.geolocation_city,álvares florence,alvares florence
geolocation.geolocation_city,álvares machado,alvares machado
geolocation.geolocation_city,álvaro de carvalho,alvaro de carvalho
geolocation.geolocation_city,áurea,aurea
geolocation.geolocation_city,ângulo,angulo
geolocation.geolocation_city,érico cardoso,erico cardoso
geolocation.geolocation_city,óbidos,obidos
geolocation.geolocation_city,óleo,oleo
geolocation.geolocation_state,AC,ac
geolocation.geolocation_state,AL,al
geolocation.geolocation_state,AM,am
geolocation.geolocation_state,AP,ap
geolocation.geolocation_state,BA,ba
geolocation.geolocation_state,CE,ce
geolocation.geolocation_state,DF,df
geolocation.geolocation_state,ES,es
geolocation.geolocation_state,GO,go
geolocation.geolocation_state,MA,ma
geolocation.geolocation_state,MG,mg
geolocation.geolocation_state,MS,ms
geolocation.geolocation_state,MT,mt
geolocation.geolocation_state,PA,pa
geolocation.geolocation_state,PB,pb
geolocation.geolocation_state,PE,pe
geolocation.geolocation_state,PI,pi
geolocation.geolocation_state,PR,pr
geolocation.geolocation_state,RJ,rj
geolocation.geolocation_state,RN,rn
geolocation.geolocation_state,RO,ro
geolocation.geolocation_state,RR,rr
geolocation.geolocation_state,RS,rs
geolocation.geolocation_state,SC,sc
geolocation.geolocation_state,SE,se
geolocation.geolocation_state,SP,sp
geolocation.geolocation_state,TO,to
sellers.seller_city,04482255,04482255
sellers.seller_city,abadia de goias,abadia de goias
sellers.seller_city,afonso claudio,afonso claudio
sellers.seller_city,aguas claras df,aguas claras df
sellers.seller_city,alambari,alambari
sellers.seller_city,alfenas,alfenas
sellers.seller_city,almirante tamandare,almirante tamandare
sellers.seller_city,alvares machado,alvares machado
sellers.seller_city,alvorada,alvorada
sellers.seller_city,americana,americana
sellers.seller_city,amparo,amparo
sellers.seller_city,ampere,ampere
sellers.seller_city,anapolis,anapolis
sellers.seller_city,andira-pr,andira pr
sellers.seller_city,andradas,andradas
sellers.seller_city,angra dos reis,angra dos reis
sellers.seller_city,angra dos reis rj,angra dos reis rj
sellers.seller_city,ao bernardo do campo,ao bernardo do campo
sellers.seller_city,aparecida,aparecida
sellers.seller_city,aparecida de goiania,aparecida de goiania
sellers.seller_city,aperibe,aperibe
sellers.seller_city,apucarana,apucarana
sellers.seller_city,aracaju,aracaju
sellers.seller_city,aracatuba,aracatuba
sellers.seller_city,araguari,araguari
sellers.seller_city,arapongas,arapongas
sellers.seller_city,araquari,araquari
sellers.seller_city,ararangua,ararangua
sellers.seller_city,araraquara,araraquara
sellers.seller_city,araras,araras
sellers.seller_city,araucaria,araucaria
sellers.seller_city,araxa,araxa
sellers.seller_city,arinos,arinos
sellers.seller_city,armacao dos buzios,armacao dos buzios
sellers.seller_city,arraial d'ajuda (porto seguro),arraial d ajuda porto seguro
sellers.seller_city,artur nogueira,artur nogueira
sellers.seller_city,aruja,aruja
sellers.seller_city,arvorezinha,arvorezinha
sellers.seller_city,assis,assis
sellers.seller_city,atibaia,atibaia
sellers.seller_city,auriflama,auriflama
sellers.seller_city,auriflama/sp,auriflama sp
sellers.seller_city,avare,avare
sellers.seller_city,bady bassitt,bady bassitt
sellers.seller_city,baependi,baependi
sellers.seller_city,bage,bage
sellers.seller_city,bahia,bahia
sellers.seller_city,balenario camboriu,balenario camboriu
sellers.seller_city,balneario camboriu,balneario camboriu
sellers.seller_city,bandeirantes,bandeirantes
sellers.seller_city,barbacena,barbacena
sellers.seller_city,barbacena/ minas gerais,barbacena minas gerais
sellers.seller_city,bariri,bariri
sellers.seller_city,barra mansa,barra mansa
sellers.seller_city,barra velha,barra velha
sellers.seller_city,barretos,barretos
sellers.seller_city,barrinha,barrinha
sellers.seller_city,barro alto,barro alto
sellers.seller_city,barueri,barueri
sellers.seller_city,batatais,batatais
sellers.seller_city,bauru,bauru
sellers.seller_city,bebedouro,bebedouro
sellers.seller_city,belford roxo,belford roxo
sellers.seller_city,belo horizont,belo horizont
sellers.seller_city,belo horizonte,belo horizonte
sellers.seller_city,bento goncalves,bento goncalves
sellers.seller_city,bertioga,bertioga
sellers.seller_city,betim,betim
sellers.seller_city,birigui,birigui
sellers.seller_city,blumenau,blumenau
sellers.seller_city,bocaiuva do sul,bocaiuva do sul
sellers.seller_city,bofete,bofete
sellers.seller_city,boituva,boituva
sellers.seller_city,bom jardim,bom jardim
sellers.seller_city,bom jesus dos perdoes,bom jesus dos perdoes
sellers.seller_city,bombinhas,bombinhas
sellers.seller_city,bonfinopolis de minas,bonfinopolis de minas
sellers.seller_city,borda da mata,borda da mata
sellers.seller_city,botucatu,botucatu
sellers.seller_city,braco do norte,braco do norte
sellers.seller_city,braganca paulista,braganca paulista
sellers.seller_city,brasilia,brasilia
sellers.seller_city,brasilia df,brasilia df
sellers.seller_city,brejao,brejao
sellers.seller_city,brotas,brotas
sellers.seller_city,brusque,brusque
sellers.seller_city,buritama,buritama
sellers.seller_city,cacador,cacador
sellers.seller_city,cachoeira do sul,cachoeira do sul
sellers.seller_city,cachoeirinha,cachoeirinha
sellers.seller_city,cachoeiro de itapemirim,cachoeiro de itapemirim
sellers.seller_city,cafelandia,cafelandia
sellers.seller_city,caieiras,caieiras
sellers.seller_city,cajamar,cajamar
sellers.seller_city,california,california
sellers.seller_city,camanducaia,camanducaia
sellers.seller_city,cambe,cambe
sellers.seller_city,camboriu,camboriu
sellers.seller_city,campanha,campanha
sellers.seller_city,campina das missoes,campina das missoes
sellers.seller_city,campina grande,campina grande
sellers.seller_city,campinas,campinas
sellers.seller_city,campo bom,campo bom
sellers.seller_city,campo do meio,campo do meio
sellers.seller_city,campo grande,campo grande
sellers.seller_city,campo largo,campo largo
sellers.seller_city,campo limpo paulista,campo limpo paulista
sellers.seller_city,campo magro,campo magro
sellers.seller_city,campo mourao,campo mourao
sellers.seller_city,campos dos goytacazes,campos dos goytacazes
sellers.seller_city,campos novos,campos novos
sellers.seller_city,cananeia,cananeia
sellers.seller_city,canoas,canoas
sellers.seller_city,canoinhas,canoinhas
sellers.seller_city,capivari,capivari
sellers.seller_city,carapicuiba,carapicuiba
sellers.seller_city,carapicuiba / sao paulo,carapicuiba sao paulo
sellers.seller_city,caratinga,caratinga
sellers.seller_city,carazinho,carazinho
sellers.seller_city,cariacica,cariacica
sellers.seller_city,cariacica / es,cariacica es
sellers.seller_city,carmo da mata,carmo da mata
sellers.seller_city,carmo do cajuru,carmo do cajuru
sellers.seller_city,caruaru,caruaru
sellers.seller_city,cascavael,cascavael
sellers.seller_city,cascavel,cascavel
sellers.seller_city,castro,castro
sellers.seller_city,castro pires,castro pires
sellers.seller_city,cataguases,cataguases
sellers.seller_city,catanduva,catanduva
sellers.seller_city,caucaia,caucaia
sellers.seller_city,caxias do sul,caxias do sul
sellers.seller_city,centro,centro
sellers.seller_city,cerqueira cesar,cerqueira cesar
sellers.seller_city,chapeco,chapeco
sellers.seller_city,cianorte,cianorte
sellers.seller_city,claudio,claudio
sellers.seller_city,clementina,clementina
sellers.seller_city,colatina,colatina
sellers.seller_city,colombo,colombo
sellers.seller_city,colorado,colorado
sellers.seller_city,conchal,conchal
sellers.seller_city,concordia,concordia
sellers.seller_city,condor,condor
sellers.seller_city,congonhal,congonhal
sellers.seller_city,congonhas,congonhas
sellers.seller_city,conselheiro lafaiete,conselheiro lafaiete
sellers.seller_city,contagem,contagem
sellers.seller_city,cordeiropolis,cordeiropolis
sellers.seller_city,cordilheira alta,cordilheira alta
sellers.seller_city,cornelio procopio,cornelio procopio
sellers.seller_city,coronel fabriciano,coronel fabriciano
sellers.seller_city,cosmopolis,cosmopolis
sellers.seller_city,cotia,cotia
sellers.seller_city,coxim,coxim
sellers.seller_city,cravinhos,cravinhos
sellers.seller_city,criciuma,criciuma
sellers.seller_city,cruzeiro,cruzeiro
sellers.seller_city,cuiaba,cuiaba
sellers.seller_city,curitiba,curitiba
sellers.seller_city,curitibanos,curitibanos
sellers.seller_city,descalvado,descalvado
sellers.seller_city,diadema,diadema
sellers.seller_city,divinopolis,divinopolis
sellers.seller_city,divisa nova,divisa nova
sellers.seller_city,dois corregos,dois corregos
sellers.seller_city,domingos martins,domingos martins
sellers.seller_city,dores de campos,dores de campos
sellers.seller_city,dracena,dracena
sellers.seller_city,duque de caxias,duque de caxias
sellers.seller_city,echapora,echapora
sellers.seller_city,embu das artes,embu das artes
sellers.seller_city,embu guacu,embu guacu
sellers.seller_city,engenheiro coelho,engenheiro coelho
sellers.seller_city,entre rios do oeste,entre rios do oeste
sellers.seller_city,erechim,erechim
sellers.seller_city,estancia velha,estancia velha
sellers.seller_city,eunapolis,eunapolis
sellers.seller_city,eusebio,eusebio
sellers.seller_city,extrema,extrema
sellers.seller_city,farroupilha,farroupilha
sellers.seller_city,fazenda rio grande,fazenda rio grande
sellers.seller_city,feira de santana,feira de santana
sellers.seller_city,fernando prestes,fernando prestes
sellers.seller_city,fernandopolis,fernandopolis
sellers.seller_city,ferraz de  vasconcelos,ferraz de vasconcelos
sellers.seller_city,ferraz de vasconcelos,ferraz de vasconcelos
sellers.seller_city,floranopolis,floranopolis
sellers.seller_city,flores da cunha,flores da cunha
sellers.seller_city,floresta,floresta
sellers.seller_city,florianopolis,florianopolis
sellers.seller_city,formiga,formiga
sellers.seller_city,formosa,formosa
sellers.seller_city,formosa do oeste,formosa do oeste
sellers.seller_city,fortaleza,fortaleza
sellers.seller_city,foz do iguacu,foz do iguacu
sellers.seller_city,franca,franca
sellers.seller_city,francisco beltrao,francisco beltrao
sellers.seller_city,francisco morato,francisco morato
sellers.seller_city,franco da rocha,franco da rocha
sellers.seller_city,fronteira,fronteira
sellers.seller_city,gama,gama
sellers.seller_city,garca,garca
sellers.seller_city,garopaba,garopaba
sellers.seller_city,garulhos,garulhos
sellers.seller_city,garuva,garuva
sellers.seller_city,gaspar,gaspar
sellers.seller_city,goiania,goiania
sellers.seller_city,goioere,goioere
sellers.seller_city,governador valadares,governador valadares
sellers.seller_city,guaimbe,guaimbe
sellers.seller_city,guaira,guaira
sellers.seller_city,guanambi,guanambi
sellers.seller_city,guanhaes,guanhaes
sellers.seller_city,guara,guara
sellers.seller_city,guarapuava,guarapuava
sellers.seller_city,guaratingueta,guaratingueta
sellers.seller_city,guaratuba,guaratuba
sellers.seller_city,guariba,guariba
sellers.seller_city,guaruja,guaruja
sellers.seller_city,guarulhos,guarulhos
sellers.seller_city,guiricema,guiricema
sellers.seller_city,holambra,holambra
sellers.seller_city,horizontina,horizontina
sellers.seller_city,hortolandia,hortolandia
sellers.seller_city,ibia,ibia
sellers.seller_city,ibirite,ibirite
sellers.seller_city,ibitinga,ibitinga
sellers.seller_city,icara,icara
sellers.seller_city,igaracu do tiete,igaracu do tiete
sellers.seller_city,igrejinha,igrejinha
sellers.seller_city,ilheus,ilheus
sellers.seller_city,ilicinea,ilicinea
sellers.seller_city,imbe,imbe
sellers.seller_city,imbituba,imbituba
sellers.seller_city,imbituva,imbituva
sellers.seller_city,imigrante,imigrante
sellers.seller_city,indaial,indaial
sellers.seller_city,indaiatuba,indaiatuba
sellers.seller_city,ipatinga,ipatinga
sellers.seller_city,ipaussu,ipaussu
sellers.seller_city,ipe,ipe
sellers.seller_city,ipira,ipira
sellers.seller_city,ipua,ipua
sellers.seller_city,irati,irati
sellers.seller_city,irece,irece
sellers.seller_city,itabira,itabira
sellers.seller_city,itaborai,itaborai
sellers.seller_city,itaipulandia,itaipulandia
sellers.seller_city,itajai,itajai
sellers.seller_city,itajobi,itajobi
sellers.seller_city,itapecerica da serra,itapecerica da serra
sellers.seller_city,itapema,itapema
sellers.seller_city,itapetininga,itapetininga
sellers.seller_city,itapeva,itapeva
sellers.seller_city,itapevi,itapevi
sellers.seller_city,itaporanga,itaporanga
sellers.seller_city,itapui,itapui
sellers.seller_city,itaquaquecetuba,itaquaquecetuba
sellers.seller_city,itatiba,itatiba
sellers.seller_city,itau de minas,itau de minas
sellers.seller_city,itauna,itauna
sellers.seller_city,itirapina,itirapina
sellers.seller_city,itu,itu
sellers.seller_city,ivoti,ivoti
sellers.seller_city,jaboticabal,jaboticabal
sellers.seller_city,jacarei,jacarei
sellers.seller_city,jacarei / sao paulo,jacarei sao paulo
sellers.seller_city,jaci,jaci
sellers.seller_city,jaciara,jaciara
sellers.seller_city,jacutinga,jacutinga
sellers.seller_city,jaguariuna,jaguariuna
sellers.seller_city,jaguaruna,jaguaruna
sellers.seller_city,jales,jales
sellers.seller_city,jambeiro,jambeiro
sellers.seller_city,janauba,janauba
sellers.seller_city,japira,japira
sellers.seller_city,jaragua,jaragua
sellers.seller_city,jaragua do sul,jaragua do sul
sellers.seller_city,jarinu,jarinu
sellers.seller_city,jau,jau
sellers.seller_city,ji parana,ji parana
sellers.seller_city,joao monlevade,joao monlevade
sellers.seller_city,joao pessoa,joao pessoa
sellers.seller_city,joao pinheiro,joao pinheiro
sellers.seller_city,joinville,joinville
sellers.seller_city,juiz de fora,juiz de fora
sellers.seller_city,jundiai,jundiai
sellers.seller_city,jussara,jussara
sellers.seller_city,juzeiro do norte,juzeiro do norte
sellers.seller_city,lages,lages
sellers.seller_city,lages - sc,lages sc
sellers.seller_city,lagoa da prata,lagoa da prata
sellers.seller_city,lagoa santa,lagoa santa
sellers.seller_city,laguna,laguna
sellers.seller_city,lajeado,lajeado
sellers.seller_city,lambari,lambari
sellers.seller_city,laranjal paulista,laranjal paulista
sellers.seller_city,laranjeiras do sul,laranjeiras do sul
sellers.seller_city,laurentino,laurentino
sellers.seller_city,lauro de freitas,lauro de freitas
sellers.seller_city,leme,leme
sellers.seller_city,lencois paulista,lencois paulista
sellers.seller_city,limeira,limeira
sellers.seller_city,loanda,loanda
sellers.seller_city,londrina,londrina
sellers.seller_city,lorena,lorena
sellers.seller_city,louveira,louveira
sellers.seller_city,luiz alves,luiz alves
sellers.seller_city,luziania,luziania
sellers.seller_city,macae,macae
sellers.seller_city,macatuba,macatuba
sellers.seller_city,mage,mage
sellers.seller_city,mairinque,mairinque
sellers.seller_city,mairipora,mairipora
sellers.seller_city,mamanguape,mamanguape
sellers.seller_city,manaus,manaus
sellers.seller_city,mandaguacu,mandaguacu
sellers.seller_city,mandaguari,mandaguari
sellers.seller_city,mandirituba,mandirituba
sellers.seller_city,marapoama,marapoama
sellers.seller_city,marechal candido rondon,marechal candido rondon
sellers.seller_city,marialva,marialva
sellers.seller_city,marica,marica
sellers.seller_city,marilia,marilia
sellers.seller_city,maringa,maringa
sellers.seller_city,massaranduba,massaranduba
sellers.seller_city,mateus leme,mateus leme
sellers.seller_city,maua,maua
sellers.seller_city,maua/sao paulo,maua sao paulo
sellers.seller_city,medianeira,medianeira
sellers.seller_city,mesquita,mesquita
sellers.seller_city,messias targino,messias targino
sellers.seller_city,miguelopolis,miguelopolis
sellers.seller_city,minas gerais,minas gerais
sellers.seller_city,mineiros do tiete,mineiros do tiete
sellers.seller_city,mirandopolis,mirandopolis
sellers.seller_city,mirassol,mirassol
sellers.seller_city,mococa,mococa
sellers.seller_city,mogi das cruses,mogi das cruses
sellers.seller_city,mogi das cruzes,mogi das cruzes
sellers.seller_city,mogi das cruzes / sp,mogi das cruzes sp
sellers.seller_city,mogi guacu,mogi guacu
sellers.seller_city,mogi mirim,mogi mirim
sellers.seller_city,mombuca,mombuca
sellers.seller_city,monte alegre do sul,monte alegre do sul
sellers.seller_city,monte alto,monte alto
sellers.seller_city,monte siao,monte siao
sellers.seller_city,monteiro lobato,monteiro lobato
sellers.seller_city,montenegro,montenegro
sellers.seller_city,montes claros,montes claros
sellers.seller_city,morrinhos,morrinhos
sellers.seller_city,mucambo,mucambo
sellers.seller_city,muqui,muqui
sellers.seller_city,muriae,muriae
sellers.seller_city,natal,natal
sellers.seller_city,navegantes,navegantes
sellers.seller_city,neopolis,neopolis
sellers.seller_city,nhandeara,nhandeara
sellers.seller_city,nilopolis,nilopolis
sellers.seller_city,niteroi,niteroi
sellers.seller_city,nova friburgo,nova friburgo
sellers.seller_city,nova iguacu,nova iguacu
sellers.seller_city,nova lima,nova lima
sellers.seller_city,nova odessa,nova odessa
sellers.seller_city,nova petropolis,nova petropolis
sellers.seller_city,nova trento,nova trento
sellers.seller_city,novo hamburgo,novo hamburgo
sellers.seller_city,"novo hamburgo, rio grande do sul, brasil",novo hamburgo rio grande do sul brasil
sellers.seller_city,novo horizonte,novo horizonte
sellers.seller_city,olimpia,olimpia
sellers.seller_city,oliveira,oliveira
sellers.seller_city,orlandia,orlandia
sellers.seller_city,orleans,orleans
sellers.seller_city,osasco,osasco
sellers.seller_city,osvaldo cruz,osvaldo cruz
sellers.seller_city,ourinhos,ourinhos
sellers.seller_city,ouro fino,ouro fino
sellers.seller_city,ouro preto,ouro preto
sellers.seller_city,pacatuba,pacatuba
sellers.seller_city,paincandu,paincandu
sellers.seller_city,palhoca,palhoca
sellers.seller_city,palotina,palotina
sellers.seller_city,paracambi,paracambi
sellers.seller_city,parai,parai
sellers.seller_city,paraiba do sul,paraiba do sul
sellers.seller_city,paraiso do sul,paraiso do sul
sellers.seller_city,parana,parana
sellers.seller_city,paranavai,paranavai
sellers.seller_city,parnamirim,parnamirim
sellers.seller_city,passos,passos
sellers.seller_city,pato bragado,pato bragado
sellers.seller_city,pato branco,pato branco
sellers.seller_city,patos de minas,patos de minas
sellers.seller_city,paulinia,paulinia
sellers.seller_city,paulo lopes,paulo lopes
sellers.seller_city,pederneiras,pederneiras
sellers.seller_city,pedregulho,pedregulho
sellers.seller_city,pedreira,pedreira
sellers.seller_city,pedrinhas paulista,pedrinhas paulista
sellers.seller_city,pedro leopoldo,pedro leopoldo
sellers.seller_city,pelotas,pelotas
sellers.seller_city,penapolis,penapolis
sellers.seller_city,petropolis,petropolis
sellers.seller_city,picarras,picarras
sellers.seller_city,pilar do sul,pilar do sul
sellers.seller_city,pinhais,pinhais
sellers.seller_city,pinhais/pr,pinhais pr
sellers.seller_city,pinhalao,pinhalao
sellers.seller_city,pinhalzinho,pinhalzinho
sellers.seller_city,piracanjuba,piracanjuba
sellers.seller_city,piracicaba,piracicaba
sellers.seller_city,pirassununga,pirassununga
sellers.seller_city,pirituba,pirituba
sellers.seller_city,pitanga,pitanga
sellers.seller_city,pitangueiras,pitangueiras
sellers.seller_city,poa,poa
sellers.seller_city,pocos de caldas,pocos de caldas
sellers.seller_city,pompeia,pompeia
sellers.seller_city,ponta grossa,ponta grossa
sellers.seller_city,ponte nova,ponte nova
sellers.seller_city,portao,portao
sellers.seller_city,porto alegre,porto alegre
sellers.seller_city,porto belo,porto belo
sellers.seller_city,porto ferreira,porto ferreira
sellers.seller_city,porto seguro,porto seguro
sellers.seller_city,porto velho,porto velho
sellers.seller_city,portoferreira,portoferreira
sellers.seller_city,pouso alegre,pouso alegre
sellers.seller_city,pradopolis,pradopolis
sellers.seller_city,prados,prados
sellers.seller_city,praia grande,praia grande
sellers.seller_city,presidente bernardes,presidente bernardes
sellers.seller_city,presidente epitacio,presidente epitacio
sellers.seller_city,presidente getulio,presidente getulio
sellers.seller_city,presidente prudente,presidente prudente
sellers.seller_city,queimados,queimados
sellers.seller_city,recife,recife
sellers.seller_city,registro,registro
sellers.seller_city,resende,resende
sellers.seller_city,ribeirao das neves,ribeirao das neves
sellers.seller_city,ribeirao pires,ribeirao pires
sellers.seller_city,ribeirao preto,ribeirao preto
sellers.seller_city,ribeirao preto / sao paulo,ribeirao preto sao paulo
sellers.seller_city,ribeirao pretp,ribeirao pretp
sellers.seller_city,riberao preto,riberao preto
sellers.seller_city,rio bonito,rio bonito
sellers.seller_city,rio branco,rio branco
sellers.seller_city,rio claro,rio claro
sellers.seller_city,rio das pedras,rio das pedras
sellers.seller_city,rio de janeiro,rio de janeiro
sellers.seller_city,rio de janeiro / rio de janeiro,rio de janeiro rio de janeiro
sellers.seller_city,rio de janeiro \rio de janeiro,rio de janeiro rio de janeiro
sellers.seller_city,"rio de janeiro, rio de janeiro, brasil",rio de janeiro rio de janeiro brasil
sellers.seller_city,rio do oeste,rio do oeste
sellers.seller_city,rio do sul,rio do sul
sellers.seller_city,rio grande,rio grande
sellers.seller_city,rio negrinho,rio negrinho
sellers.seller_city,rio verde,rio verde
sellers.seller_city,robeirao preto,robeirao preto
sellers.seller_city,rodeio,rodeio
sellers.seller_city,rolandia,rolandia
sellers.seller_city,rolante,rolante
sellers.seller_city,ronda alta,ronda alta
sellers.seller_city,s jose do rio preto,s jose do rio preto
sellers.seller_city,sabara,sabara
sellers.seller_city,salto,salto
sellers.seller_city,salvador,salvador
sellers.seller_city,sando andre,sando andre
sellers.seller_city,santa barbara d oeste,santa barbara d oeste
sellers.seller_city,santa barbara d'oeste,santa barbara d oeste
sellers.seller_city,santa barbara d´oeste,santa barbara d oeste
sellers.seller_city,santa catarina,santa catarina
sellers.seller_city,santa cecilia,santa cecilia
sellers.seller_city,santa cruz do sul,santa cruz do sul
sellers.seller_city,santa maria,santa maria
sellers.seller_city,santa maria da serra,santa maria da serra
sellers.seller_city,santa rita do sapucai,santa rita do sapucai
sellers.seller_city,santa rosa,santa rosa
sellers.seller_city,santa rosa de viterbo,santa rosa de viterbo
sellers.seller_city,santa terezinha de goias,santa terezinha de goias
sellers.seller_city,santa terezinha de itaipu,santa terezinha de itaipu
sellers.seller_city,santana de parnaiba,santana de parnaiba
sellers.seller_city,santo andre,santo andre
sellers.seller_city,santo andre/sao paulo,santo andre sao paulo
sellers.seller_city,santo angelo,santo angelo
sellers.seller_city,santo antonio da patrulha,santo antonio da patrulha
sellers.seller_city,santo antonio de padua,santo antonio de padua
sellers.seller_city,santo antonio de posse,santo antonio de posse
sellers.seller_city,santos,santos
sellers.seller_city,sao  jose dos pinhais,sao jose dos pinhais
sellers.seller_city,sao  paulo,sao paulo
sellers.seller_city,sao bento,sao bento
sellers.seller_city,sao bento do sul,sao bento do sul
sellers.seller_city,sao bernardo do campo,sao bernardo do campo
sellers.seller_city,sao bernardo do capo,sao bernardo do capo
sellers.seller_city,sao caetano do sul,sao caetano do sul
sellers.seller_city,sao carlos,sao carlos
sellers.seller_city,sao francisco do sul,sao francisco do sul
sellers.seller_city,sao goncalo,sao goncalo
sellers.seller_city,sao joao da boa vista,sao joao da boa vista
sellers.seller_city,sao joao de meriti,sao joao de meriti
sellers.seller_city,sao joao del rei,sao joao del rei
sellers.seller_city,sao joaquim da barra,sao joaquim da barra
sellers.seller_city,sao jose,sao jose
sellers.seller_city,sao jose do rio pardo,sao jose do rio pardo
sellers.seller_city,sao jose do rio pret,sao jose do rio pret
sellers.seller_city,sao jose do rio preto,sao jose do rio preto
sellers.seller_city,sao jose dos campos,sao jose dos campos
sellers.seller_city,sao jose dos pinhais,sao jose dos pinhais
sellers.seller_city,sao jose dos pinhas,sao jose dos pinhas
sellers.seller_city,sao leopoldo,sao leopoldo
sellers.seller_city,sao ludgero,sao ludgero
sellers.seller_city,sao luis,sao luis
sellers.seller_city,sao miguel d'oeste,sao miguel d oeste
sellers.seller_city,sao miguel do oeste,sao miguel do oeste
sellers.seller_city,sao paluo,sao paluo
sellers.seller_city,sao paulo,sao paulo
sellers.seller_city,sao paulo - sp,sao paulo sp
sellers.seller_city,sao paulo / sao paulo,sao paulo sao paulo
sellers.seller_city,sao paulo sp,sao paulo sp
sellers.seller_city,sao paulop,sao paulop
sellers.seller_city,sao pauo,sao pauo
sellers.seller_city,sao pedro,sao pedro
sellers.seller_city,sao pedro da aldeia,sao pedro da aldeia
sellers.seller_city,sao roque,sao roque
sellers.seller_city,sao sebastiao,sao sebastiao
sellers.seller_city,sao sebastiao da grama/sp,sao sebastiao da grama sp
sellers.seller_city,sao vicente,sao vicente
sellers.seller_city,sapiranga,sapiranga
sellers.seller_city,saquarema,saquarema
sellers.seller_city,sarandi,sarandi
sellers.seller_city,são paulo,sao paulo
sellers.seller_city,sbc,sbc
sellers.seller_city,sbc/sp,sbc sp
sellers.seller_city,scao jose do rio pardo,scao jose do rio pardo
sellers.seller_city,serra,serra
sellers.seller_city,serra negra,serra negra
sellers.seller_city,serra redonda,serra redonda
sellers.seller_city,serrana,serrana
sellers.seller_city,sertanopolis,sertanopolis
sellers.seller_city,sete lagoas,sete lagoas
sellers.seller_city,sinop,sinop
sellers.seller_city,socorro,socorro
sellers.seller_city,soledade,soledade
sellers.seller_city,sombrio,sombrio
sellers.seller_city,sorocaba,sorocaba
sellers.seller_city,sp,sp
sellers.seller_city,sp / sp,sp sp
sellers.seller_city,sumare,sumare
sellers.seller_city,suzano,suzano
sellers.seller_city,tabao da serra,tabao da serra
sellers.seller_city,tabatinga,tabatinga
sellers.seller_city,taboao da serra,taboao da serra
sellers.seller_city,taio,taio
sellers.seller_city,tambau,tambau
sellers.seller_city,tanabi,tanabi
sellers.seller_city,taruma,taruma
sellers.seller_city,tatui,tatui
sellers.seller_city,taubate,taubate
sellers.seller_city,teixeira soares,teixeira soares
sellers.seller_city,teresina,teresina
sellers.seller_city,teresopolis,teresopolis
sellers.seller_city,terra boa,terra boa
sellers.seller_city,tiete,tiete
sellers.seller_city,timbo,timbo
sellers.seller_city,timoteo,timoteo
sellers.seller_city,tiradentes,tiradentes
sellers.seller_city,tocantins,tocantins
sellers.seller_city,toledo,toledo
sellers.seller_city,torres,torres
sellers.seller_city,tres coracoes,tres coracoes
sellers.seller_city,tres coroas,tres coroas
sellers.seller_city,tres de maio,tres de maio
sellers.seller_city,tres rios,tres rios
sellers.seller_city,treze tilias,treze tilias
sellers.seller_city,triunfo,triunfo
sellers.seller_city,tubarao,tubarao
sellers.seller_city,tupa,tupa
sellers.seller_city,uba,uba
sellers.seller_city,ubatuba,ubatuba
sellers.seller_city,uberaba,uberaba
sellers.seller_city,uberlandia,uberlandia
sellers.seller_city,umuarama,umuarama
sellers.seller_city,uniao da vitoria,uniao da vitoria
sellers.seller_city,uruacu,uruacu
sellers.seller_city,uruguaiana,uruguaiana
sellers.seller_city,valinhos,valinhos
sellers.seller_city,vargem grande do sul,vargem grande do sul
sellers.seller_city,vargem grande paulista,vargem grande paulista
sellers.seller_city,varginha,varginha
sellers.seller_city,varzea alegre,varzea alegre
sellers.seller_city,varzea paulista,varzea paulista
sellers.seller_city,vassouras,vassouras
sellers.seller_city,venancio aires,venancio aires
sellers.seller_city,vendas@creditparts.com.br,vendas creditparts com br
sellers.seller_city,vera cruz,vera cruz
sellers.seller_city,vespasiano,vespasiano
sellers.seller_city,viamao,viamao
sellers.seller_city,viana,viana
sellers.seller_city,vicente de carvalho,vicente de carvalho
sellers.seller_city,vicosa,vicosa
sellers.seller_city,videira,videira
sellers.seller_city,vila velha,vila velha
sellers.seller_city,vitoria,vitoria
sellers.seller_city,vitoria de santo antao,vitoria de santo antao
sellers.seller_city,volta redonda,volta redonda
sellers.seller_city,votorantim,votorantim
sellers.seller_city,votuporanga,votuporanga
sellers.seller_city,xanxere,xanxere
sellers.seller_city,xaxim,xaxim
sellers.seller_state,AC,ac
sellers.seller_state,AM,am
sellers.seller_state,BA,ba
sellers.seller_state,CE,ce
sellers.seller_state,DF,df
sellers.seller_state,ES,es
sellers.seller_state,GO,go
sellers.seller_state,MA,ma
sellers.seller_state,MG,mg
sellers.seller_state,MS,ms
sellers.seller_state,MT,mt
sellers.seller_state,PA,pa
sellers.seller_state,PB,pb
sellers.seller_state,PE,pe
sellers.seller_state,PI,pi
sellers.seller_state,PR,pr
sellers.seller_state,RJ,rj
sellers.seller_state,RN,rn
sellers.seller_state,RO,ro
sellers.seller_state,RS,rs
sellers.seller_state,SC,sc
sellers.seller_state,SE,se
sellers.seller_state,SP,sp
